; generated by PrusaSlicer 2.7.4 on 2025-10-07 at 20:36:12 UTC

; 

; external perimeters extrusion width = 0.45mm
; perimeters extrusion width = 0.45mm
; infill extrusion width = 0.45mm
; solid infill extrusion width = 0.45mm
; top infill extrusion width = 0.40mm
; first layer extrusion width = 0.42mm

M190 S65 ; set bed temperature and wait for it to be reached
M104 S200 ; set temperature
;TYPE:Custom
G28 ; home all axes
G1 Z5 F5000 ; lift nozzle
M109 S200 ; set temperature and wait for it to be reached
G21 ; set units to millimeters
G90 ; use absolute coordinates
M82 ; use absolute distances for extrusion
G92 E0
; Filament gcode
M107
;LAYER_CHANGE
;Z:0.11
;HEIGHT:0.11
G1 E-2 F2400
G1 Z.11 F7800
G1 X85.142 Y85.839
G1 E0 F2400
;TYPE:Skirt/Brim
;WIDTH:0.42
G1 F1800
G1 X86.886 Y84.413 E.03267
G1 X90 Y83.604 E.07933
G1 X110 Y83.604 E.36938
G1 X112.218 Y84 E.40206
G1 X114.161 Y85.142 E.43475
G1 X115.587 Y86.886 E.46742
G1 X116.396 Y90 E.51408
G1 X116.396 Y110 E.80413
G1 X116 Y112.218 E.83681
G1 X114.858 Y114.161 E.8695
G1 X113.114 Y115.587 E.90217
G1 X110 Y116.396 E.94883
G1 X95 Y116.396 E1.16637
G1 X93.105 Y116.232 E1.19396
G1 X91.025 Y115.674 E1.22519
G1 X89.672 Y115.067 E1.2467
G1 X88.948 Y114.649 E1.25882
G1 X87.736 Y113.774 E1.2805
G1 X86.228 Y112.265 E1.31144
G1 X85.352 Y111.055 E1.3331
G1 X84.932 Y110.326 E1.3453
G1 X84.116 Y108.358 E1.3762
G1 X83.898 Y107.545 E1.38841
G1 X83.66 Y106.073 E1.41003
G1 X83.604 Y105 E1.42561
G1 X83.604 Y90 E1.64315
G1 X84 Y87.782 E1.67583
G1 X85.127 Y85.865 E1.70808
G1 E-.29192 F2400
G92 E0
G1 X85.127 Y85.865 F7800
G92 E0
G1 X90.232 Y90.232
G1 E2 F2400
;TYPE:External perimeter
;WIDTH:0.464752
G1 F1800
G1 X90.31 Y90.216 E2.00129
;WIDTH:0.432572
G1 X90.388 Y90.2 E2.00248
;WIDTH:0.400392
G1 X109.612 Y90.2 E2.26749
;WIDTH:0.432572
G1 X109.69 Y90.216 E2.26868
;WIDTH:0.464752
G1 X109.768 Y90.232 E2.26997
G1 X109.784 Y90.31 E2.27126
;WIDTH:0.432327
G1 X109.8 Y90.389 E2.27247
;WIDTH:0.399902
G1 X109.8 Y109.611 E2.5371
;WIDTH:0.432327
G1 X109.784 Y109.69 E2.53831
;WIDTH:0.464752
G1 X109.768 Y109.768 E2.5396
G1 X109.69 Y109.784 E2.54089
;WIDTH:0.432572
G1 X109.612 Y109.8 E2.54208
;WIDTH:0.400392
G1 X94.987 Y109.799 E2.74369
;WIDTH:0.399482
G1 X94.361 Y109.756 E2.75232
G1 X93.746 Y109.633 E2.76094
G1 X93.152 Y109.429 E2.76958
G1 X92.59 Y109.15 E2.77821
G1 X92.069 Y108.8 E2.78684
;WIDTH:0.39926
G1 X91.598 Y108.385 E2.79547
;WIDTH:0.399526
G1 X91.185 Y107.912 E2.80411
G1 X90.838 Y107.389 E2.81274
;WIDTH:0.399018
G1 X90.562 Y106.825 E2.82136
;WIDTH:0.398698
G1 X90.361 Y106.23 E2.82998
;WIDTH:0.399028
G1 X90.24 Y105.614 E2.8386
;WIDTH:0.399902
G1 X90.2 Y104.993 E2.84717
G1 X90.2 Y90.389 E3.04823
;WIDTH:0.432327
G1 X90.216 Y90.31 E3.04944
;WIDTH:0.464752
G1 X90.226 Y90.262 E3.05023
G1 X90.418 Y90.204 F7800
;LAYER_CHANGE
;Z:0.22
;HEIGHT:0.11
G1 Z.22 F7800
G1 X90.232 Y90.232
G92 E0
G1 F913
G1 X90.31 Y90.216 E.00129
;WIDTH:0.432572
G1 X90.388 Y90.2 E.00248
;WIDTH:0.400392
G1 X109.612 Y90.2 E.26749
;WIDTH:0.432571
G1 X109.69 Y90.216 E.26868
;WIDTH:0.46475
G1 X109.768 Y90.232 E.26997
G1 X109.784 Y90.31 E.27126
;WIDTH:0.432326
G1 X109.8 Y90.389 E.27247
;WIDTH:0.399902
G1 X109.8 Y109.611 E.5371
;WIDTH:0.432326
G1 X109.784 Y109.69 E.53831
;WIDTH:0.46475
G1 X109.768 Y109.768 E.5396
G1 X109.69 Y109.784 E.54089
;WIDTH:0.432571
G1 X109.612 Y109.8 E.54208
;WIDTH:0.400392
G1 X94.987 Y109.799 E.74369
;WIDTH:0.399526
G1 X94.361 Y109.756 E.75232
G1 X93.746 Y109.633 E.76095
G1 X93.152 Y109.429 E.76959
G1 X92.59 Y109.15 E.77822
G1 X92.069 Y108.8 E.78685
;WIDTH:0.399258
G1 X91.598 Y108.385 E.79548
;WIDTH:0.399526
G1 X91.185 Y107.912 E.80412
G1 X90.838 Y107.389 E.81275
;WIDTH:0.39902
G1 X90.562 Y106.825 E.82137
G1 X90.361 Y106.23 E.83
G1 X90.24 Y105.614 E.83862
;WIDTH:0.399902
G1 X90.2 Y104.993 E.84719
G1 X90.2 Y90.389 E1.04825
;WIDTH:0.432327
G1 X90.216 Y90.31 E1.04946
;WIDTH:0.464752
G1 X90.226 Y90.262 E1.05025
G1 X90.418 Y90.204 F7800
;LAYER_CHANGE
;Z:0.33
;HEIGHT:0.11
G1 Z.33 F7800
G1 X90.232 Y90.232
G92 E0
G1 F913
G1 X90.31 Y90.216 E.00129
;WIDTH:0.432572
G1 X90.388 Y90.2 E.00248
;WIDTH:0.400392
G1 X109.612 Y90.2 E.26749
;WIDTH:0.432571
G1 X109.69 Y90.216 E.26868
;WIDTH:0.46475
G1 X109.768 Y90.232 E.26997
G1 X109.784 Y90.31 E.27126
;WIDTH:0.432326
G1 X109.8 Y90.389 E.27247
;WIDTH:0.399902
G1 X109.8 Y109.611 E.5371
;WIDTH:0.432327
G1 X109.784 Y109.69 E.53831
;WIDTH:0.464752
G1 X109.768 Y109.768 E.5396
G1 X109.69 Y109.784 E.54089
;WIDTH:0.432572
G1 X109.612 Y109.8 E.54208
;WIDTH:0.400392
G1 X94.987 Y109.799 E.74369
;WIDTH:0.399526
G1 X94.361 Y109.756 E.75232
G1 X93.746 Y109.633 E.76095
G1 X93.152 Y109.429 E.76959
G1 X92.59 Y109.15 E.77822
G1 X92.069 Y108.8 E.78685
;WIDTH:0.39926
G1 X91.598 Y108.385 E.79548
;WIDTH:0.399526
G1 X91.185 Y107.912 E.80412
G1 X90.838 Y107.389 E.81275
;WIDTH:0.39902
G1 X90.562 Y106.825 E.82137
G1 X90.361 Y106.23 E.83
G1 X90.24 Y105.614 E.83862
;WIDTH:0.399902
G1 X90.2 Y104.993 E.84719
G1 X90.2 Y90.389 E1.04825
;WIDTH:0.432327
G1 X90.216 Y90.31 E1.04946
;WIDTH:0.464752
G1 X90.226 Y90.262 E1.05025
G1 X90.418 Y90.204 F7800
M106 S252.45
;LAYER_CHANGE
;Z:0.44
;HEIGHT:0.11
G1 Z.44 F7800
G1 X90.232 Y90.232
G92 E0
;WIDTH:0.46475
G1 F913
G1 X90.31 Y90.216 E.00129
;WIDTH:0.43257
G1 X90.388 Y90.2 E.00248
;WIDTH:0.40039
G1 X109.612 Y90.2 E.26748
;WIDTH:0.43257
G1 X109.69 Y90.216 E.26867
;WIDTH:0.46475
G1 X109.768 Y90.232 E.26996
G1 X109.784 Y90.31 E.27125
;WIDTH:0.432326
G1 X109.8 Y90.389 E.27246
;WIDTH:0.399902
G1 X109.8 Y109.611 E.53709
;WIDTH:0.432326
G1 X109.784 Y109.69 E.5383
;WIDTH:0.46475
G1 X109.768 Y109.768 E.53959
G1 X109.69 Y109.784 E.54088
;WIDTH:0.432571
G1 X109.612 Y109.8 E.54207
;WIDTH:0.400392
G1 X94.987 Y109.799 E.74368
;WIDTH:0.399526
G1 X94.361 Y109.756 E.75231
G1 X93.746 Y109.633 E.76094
G1 X93.152 Y109.429 E.76958
G1 X92.59 Y109.15 E.77821
G1 X92.069 Y108.8 E.78684
;WIDTH:0.399258
G1 X91.598 Y108.385 E.79547
;WIDTH:0.399524
G1 X91.185 Y107.912 E.80411
G1 X90.838 Y107.389 E.81274
;WIDTH:0.399018
G1 X90.562 Y106.825 E.82136
G1 X90.361 Y106.23 E.82999
G1 X90.24 Y105.614 E.83861
;WIDTH:0.399902
G1 X90.2 Y104.993 E.84718
G1 X90.2 Y90.389 E1.04824
;WIDTH:0.432326
G1 X90.216 Y90.31 E1.04945
;WIDTH:0.46475
G1 X90.226 Y90.262 E1.05024
G1 X90.418 Y90.204 F7800
;LAYER_CHANGE
;Z:0.55
;HEIGHT:0.11
G1 Z.55 F7800
G1 X90.232 Y90.232
G92 E0
;WIDTH:0.464752
G1 F913
G1 X90.31 Y90.216 E.00129
;WIDTH:0.432572
G1 X90.388 Y90.2 E.00248
;WIDTH:0.400392
G1 X109.612 Y90.2 E.26749
;WIDTH:0.432571
G1 X109.69 Y90.216 E.26868
;WIDTH:0.46475
G1 X109.768 Y90.232 E.26997
G1 X109.784 Y90.31 E.27126
;WIDTH:0.432326
G1 X109.8 Y90.389 E.27247
;WIDTH:0.399902
G1 X109.8 Y109.611 E.5371
;WIDTH:0.432326
G1 X109.784 Y109.69 E.53831
;WIDTH:0.46475
G1 X109.768 Y109.768 E.5396
G1 X109.69 Y109.784 E.54089
;WIDTH:0.432571
G1 X109.612 Y109.8 E.54208
;WIDTH:0.400392
G1 X94.987 Y109.799 E.74369
;WIDTH:0.399526
G1 X94.361 Y109.756 E.75232
G1 X93.746 Y109.633 E.76095
G1 X93.152 Y109.429 E.76959
G1 X92.59 Y109.15 E.77822
G1 X92.069 Y108.8 E.78685
;WIDTH:0.39926
G1 X91.598 Y108.385 E.79548
;WIDTH:0.399526
G1 X91.185 Y107.912 E.80412
G1 X90.838 Y107.389 E.81275
;WIDTH:0.399018
G1 X90.562 Y106.825 E.82137
G1 X90.361 Y106.23 E.83
G1 X90.24 Y105.614 E.83862
;WIDTH:0.399902
G1 X90.2 Y104.993 E.84719
G1 X90.2 Y90.389 E1.04825
;WIDTH:0.432327
G1 X90.216 Y90.31 E1.04946
;WIDTH:0.464752
G1 X90.226 Y90.262 E1.05025
G1 X90.418 Y90.204 F7800
;LAYER_CHANGE
;Z:0.66
;HEIGHT:0.11
G1 Z.66 F7800
G1 X90.232 Y90.232
G92 E0
G1 F913
G1 X90.31 Y90.216 E.00129
;WIDTH:0.432572
G1 X90.388 Y90.2 E.00248
;WIDTH:0.400392
G1 X109.612 Y90.2 E.26749
;WIDTH:0.432571
G1 X109.69 Y90.216 E.26868
;WIDTH:0.46475
G1 X109.768 Y90.232 E.26997
G1 X109.784 Y90.31 E.27126
;WIDTH:0.432326
G1 X109.8 Y90.389 E.27247
;WIDTH:0.399902
G1 X109.8 Y109.611 E.5371
;WIDTH:0.432326
G1 X109.784 Y109.69 E.53831
;WIDTH:0.46475
G1 X109.768 Y109.768 E.5396
G1 X109.69 Y109.784 E.54089
;WIDTH:0.432571
G1 X109.612 Y109.8 E.54208
;WIDTH:0.400392
G1 X94.987 Y109.799 E.74369
;WIDTH:0.399526
G1 X94.361 Y109.756 E.75232
G1 X93.746 Y109.633 E.76095
G1 X93.152 Y109.429 E.76959
G1 X92.59 Y109.15 E.77822
G1 X92.069 Y108.8 E.78685
;WIDTH:0.39926
G1 X91.598 Y108.385 E.79548
;WIDTH:0.399524
G1 X91.185 Y107.912 E.80412
G1 X90.838 Y107.389 E.81275
;WIDTH:0.39902
G1 X90.562 Y106.825 E.82137
G1 X90.361 Y106.23 E.83
G1 X90.24 Y105.614 E.83862
;WIDTH:0.399902
G1 X90.2 Y104.993 E.84719
G1 X90.2 Y90.389 E1.04825
;WIDTH:0.432327
G1 X90.216 Y90.31 E1.04946
;WIDTH:0.464752
G1 X90.226 Y90.262 E1.05025
G1 X90.418 Y90.204 F7800
;LAYER_CHANGE
;Z:0.77
;HEIGHT:0.11
G1 Z.77 F7800
G1 X90.232 Y90.232
G92 E0
G1 F913
G1 X90.31 Y90.216 E.00129
;WIDTH:0.432572
G1 X90.388 Y90.2 E.00248
;WIDTH:0.400392
G1 X109.612 Y90.2 E.26749
;WIDTH:0.432571
G1 X109.69 Y90.216 E.26868
;WIDTH:0.46475
G1 X109.768 Y90.232 E.26997
G1 X109.784 Y90.31 E.27126
;WIDTH:0.432326
G1 X109.8 Y90.389 E.27247
;WIDTH:0.399902
G1 X109.8 Y109.611 E.5371
;WIDTH:0.432326
G1 X109.784 Y109.69 E.53831
;WIDTH:0.46475
G1 X109.768 Y109.768 E.5396
G1 X109.69 Y109.784 E.54089
;WIDTH:0.432571
G1 X109.612 Y109.8 E.54208
;WIDTH:0.400392
G1 X94.987 Y109.799 E.74369
;WIDTH:0.399526
G1 X94.361 Y109.756 E.75232
G1 X93.746 Y109.633 E.76095
G1 X93.152 Y109.429 E.76959
G1 X92.59 Y109.15 E.77822
G1 X92.069 Y108.8 E.78685
;WIDTH:0.39926
G1 X91.598 Y108.385 E.79548
;WIDTH:0.399526
G1 X91.185 Y107.912 E.80412
G1 X90.838 Y107.389 E.81275
;WIDTH:0.399018
G1 X90.562 Y106.825 E.82137
G1 X90.361 Y106.23 E.83
G1 X90.24 Y105.614 E.83862
;WIDTH:0.399902
G1 X90.2 Y104.993 E.84719
G1 X90.2 Y90.389 E1.04825
;WIDTH:0.432327
G1 X90.216 Y90.31 E1.04946
;WIDTH:0.464752
G1 X90.226 Y90.262 E1.05025
G1 X90.418 Y90.204 F7800
;LAYER_CHANGE
;Z:0.88
;HEIGHT:0.11
G1 Z.88 F7800
G1 X90.232 Y90.232
G92 E0
G1 F913
G1 X90.31 Y90.216 E.00129
;WIDTH:0.432572
G1 X90.388 Y90.2 E.00248
;WIDTH:0.400392
G1 X109.612 Y90.2 E.26749
;WIDTH:0.432571
G1 X109.69 Y90.216 E.26868
;WIDTH:0.46475
G1 X109.768 Y90.232 E.26997
G1 X109.784 Y90.31 E.27126
;WIDTH:0.432326
G1 X109.8 Y90.389 E.27247
;WIDTH:0.399902
G1 X109.8 Y109.611 E.5371
;WIDTH:0.432326
G1 X109.784 Y109.69 E.53831
;WIDTH:0.46475
G1 X109.768 Y109.768 E.5396
G1 X109.69 Y109.784 E.54089
;WIDTH:0.432571
G1 X109.612 Y109.8 E.54208
;WIDTH:0.400392
G1 X94.987 Y109.799 E.74369
;WIDTH:0.399526
G1 X94.361 Y109.756 E.75232
G1 X93.746 Y109.633 E.76095
G1 X93.152 Y109.429 E.76959
G1 X92.59 Y109.15 E.77822
G1 X92.069 Y108.8 E.78685
;WIDTH:0.39926
G1 X91.598 Y108.385 E.79548
;WIDTH:0.399526
G1 X91.185 Y107.912 E.80412
G1 X90.838 Y107.389 E.81275
;WIDTH:0.399018
G1 X90.562 Y106.825 E.82137
G1 X90.361 Y106.23 E.83
G1 X90.24 Y105.614 E.83862
;WIDTH:0.399902
G1 X90.2 Y104.993 E.84719
G1 X90.2 Y90.389 E1.04825
;WIDTH:0.432327
G1 X90.216 Y90.31 E1.04946
;WIDTH:0.464752
G1 X90.226 Y90.262 E1.05025
G1 X90.418 Y90.204 F7800
;LAYER_CHANGE
;Z:0.99
;HEIGHT:0.11
G1 Z.99 F7800
G1 X90.232 Y90.232
G92 E0
G1 F913
G1 X90.31 Y90.216 E.00129
;WIDTH:0.432572
G1 X90.388 Y90.2 E.00248
;WIDTH:0.400392
G1 X109.612 Y90.2 E.26749
;WIDTH:0.432571
G1 X109.69 Y90.216 E.26868
;WIDTH:0.46475
G1 X109.768 Y90.232 E.26997
G1 X109.784 Y90.31 E.27126
;WIDTH:0.432326
G1 X109.8 Y90.389 E.27247
;WIDTH:0.399902
G1 X109.8 Y109.611 E.5371
;WIDTH:0.432327
G1 X109.784 Y109.69 E.53831
;WIDTH:0.464752
G1 X109.768 Y109.768 E.5396
G1 X109.69 Y109.784 E.54089
;WIDTH:0.432572
G1 X109.612 Y109.8 E.54208
;WIDTH:0.400392
G1 X94.987 Y109.799 E.74369
;WIDTH:0.399526
G1 X94.361 Y109.756 E.75232
G1 X93.746 Y109.633 E.76095
G1 X93.152 Y109.429 E.76959
G1 X92.59 Y109.15 E.77822
G1 X92.069 Y108.8 E.78685
;WIDTH:0.39926
G1 X91.598 Y108.385 E.79548
;WIDTH:0.399526
G1 X91.185 Y107.912 E.80412
G1 X90.838 Y107.389 E.81275
;WIDTH:0.399018
G1 X90.562 Y106.825 E.82137
G1 X90.361 Y106.23 E.83
G1 X90.24 Y105.614 E.83862
;WIDTH:0.399902
G1 X90.2 Y104.993 E.84719
G1 X90.2 Y90.389 E1.04825
;WIDTH:0.432327
G1 X90.216 Y90.31 E1.04946
;WIDTH:0.464752
G1 X90.226 Y90.262 E1.05025
G1 X90.418 Y90.204 F7800
;LAYER_CHANGE
;Z:1.1
;HEIGHT:0.11
G1 Z1.1 F7800
G1 X90.232 Y90.232
G92 E0
;WIDTH:0.464748
G1 F913
G1 X90.31 Y90.216 E.00129
;WIDTH:0.432569
G1 X90.388 Y90.2 E.00248
;WIDTH:0.40039
G1 X109.612 Y90.2 E.26748
;WIDTH:0.43257
G1 X109.69 Y90.216 E.26867
;WIDTH:0.46475
G1 X109.768 Y90.232 E.26996
G1 X109.784 Y90.31 E.27125
;WIDTH:0.432326
G1 X109.8 Y90.389 E.27246
;WIDTH:0.399902
G1 X109.8 Y109.611 E.53709
;WIDTH:0.432326
G1 X109.784 Y109.69 E.5383
;WIDTH:0.46475
G1 X109.768 Y109.768 E.53959
G1 X109.69 Y109.784 E.54088
;WIDTH:0.432571
G1 X109.612 Y109.8 E.54207
;WIDTH:0.400392
G1 X94.987 Y109.799 E.74368
;WIDTH:0.399526
G1 X94.361 Y109.756 E.75231
G1 X93.746 Y109.633 E.76094
G1 X93.152 Y109.429 E.76958
G1 X92.59 Y109.15 E.77821
G1 X92.069 Y108.8 E.78684
;WIDTH:0.39926
G1 X91.598 Y108.385 E.79547
;WIDTH:0.399524
G1 X91.185 Y107.912 E.80411
G1 X90.838 Y107.389 E.81274
;WIDTH:0.399018
G1 X90.562 Y106.825 E.82136
G1 X90.361 Y106.23 E.82999
G1 X90.24 Y105.614 E.83861
;WIDTH:0.399902
G1 X90.2 Y104.993 E.84718
G1 X90.2 Y90.389 E1.04824
;WIDTH:0.432325
G1 X90.216 Y90.31 E1.04945
;WIDTH:0.464748
G1 X90.226 Y90.262 E1.05024
G1 X90.418 Y90.204 F7800
;LAYER_CHANGE
;Z:1.21
;HEIGHT:0.11
G1 Z1.21 F7800
G1 X90.232 Y90.232
G92 E0
;WIDTH:0.46475
G1 F913
G1 X90.31 Y90.216 E.00129
;WIDTH:0.432571
G1 X90.388 Y90.2 E.00248
;WIDTH:0.400392
G1 X109.612 Y90.2 E.26749
;WIDTH:0.432571
G1 X109.69 Y90.216 E.26868
;WIDTH:0.46475
G1 X109.768 Y90.232 E.26997
G1 X109.784 Y90.31 E.27126
;WIDTH:0.432326
G1 X109.8 Y90.389 E.27247
;WIDTH:0.399902
G1 X109.8 Y109.611 E.5371
;WIDTH:0.432326
G1 X109.784 Y109.69 E.53831
;WIDTH:0.46475
G1 X109.768 Y109.768 E.5396
G1 X109.69 Y109.784 E.54089
;WIDTH:0.432571
G1 X109.612 Y109.8 E.54208
;WIDTH:0.400392
G1 X94.987 Y109.799 E.74369
;WIDTH:0.399526
G1 X94.361 Y109.756 E.75232
G1 X93.746 Y109.633 E.76095
G1 X93.152 Y109.429 E.76959
G1 X92.59 Y109.15 E.77822
G1 X92.069 Y108.8 E.78685
;WIDTH:0.39926
G1 X91.598 Y108.385 E.79548
;WIDTH:0.399526
G1 X91.185 Y107.912 E.80412
G1 X90.838 Y107.389 E.81275
;WIDTH:0.399018
G1 X90.562 Y106.825 E.82137
G1 X90.361 Y106.23 E.83
G1 X90.24 Y105.614 E.83862
;WIDTH:0.399902
G1 X90.2 Y104.993 E.84719
G1 X90.2 Y90.389 E1.04825
;WIDTH:0.432326
G1 X90.216 Y90.31 E1.04946
;WIDTH:0.46475
G1 X90.226 Y90.262 E1.05025
G1 X90.418 Y90.204 F7800
;LAYER_CHANGE
;Z:1.32
;HEIGHT:0.11
G1 Z1.32 F7800
G1 X90.232 Y90.232
G92 E0
G1 F913
G1 X90.31 Y90.216 E.00129
;WIDTH:0.432571
G1 X90.388 Y90.2 E.00248
;WIDTH:0.400392
G1 X109.612 Y90.2 E.26749
;WIDTH:0.432571
G1 X109.69 Y90.216 E.26868
;WIDTH:0.46475
G1 X109.768 Y90.232 E.26997
G1 X109.784 Y90.31 E.27126
;WIDTH:0.432326
G1 X109.8 Y90.389 E.27247
;WIDTH:0.399902
G1 X109.8 Y109.611 E.5371
;WIDTH:0.432326
G1 X109.784 Y109.69 E.53831
;WIDTH:0.46475
G1 X109.768 Y109.768 E.5396
G1 X109.69 Y109.784 E.54089
;WIDTH:0.432571
G1 X109.612 Y109.8 E.54208
;WIDTH:0.400392
G1 X94.987 Y109.799 E.74369
;WIDTH:0.399526
G1 X94.361 Y109.756 E.75232
G1 X93.746 Y109.633 E.76095
G1 X93.152 Y109.429 E.76959
G1 X92.59 Y109.15 E.77822
G1 X92.069 Y108.8 E.78685
;WIDTH:0.399258
G1 X91.598 Y108.385 E.79548
;WIDTH:0.399524
G1 X91.185 Y107.912 E.80412
G1 X90.838 Y107.389 E.81275
;WIDTH:0.399018
G1 X90.562 Y106.825 E.82137
G1 X90.361 Y106.23 E.83
G1 X90.24 Y105.614 E.83862
;WIDTH:0.399902
G1 X90.2 Y104.993 E.84719
G1 X90.2 Y90.389 E1.04825
;WIDTH:0.432326
G1 X90.216 Y90.31 E1.04946
;WIDTH:0.46475
G1 X90.226 Y90.262 E1.05025
G1 X90.418 Y90.204 F7800
;LAYER_CHANGE
;Z:1.43
;HEIGHT:0.11
G1 Z1.43 F7800
G1 X90.232 Y90.232
G92 E0
;WIDTH:0.464752
G1 F913
G1 X90.31 Y90.216 E.00129
;WIDTH:0.432572
G1 X90.388 Y90.2 E.00248
;WIDTH:0.400392
G1 X109.612 Y90.2 E.26749
;WIDTH:0.432572
G1 X109.69 Y90.216 E.26868
;WIDTH:0.464752
G1 X109.768 Y90.232 E.26997
G1 X109.784 Y90.31 E.27126
;WIDTH:0.432327
G1 X109.8 Y90.389 E.27247
;WIDTH:0.399902
G1 X109.8 Y109.611 E.5371
;WIDTH:0.432327
G1 X109.784 Y109.69 E.53831
;WIDTH:0.464752
G1 X109.768 Y109.768 E.5396
G1 X109.69 Y109.784 E.54089
;WIDTH:0.432572
G1 X109.612 Y109.8 E.54208
;WIDTH:0.400392
G1 X94.987 Y109.799 E.74369
;WIDTH:0.399526
G1 X94.361 Y109.756 E.75232
G1 X93.746 Y109.633 E.76095
G1 X93.152 Y109.429 E.76959
G1 X92.59 Y109.15 E.77822
G1 X92.069 Y108.8 E.78685
;WIDTH:0.39926
G1 X91.598 Y108.385 E.79548
;WIDTH:0.399526
G1 X91.185 Y107.912 E.80412
G1 X90.838 Y107.389 E.81275
;WIDTH:0.399018
G1 X90.562 Y106.825 E.82137
G1 X90.361 Y106.23 E.83
G1 X90.24 Y105.614 E.83862
;WIDTH:0.399902
G1 X90.2 Y104.993 E.84719
G1 X90.2 Y90.389 E1.04825
;WIDTH:0.432327
G1 X90.216 Y90.31 E1.04946
;WIDTH:0.464752
G1 X90.226 Y90.262 E1.05025
G1 X90.418 Y90.204 F7800
;LAYER_CHANGE
;Z:1.54
;HEIGHT:0.11
G1 Z1.54 F7800
G1 X90.232 Y90.232
G92 E0
G1 F913
G1 X90.31 Y90.216 E.00129
;WIDTH:0.432572
G1 X90.388 Y90.2 E.00248
;WIDTH:0.400392
G1 X109.612 Y90.2 E.26749
;WIDTH:0.432572
G1 X109.69 Y90.216 E.26868
;WIDTH:0.464752
G1 X109.768 Y90.232 E.26997
G1 X109.784 Y90.31 E.27126
;WIDTH:0.432327
G1 X109.8 Y90.389 E.27247
;WIDTH:0.399902
G1 X109.8 Y109.611 E.5371
;WIDTH:0.432327
G1 X109.784 Y109.69 E.53831
;WIDTH:0.464752
G1 X109.768 Y109.768 E.5396
G1 X109.69 Y109.784 E.54089
;WIDTH:0.432572
G1 X109.612 Y109.8 E.54208
;WIDTH:0.400392
G1 X94.987 Y109.799 E.74369
;WIDTH:0.399526
G1 X94.361 Y109.756 E.75232
G1 X93.746 Y109.633 E.76095
G1 X93.152 Y109.429 E.76959
G1 X92.59 Y109.15 E.77822
G1 X92.069 Y108.8 E.78685
;WIDTH:0.39926
G1 X91.598 Y108.385 E.79548
;WIDTH:0.399526
G1 X91.185 Y107.912 E.80412
G1 X90.838 Y107.389 E.81275
;WIDTH:0.39902
G1 X90.562 Y106.825 E.82137
G1 X90.361 Y106.23 E.83
G1 X90.24 Y105.614 E.83862
;WIDTH:0.399902
G1 X90.2 Y104.993 E.84719
G1 X90.2 Y90.389 E1.04825
;WIDTH:0.432327
G1 X90.216 Y90.31 E1.04946
;WIDTH:0.464752
G1 X90.226 Y90.262 E1.05025
G1 X90.418 Y90.204 F7800
;LAYER_CHANGE
;Z:1.65
;HEIGHT:0.11
G1 Z1.65 F7800
G1 X90.232 Y90.232
G92 E0
G1 F913
G1 X90.31 Y90.216 E.00129
;WIDTH:0.432572
G1 X90.388 Y90.2 E.00248
;WIDTH:0.400392
G1 X109.612 Y90.2 E.26749
;WIDTH:0.432572
G1 X109.69 Y90.216 E.26868
;WIDTH:0.464752
G1 X109.768 Y90.232 E.26997
G1 X109.784 Y90.31 E.27126
;WIDTH:0.432327
G1 X109.8 Y90.389 E.27247
;WIDTH:0.399902
G1 X109.8 Y109.611 E.5371
;WIDTH:0.432327
G1 X109.784 Y109.69 E.53831
;WIDTH:0.464752
G1 X109.768 Y109.768 E.5396
G1 X109.69 Y109.784 E.54089
;WIDTH:0.432572
G1 X109.612 Y109.8 E.54208
;WIDTH:0.400392
G1 X94.987 Y109.799 E.74369
;WIDTH:0.399526
G1 X94.361 Y109.756 E.75232
G1 X93.746 Y109.633 E.76095
G1 X93.152 Y109.429 E.76959
G1 X92.59 Y109.15 E.77822
G1 X92.069 Y108.8 E.78685
;WIDTH:0.399258
G1 X91.598 Y108.385 E.79548
;WIDTH:0.399526
G1 X91.185 Y107.912 E.80412
G1 X90.838 Y107.389 E.81275
;WIDTH:0.399018
G1 X90.562 Y106.825 E.82137
G1 X90.361 Y106.23 E.83
G1 X90.24 Y105.614 E.83862
;WIDTH:0.399902
G1 X90.2 Y104.993 E.84719
G1 X90.2 Y90.389 E1.04825
;WIDTH:0.432327
G1 X90.216 Y90.31 E1.04946
;WIDTH:0.464752
G1 X90.226 Y90.262 E1.05025
G1 X90.418 Y90.204 F7800
;LAYER_CHANGE
;Z:1.76
;HEIGHT:0.11
G1 Z1.76 F7800
G1 X90.232 Y90.232
G92 E0
G1 F913
G1 X90.31 Y90.216 E.00129
;WIDTH:0.432572
G1 X90.388 Y90.2 E.00248
;WIDTH:0.400392
G1 X109.612 Y90.2 E.26749
;WIDTH:0.432571
G1 X109.69 Y90.216 E.26868
;WIDTH:0.46475
G1 X109.768 Y90.232 E.26997
G1 X109.784 Y90.31 E.27126
;WIDTH:0.432326
G1 X109.8 Y90.389 E.27247
;WIDTH:0.399902
G1 X109.8 Y109.611 E.5371
;WIDTH:0.432326
G1 X109.784 Y109.69 E.53831
;WIDTH:0.46475
G1 X109.768 Y109.768 E.5396
G1 X109.69 Y109.784 E.54089
;WIDTH:0.432571
G1 X109.612 Y109.8 E.54208
;WIDTH:0.400392
G1 X94.987 Y109.799 E.74369
;WIDTH:0.399526
G1 X94.361 Y109.756 E.75232
G1 X93.746 Y109.633 E.76095
G1 X93.152 Y109.429 E.76959
G1 X92.59 Y109.15 E.77822
G1 X92.069 Y108.8 E.78685
;WIDTH:0.39926
G1 X91.598 Y108.385 E.79548
;WIDTH:0.399524
G1 X91.185 Y107.912 E.80412
G1 X90.838 Y107.389 E.81275
;WIDTH:0.39902
G1 X90.562 Y106.825 E.82137
G1 X90.361 Y106.23 E.83
G1 X90.24 Y105.614 E.83862
;WIDTH:0.399902
G1 X90.2 Y104.993 E.84719
G1 X90.2 Y90.389 E1.04825
;WIDTH:0.432327
G1 X90.216 Y90.31 E1.04946
;WIDTH:0.464752
G1 X90.226 Y90.262 E1.05025
G1 X90.418 Y90.204 F7800
;LAYER_CHANGE
;Z:1.87
;HEIGHT:0.11
G1 Z1.87 F7800
G1 X90.232 Y90.232
G92 E0
;WIDTH:0.46475
G1 F913
G1 X90.31 Y90.216 E.00129
;WIDTH:0.43257
G1 X90.388 Y90.2 E.00248
;WIDTH:0.40039
G1 X109.612 Y90.2 E.26748
;WIDTH:0.43257
G1 X109.69 Y90.216 E.26867
;WIDTH:0.46475
G1 X109.768 Y90.232 E.26996
G1 X109.784 Y90.31 E.27125
;WIDTH:0.432326
G1 X109.8 Y90.389 E.27246
;WIDTH:0.399902
G1 X109.8 Y109.611 E.53709
;WIDTH:0.432326
G1 X109.784 Y109.69 E.5383
;WIDTH:0.46475
G1 X109.768 Y109.768 E.53959
G1 X109.69 Y109.784 E.54088
;WIDTH:0.432571
G1 X109.612 Y109.8 E.54207
;WIDTH:0.400392
G1 X94.987 Y109.799 E.74368
;WIDTH:0.399526
G1 X94.361 Y109.756 E.75231
G1 X93.746 Y109.633 E.76094
G1 X93.152 Y109.429 E.76958
G1 X92.59 Y109.15 E.77821
G1 X92.069 Y108.8 E.78684
;WIDTH:0.39926
G1 X91.598 Y108.385 E.79547
;WIDTH:0.399524
G1 X91.185 Y107.912 E.80411
G1 X90.838 Y107.389 E.81274
;WIDTH:0.399018
G1 X90.562 Y106.825 E.82136
G1 X90.361 Y106.23 E.82999
G1 X90.24 Y105.614 E.83861
;WIDTH:0.399902
G1 X90.2 Y104.993 E.84718
G1 X90.2 Y90.389 E1.04824
;WIDTH:0.432326
G1 X90.216 Y90.31 E1.04945
;WIDTH:0.46475
G1 X90.226 Y90.262 E1.05024
G1 X90.418 Y90.204 F7800
;LAYER_CHANGE
;Z:1.98
;HEIGHT:0.11
G1 Z1.98 F7800
G1 X90.232 Y90.232
G92 E0
;WIDTH:0.464752
G1 F913
G1 X90.31 Y90.216 E.00129
;WIDTH:0.432572
G1 X90.388 Y90.2 E.00248
;WIDTH:0.400392
G1 X109.612 Y90.2 E.26749
;WIDTH:0.432571
G1 X109.69 Y90.216 E.26868
;WIDTH:0.46475
G1 X109.768 Y90.232 E.26997
G1 X109.784 Y90.31 E.27126
;WIDTH:0.432326
G1 X109.8 Y90.389 E.27247
;WIDTH:0.399902
G1 X109.8 Y109.611 E.5371
;WIDTH:0.432326
G1 X109.784 Y109.69 E.53831
;WIDTH:0.46475
G1 X109.768 Y109.768 E.5396
G1 X109.69 Y109.784 E.54089
;WIDTH:0.432571
G1 X109.612 Y109.8 E.54208
;WIDTH:0.400392
G1 X94.987 Y109.799 E.74369
;WIDTH:0.399526
G1 X94.361 Y109.756 E.75232
G1 X93.746 Y109.633 E.76095
G1 X93.152 Y109.429 E.76959
G1 X92.59 Y109.15 E.77822
G1 X92.069 Y108.8 E.78685
;WIDTH:0.39926
G1 X91.598 Y108.385 E.79548
;WIDTH:0.399524
G1 X91.185 Y107.912 E.80412
G1 X90.838 Y107.389 E.81275
;WIDTH:0.399018
G1 X90.562 Y106.825 E.82137
G1 X90.361 Y106.23 E.83
G1 X90.24 Y105.614 E.83862
;WIDTH:0.399902
G1 X90.2 Y104.993 E.84719
G1 X90.2 Y90.389 E1.04825
;WIDTH:0.432327
G1 X90.216 Y90.31 E1.04946
;WIDTH:0.464752
G1 X90.226 Y90.262 E1.05025
G1 X90.418 Y90.204 F7800
;LAYER_CHANGE
;Z:2.09
;HEIGHT:0.11
G1 Z2.09 F7800
G1 X90.232 Y90.232
G92 E0
G1 F913
G1 X90.31 Y90.216 E.00129
;WIDTH:0.432572
G1 X90.388 Y90.2 E.00248
;WIDTH:0.400392
G1 X109.612 Y90.2 E.26749
;WIDTH:0.432571
G1 X109.69 Y90.216 E.26868
;WIDTH:0.46475
G1 X109.768 Y90.232 E.26997
G1 X109.784 Y90.31 E.27126
;WIDTH:0.432326
G1 X109.8 Y90.389 E.27247
;WIDTH:0.399902
G1 X109.8 Y109.611 E.5371
;WIDTH:0.432326
G1 X109.784 Y109.69 E.53831
;WIDTH:0.46475
G1 X109.768 Y109.768 E.5396
G1 X109.69 Y109.784 E.54089
;WIDTH:0.432571
G1 X109.612 Y109.8 E.54208
;WIDTH:0.400392
G1 X94.987 Y109.799 E.74369
;WIDTH:0.399526
G1 X94.361 Y109.756 E.75232
G1 X93.746 Y109.633 E.76095
G1 X93.152 Y109.429 E.76959
G1 X92.59 Y109.15 E.77822
G1 X92.069 Y108.8 E.78685
;WIDTH:0.39926
G1 X91.598 Y108.385 E.79548
;WIDTH:0.399526
G1 X91.185 Y107.912 E.80412
G1 X90.838 Y107.389 E.81275
;WIDTH:0.399018
G1 X90.562 Y106.825 E.82137
G1 X90.361 Y106.23 E.83
G1 X90.24 Y105.614 E.83862
;WIDTH:0.399902
G1 X90.2 Y104.993 E.84719
G1 X90.2 Y90.389 E1.04825
;WIDTH:0.432327
G1 X90.216 Y90.31 E1.04946
;WIDTH:0.464752
G1 X90.226 Y90.262 E1.05025
G1 X90.418 Y90.204 F7800
;LAYER_CHANGE
;Z:2.2
;HEIGHT:0.11
G1 Z2.2 F7800
G1 X90.232 Y90.232
G92 E0
G1 F913
G1 X90.31 Y90.216 E.00129
;WIDTH:0.432572
G1 X90.388 Y90.2 E.00248
;WIDTH:0.400392
G1 X109.612 Y90.2 E.26749
;WIDTH:0.432571
G1 X109.69 Y90.216 E.26868
;WIDTH:0.46475
G1 X109.768 Y90.232 E.26997
G1 X109.784 Y90.31 E.27126
;WIDTH:0.432326
G1 X109.8 Y90.389 E.27247
;WIDTH:0.399902
G1 X109.8 Y109.611 E.5371
;WIDTH:0.432326
G1 X109.784 Y109.69 E.53831
;WIDTH:0.46475
G1 X109.768 Y109.768 E.5396
G1 X109.69 Y109.784 E.54089
;WIDTH:0.432571
G1 X109.612 Y109.8 E.54208
;WIDTH:0.400392
G1 X94.987 Y109.799 E.74369
;WIDTH:0.399526
G1 X94.361 Y109.756 E.75232
G1 X93.746 Y109.633 E.76095
G1 X93.152 Y109.429 E.76959
G1 X92.59 Y109.15 E.77822
G1 X92.069 Y108.8 E.78685
;WIDTH:0.39926
G1 X91.598 Y108.385 E.79548
;WIDTH:0.399524
G1 X91.185 Y107.912 E.80412
G1 X90.838 Y107.389 E.81275
;WIDTH:0.39902
G1 X90.562 Y106.825 E.82137
G1 X90.361 Y106.23 E.83
G1 X90.24 Y105.614 E.83862
;WIDTH:0.399902
G1 X90.2 Y104.993 E.84719
G1 X90.2 Y90.389 E1.04825
;WIDTH:0.432327
G1 X90.216 Y90.31 E1.04946
;WIDTH:0.464752
G1 X90.226 Y90.262 E1.05025
G1 X90.418 Y90.204 F7800
;LAYER_CHANGE
;Z:2.31
;HEIGHT:0.11
G1 Z2.31 F7800
G1 X90.232 Y90.232
G92 E0
G1 F913
G1 X90.31 Y90.216 E.00129
;WIDTH:0.432572
G1 X90.388 Y90.2 E.00248
;WIDTH:0.400392
G1 X109.612 Y90.2 E.26749
;WIDTH:0.432571
G1 X109.69 Y90.216 E.26868
;WIDTH:0.46475
G1 X109.768 Y90.232 E.26997
G1 X109.784 Y90.31 E.27126
;WIDTH:0.432326
G1 X109.8 Y90.389 E.27247
;WIDTH:0.399902
G1 X109.8 Y109.611 E.5371
;WIDTH:0.432326
G1 X109.784 Y109.69 E.53831
;WIDTH:0.46475
G1 X109.768 Y109.768 E.5396
G1 X109.69 Y109.784 E.54089
;WIDTH:0.432571
G1 X109.612 Y109.8 E.54208
;WIDTH:0.400392
G1 X94.987 Y109.799 E.74369
;WIDTH:0.399526
G1 X94.361 Y109.756 E.75232
G1 X93.746 Y109.633 E.76095
G1 X93.152 Y109.429 E.76959
G1 X92.59 Y109.15 E.77822
G1 X92.069 Y108.8 E.78685
;WIDTH:0.39926
G1 X91.598 Y108.385 E.79548
;WIDTH:0.399524
G1 X91.185 Y107.912 E.80412
G1 X90.838 Y107.389 E.81275
;WIDTH:0.399018
G1 X90.562 Y106.825 E.82137
G1 X90.361 Y106.23 E.83
G1 X90.24 Y105.614 E.83862
;WIDTH:0.399902
G1 X90.2 Y104.993 E.84719
G1 X90.2 Y90.389 E1.04825
;WIDTH:0.432327
G1 X90.216 Y90.31 E1.04946
;WIDTH:0.464752
G1 X90.226 Y90.262 E1.05025
G1 X90.418 Y90.204 F7800
;LAYER_CHANGE
;Z:2.42
;HEIGHT:0.11
G1 Z2.42 F7800
G1 X90.232 Y90.232
G92 E0
G1 F913
G1 X90.31 Y90.216 E.00129
;WIDTH:0.432572
G1 X90.388 Y90.2 E.00248
;WIDTH:0.400392
G1 X109.612 Y90.2 E.26749
;WIDTH:0.432571
G1 X109.69 Y90.216 E.26868
;WIDTH:0.46475
G1 X109.768 Y90.232 E.26997
G1 X109.784 Y90.31 E.27126
;WIDTH:0.432326
G1 X109.8 Y90.389 E.27247
;WIDTH:0.399902
G1 X109.8 Y109.611 E.5371
;WIDTH:0.432326
G1 X109.784 Y109.69 E.53831
;WIDTH:0.46475
G1 X109.768 Y109.768 E.5396
G1 X109.69 Y109.784 E.54089
;WIDTH:0.432571
G1 X109.612 Y109.8 E.54208
;WIDTH:0.400392
G1 X94.987 Y109.799 E.74369
;WIDTH:0.399526
G1 X94.361 Y109.756 E.75232
G1 X93.746 Y109.633 E.76095
G1 X93.152 Y109.429 E.76959
G1 X92.59 Y109.15 E.77822
G1 X92.069 Y108.8 E.78685
;WIDTH:0.399258
G1 X91.598 Y108.385 E.79548
;WIDTH:0.399524
G1 X91.185 Y107.912 E.80412
G1 X90.838 Y107.389 E.81275
;WIDTH:0.399018
G1 X90.562 Y106.825 E.82137
G1 X90.361 Y106.23 E.83
G1 X90.24 Y105.614 E.83862
;WIDTH:0.399902
G1 X90.2 Y104.993 E.84719
G1 X90.2 Y90.389 E1.04825
;WIDTH:0.432327
G1 X90.216 Y90.31 E1.04946
;WIDTH:0.464752
G1 X90.226 Y90.262 E1.05025
G1 X90.418 Y90.204 F7800
;LAYER_CHANGE
;Z:2.53
;HEIGHT:0.11
G1 Z2.53 F7800
G1 X90.232 Y90.232
G92 E0
G1 F913
G1 X90.31 Y90.216 E.00129
;WIDTH:0.432572
G1 X90.388 Y90.2 E.00248
;WIDTH:0.400392
G1 X109.612 Y90.2 E.26749
;WIDTH:0.432571
G1 X109.69 Y90.216 E.26868
;WIDTH:0.46475
G1 X109.768 Y90.232 E.26997
G1 X109.784 Y90.31 E.27126
;WIDTH:0.432326
G1 X109.8 Y90.389 E.27247
;WIDTH:0.399902
G1 X109.8 Y109.611 E.5371
;WIDTH:0.432326
G1 X109.784 Y109.69 E.53831
;WIDTH:0.46475
G1 X109.768 Y109.768 E.5396
G1 X109.69 Y109.784 E.54089
;WIDTH:0.432571
G1 X109.612 Y109.8 E.54208
;WIDTH:0.400392
G1 X94.987 Y109.799 E.74369
;WIDTH:0.399526
G1 X94.361 Y109.756 E.75232
G1 X93.746 Y109.633 E.76095
G1 X93.152 Y109.429 E.76959
G1 X92.59 Y109.15 E.77822
G1 X92.069 Y108.8 E.78685
;WIDTH:0.39926
G1 X91.598 Y108.385 E.79548
;WIDTH:0.399524
G1 X91.185 Y107.912 E.80412
G1 X90.838 Y107.389 E.81275
;WIDTH:0.399018
G1 X90.562 Y106.825 E.82137
G1 X90.361 Y106.23 E.83
G1 X90.24 Y105.614 E.83862
;WIDTH:0.399902
G1 X90.2 Y104.993 E.84719
G1 X90.2 Y90.389 E1.04825
;WIDTH:0.432327
G1 X90.216 Y90.31 E1.04946
;WIDTH:0.464752
G1 X90.226 Y90.262 E1.05025
G1 X90.418 Y90.204 F7800
;LAYER_CHANGE
;Z:2.64
;HEIGHT:0.11
G1 Z2.64 F7800
G1 X90.232 Y90.232
G92 E0
G1 F913
G1 X90.31 Y90.216 E.00129
;WIDTH:0.432572
G1 X90.388 Y90.2 E.00248
;WIDTH:0.400392
G1 X109.612 Y90.2 E.26749
;WIDTH:0.432571
G1 X109.69 Y90.216 E.26868
;WIDTH:0.46475
G1 X109.768 Y90.232 E.26997
G1 X109.784 Y90.31 E.27126
;WIDTH:0.432326
G1 X109.8 Y90.389 E.27247
;WIDTH:0.399902
G1 X109.8 Y109.611 E.5371
;WIDTH:0.432326
G1 X109.784 Y109.69 E.53831
;WIDTH:0.46475
G1 X109.768 Y109.768 E.5396
G1 X109.69 Y109.784 E.54089
;WIDTH:0.432571
G1 X109.612 Y109.8 E.54208
;WIDTH:0.400392
G1 X94.987 Y109.799 E.74369
;WIDTH:0.399526
G1 X94.361 Y109.756 E.75232
G1 X93.746 Y109.633 E.76095
G1 X93.152 Y109.429 E.76959
G1 X92.59 Y109.15 E.77822
G1 X92.069 Y108.8 E.78685
;WIDTH:0.39926
G1 X91.598 Y108.385 E.79548
;WIDTH:0.399526
G1 X91.185 Y107.912 E.80412
G1 X90.838 Y107.389 E.81275
;WIDTH:0.39902
G1 X90.562 Y106.825 E.82137
G1 X90.361 Y106.23 E.83
G1 X90.24 Y105.614 E.83862
;WIDTH:0.399902
G1 X90.2 Y104.993 E.84719
G1 X90.2 Y90.389 E1.04825
;WIDTH:0.432327
G1 X90.216 Y90.31 E1.04946
;WIDTH:0.464752
G1 X90.226 Y90.262 E1.05025
G1 X90.418 Y90.204 F7800
;LAYER_CHANGE
;Z:2.75
;HEIGHT:0.11
G1 Z2.75 F7800
G1 X90.232 Y90.232
G92 E0
G1 F913
G1 X90.31 Y90.216 E.00129
;WIDTH:0.432572
G1 X90.388 Y90.2 E.00248
;WIDTH:0.400392
G1 X109.612 Y90.2 E.26749
;WIDTH:0.432571
G1 X109.69 Y90.216 E.26868
;WIDTH:0.46475
G1 X109.768 Y90.232 E.26997
G1 X109.784 Y90.31 E.27126
;WIDTH:0.432326
G1 X109.8 Y90.389 E.27247
;WIDTH:0.399902
G1 X109.8 Y109.611 E.5371
;WIDTH:0.432326
G1 X109.784 Y109.69 E.53831
;WIDTH:0.46475
G1 X109.768 Y109.768 E.5396
G1 X109.69 Y109.784 E.54089
;WIDTH:0.432571
G1 X109.612 Y109.8 E.54208
;WIDTH:0.400392
G1 X94.987 Y109.799 E.74369
;WIDTH:0.399526
G1 X94.361 Y109.756 E.75232
G1 X93.746 Y109.633 E.76095
G1 X93.152 Y109.429 E.76959
G1 X92.59 Y109.15 E.77822
G1 X92.069 Y108.8 E.78685
;WIDTH:0.39926
G1 X91.598 Y108.385 E.79548
;WIDTH:0.399524
G1 X91.185 Y107.912 E.80412
G1 X90.838 Y107.389 E.81275
;WIDTH:0.399018
G1 X90.562 Y106.825 E.82137
G1 X90.361 Y106.23 E.83
G1 X90.24 Y105.614 E.83862
;WIDTH:0.399902
G1 X90.2 Y104.993 E.84719
G1 X90.2 Y90.389 E1.04825
;WIDTH:0.432327
G1 X90.216 Y90.31 E1.04946
;WIDTH:0.464752
G1 X90.226 Y90.262 E1.05025
G1 X90.418 Y90.204 F7800
;LAYER_CHANGE
;Z:2.86
;HEIGHT:0.11
G1 Z2.86 F7800
G1 X90.232 Y90.232
G92 E0
G1 F913
G1 X90.31 Y90.216 E.00129
;WIDTH:0.432572
G1 X90.388 Y90.2 E.00248
;WIDTH:0.400392
G1 X109.612 Y90.2 E.26749
;WIDTH:0.432571
G1 X109.69 Y90.216 E.26868
;WIDTH:0.46475
G1 X109.768 Y90.232 E.26997
G1 X109.784 Y90.31 E.27126
;WIDTH:0.432326
G1 X109.8 Y90.389 E.27247
;WIDTH:0.399902
G1 X109.8 Y109.611 E.5371
;WIDTH:0.432326
G1 X109.784 Y109.69 E.53831
;WIDTH:0.46475
G1 X109.768 Y109.768 E.5396
G1 X109.69 Y109.784 E.54089
;WIDTH:0.432571
G1 X109.612 Y109.8 E.54208
;WIDTH:0.400392
G1 X94.987 Y109.799 E.74369
;WIDTH:0.399526
G1 X94.361 Y109.756 E.75232
G1 X93.746 Y109.633 E.76095
G1 X93.152 Y109.429 E.76959
G1 X92.59 Y109.15 E.77822
G1 X92.069 Y108.8 E.78685
;WIDTH:0.399258
G1 X91.598 Y108.385 E.79548
;WIDTH:0.399524
G1 X91.185 Y107.912 E.80412
G1 X90.838 Y107.389 E.81275
;WIDTH:0.399018
G1 X90.562 Y106.825 E.82137
G1 X90.361 Y106.23 E.83
G1 X90.24 Y105.614 E.83862
;WIDTH:0.399902
G1 X90.2 Y104.993 E.84719
G1 X90.2 Y90.389 E1.04825
;WIDTH:0.432327
G1 X90.216 Y90.31 E1.04946
;WIDTH:0.464752
G1 X90.226 Y90.262 E1.05025
G1 X90.418 Y90.204 F7800
;LAYER_CHANGE
;Z:2.97
;HEIGHT:0.11
G1 Z2.97 F7800
G1 X90.232 Y90.232
G92 E0
G1 F913
G1 X90.31 Y90.216 E.00129
;WIDTH:0.432572
G1 X90.388 Y90.2 E.00248
;WIDTH:0.400392
G1 X109.612 Y90.2 E.26749
;WIDTH:0.432571
G1 X109.69 Y90.216 E.26868
;WIDTH:0.46475
G1 X109.768 Y90.232 E.26997
G1 X109.784 Y90.31 E.27126
;WIDTH:0.432326
G1 X109.8 Y90.389 E.27247
;WIDTH:0.399902
G1 X109.8 Y109.611 E.5371
;WIDTH:0.432326
G1 X109.784 Y109.69 E.53831
;WIDTH:0.46475
G1 X109.768 Y109.768 E.5396
G1 X109.69 Y109.784 E.54089
;WIDTH:0.432571
G1 X109.612 Y109.8 E.54208
;WIDTH:0.400392
G1 X94.987 Y109.799 E.74369
;WIDTH:0.399526
G1 X94.361 Y109.756 E.75232
G1 X93.746 Y109.633 E.76095
G1 X93.152 Y109.429 E.76959
G1 X92.59 Y109.15 E.77822
G1 X92.069 Y108.8 E.78685
;WIDTH:0.39926
G1 X91.598 Y108.385 E.79548
;WIDTH:0.399524
G1 X91.185 Y107.912 E.80412
G1 X90.838 Y107.389 E.81275
;WIDTH:0.399018
G1 X90.562 Y106.825 E.82137
G1 X90.361 Y106.23 E.83
G1 X90.24 Y105.614 E.83862
;WIDTH:0.399902
G1 X90.2 Y104.993 E.84719
G1 X90.2 Y90.389 E1.04825
;WIDTH:0.432327
G1 X90.216 Y90.31 E1.04946
;WIDTH:0.464752
G1 X90.226 Y90.262 E1.05025
G1 X90.418 Y90.204 F7800
;LAYER_CHANGE
;Z:3.08
;HEIGHT:0.11
G1 Z3.08 F7800
G1 X90.232 Y90.232
G92 E0
G1 F913
G1 X90.31 Y90.216 E.00129
;WIDTH:0.432572
G1 X90.388 Y90.2 E.00248
;WIDTH:0.400392
G1 X109.612 Y90.2 E.26749
;WIDTH:0.432571
G1 X109.69 Y90.216 E.26868
;WIDTH:0.46475
G1 X109.768 Y90.232 E.26997
G1 X109.784 Y90.31 E.27126
;WIDTH:0.432326
G1 X109.8 Y90.389 E.27247
;WIDTH:0.399902
G1 X109.8 Y109.611 E.5371
;WIDTH:0.432326
G1 X109.784 Y109.69 E.53831
;WIDTH:0.46475
G1 X109.768 Y109.768 E.5396
G1 X109.69 Y109.784 E.54089
;WIDTH:0.432571
G1 X109.612 Y109.8 E.54208
;WIDTH:0.400392
G1 X94.987 Y109.799 E.74369
;WIDTH:0.399526
G1 X94.361 Y109.756 E.75232
G1 X93.746 Y109.633 E.76095
G1 X93.152 Y109.429 E.76959
G1 X92.59 Y109.15 E.77822
G1 X92.069 Y108.8 E.78685
;WIDTH:0.39926
G1 X91.598 Y108.385 E.79548
;WIDTH:0.399526
G1 X91.185 Y107.912 E.80412
G1 X90.838 Y107.389 E.81275
;WIDTH:0.399018
G1 X90.562 Y106.825 E.82137
G1 X90.361 Y106.23 E.83
G1 X90.24 Y105.614 E.83862
;WIDTH:0.399902
G1 X90.2 Y104.993 E.84719
G1 X90.2 Y90.389 E1.04825
;WIDTH:0.432327
G1 X90.216 Y90.31 E1.04946
;WIDTH:0.464752
G1 X90.226 Y90.262 E1.05025
G1 X90.418 Y90.204 F7800
;LAYER_CHANGE
;Z:3.19
;HEIGHT:0.11
G1 Z3.19 F7800
G1 X90.232 Y90.232
G92 E0
G1 F913
G1 X90.31 Y90.216 E.00129
;WIDTH:0.432572
G1 X90.388 Y90.2 E.00248
;WIDTH:0.400392
G1 X109.612 Y90.2 E.26749
;WIDTH:0.432571
G1 X109.69 Y90.216 E.26868
;WIDTH:0.46475
G1 X109.768 Y90.232 E.26997
G1 X109.784 Y90.31 E.27126
;WIDTH:0.432326
G1 X109.8 Y90.389 E.27247
;WIDTH:0.399902
G1 X109.8 Y109.611 E.5371
;WIDTH:0.432326
G1 X109.784 Y109.69 E.53831
;WIDTH:0.46475
G1 X109.768 Y109.768 E.5396
G1 X109.69 Y109.784 E.54089
;WIDTH:0.432571
G1 X109.612 Y109.8 E.54208
;WIDTH:0.400392
G1 X94.987 Y109.799 E.74369
;WIDTH:0.399526
G1 X94.361 Y109.756 E.75232
G1 X93.746 Y109.633 E.76095
G1 X93.152 Y109.429 E.76959
G1 X92.59 Y109.15 E.77822
G1 X92.069 Y108.8 E.78685
;WIDTH:0.399258
G1 X91.598 Y108.385 E.79548
;WIDTH:0.399526
G1 X91.185 Y107.912 E.80412
G1 X90.838 Y107.389 E.81275
;WIDTH:0.399018
G1 X90.562 Y106.825 E.82137
G1 X90.361 Y106.23 E.83
G1 X90.24 Y105.614 E.83862
;WIDTH:0.399902
G1 X90.2 Y104.993 E.84719
G1 X90.2 Y90.389 E1.04825
;WIDTH:0.432327
G1 X90.216 Y90.31 E1.04946
;WIDTH:0.464752
G1 X90.226 Y90.262 E1.05025
G1 X90.418 Y90.204 F7800
;LAYER_CHANGE
;Z:3.3
;HEIGHT:0.11
G1 Z3.3 F7800
G1 X90.232 Y90.232
G92 E0
G1 F913
G1 X90.31 Y90.216 E.00129
;WIDTH:0.432572
G1 X90.388 Y90.2 E.00248
;WIDTH:0.400392
G1 X109.612 Y90.2 E.26749
;WIDTH:0.432571
G1 X109.69 Y90.216 E.26868
;WIDTH:0.46475
G1 X109.768 Y90.232 E.26997
G1 X109.784 Y90.31 E.27126
;WIDTH:0.432326
G1 X109.8 Y90.389 E.27247
;WIDTH:0.399902
G1 X109.8 Y109.611 E.5371
;WIDTH:0.432326
G1 X109.784 Y109.69 E.53831
;WIDTH:0.46475
G1 X109.768 Y109.768 E.5396
G1 X109.69 Y109.784 E.54089
;WIDTH:0.432571
G1 X109.612 Y109.8 E.54208
;WIDTH:0.400392
G1 X94.987 Y109.799 E.74369
;WIDTH:0.399526
G1 X94.361 Y109.756 E.75232
G1 X93.746 Y109.633 E.76095
G1 X93.152 Y109.429 E.76959
G1 X92.59 Y109.15 E.77822
G1 X92.069 Y108.8 E.78685
;WIDTH:0.399258
G1 X91.598 Y108.385 E.79548
;WIDTH:0.399526
G1 X91.185 Y107.912 E.80412
G1 X90.838 Y107.389 E.81275
;WIDTH:0.399018
G1 X90.562 Y106.825 E.82137
G1 X90.361 Y106.23 E.83
G1 X90.24 Y105.614 E.83862
;WIDTH:0.399902
G1 X90.2 Y104.993 E.84719
G1 X90.2 Y90.389 E1.04825
;WIDTH:0.432327
G1 X90.216 Y90.31 E1.04946
;WIDTH:0.464752
G1 X90.226 Y90.262 E1.05025
G1 X90.418 Y90.204 F7800
;LAYER_CHANGE
;Z:3.41
;HEIGHT:0.11
G1 Z3.41 F7800
G1 X90.232 Y90.232
G92 E0
G1 F913
G1 X90.31 Y90.216 E.00129
;WIDTH:0.432572
G1 X90.388 Y90.2 E.00248
;WIDTH:0.400392
G1 X109.612 Y90.2 E.26749
;WIDTH:0.432571
G1 X109.69 Y90.216 E.26868
;WIDTH:0.46475
G1 X109.768 Y90.232 E.26997
G1 X109.784 Y90.31 E.27126
;WIDTH:0.432326
G1 X109.8 Y90.389 E.27247
;WIDTH:0.399902
G1 X109.8 Y109.611 E.5371
;WIDTH:0.432326
G1 X109.784 Y109.69 E.53831
;WIDTH:0.46475
G1 X109.768 Y109.768 E.5396
G1 X109.69 Y109.784 E.54089
;WIDTH:0.432571
G1 X109.612 Y109.8 E.54208
;WIDTH:0.400392
G1 X94.987 Y109.799 E.74369
;WIDTH:0.399526
G1 X94.361 Y109.756 E.75232
G1 X93.746 Y109.633 E.76095
G1 X93.152 Y109.429 E.76959
G1 X92.59 Y109.15 E.77822
G1 X92.069 Y108.8 E.78685
;WIDTH:0.399258
G1 X91.598 Y108.385 E.79548
;WIDTH:0.399524
G1 X91.185 Y107.912 E.80412
G1 X90.838 Y107.389 E.81275
;WIDTH:0.399018
G1 X90.562 Y106.825 E.82137
G1 X90.361 Y106.23 E.83
G1 X90.24 Y105.614 E.83862
;WIDTH:0.399902
G1 X90.2 Y104.993 E.84719
G1 X90.2 Y90.389 E1.04825
;WIDTH:0.432327
G1 X90.216 Y90.31 E1.04946
;WIDTH:0.464752
G1 X90.226 Y90.262 E1.05025
G1 X90.418 Y90.204 F7800
;LAYER_CHANGE
;Z:3.52
;HEIGHT:0.11
G1 Z3.52 F7800
G1 X90.232 Y90.232
G92 E0
G1 F913
G1 X90.31 Y90.216 E.00129
;WIDTH:0.432572
G1 X90.388 Y90.2 E.00248
;WIDTH:0.400392
G1 X109.612 Y90.2 E.26749
;WIDTH:0.432571
G1 X109.69 Y90.216 E.26868
;WIDTH:0.46475
G1 X109.768 Y90.232 E.26997
G1 X109.784 Y90.31 E.27126
;WIDTH:0.432326
G1 X109.8 Y90.389 E.27247
;WIDTH:0.399902
G1 X109.8 Y109.611 E.5371
;WIDTH:0.432326
G1 X109.784 Y109.69 E.53831
;WIDTH:0.46475
G1 X109.768 Y109.768 E.5396
G1 X109.69 Y109.784 E.54089
;WIDTH:0.432571
G1 X109.612 Y109.8 E.54208
;WIDTH:0.400392
G1 X94.987 Y109.799 E.74369
;WIDTH:0.399526
G1 X94.361 Y109.756 E.75232
G1 X93.746 Y109.633 E.76095
G1 X93.152 Y109.429 E.76959
G1 X92.59 Y109.15 E.77822
G1 X92.069 Y108.8 E.78685
;WIDTH:0.399258
G1 X91.598 Y108.385 E.79548
;WIDTH:0.399524
G1 X91.185 Y107.912 E.80412
G1 X90.838 Y107.389 E.81275
;WIDTH:0.399018
G1 X90.562 Y106.825 E.82137
G1 X90.361 Y106.23 E.83
G1 X90.24 Y105.614 E.83862
;WIDTH:0.399902
G1 X90.2 Y104.993 E.84719
G1 X90.2 Y90.389 E1.04825
;WIDTH:0.432327
G1 X90.216 Y90.31 E1.04946
;WIDTH:0.464752
G1 X90.226 Y90.262 E1.05025
G1 X90.418 Y90.204 F7800
;LAYER_CHANGE
;Z:3.63
;HEIGHT:0.11
G1 Z3.63 F7800
G1 X90.232 Y90.232
G92 E0
G1 F913
G1 X90.31 Y90.216 E.00129
;WIDTH:0.432572
G1 X90.388 Y90.2 E.00248
;WIDTH:0.400392
G1 X109.612 Y90.2 E.26749
;WIDTH:0.432571
G1 X109.69 Y90.216 E.26868
;WIDTH:0.46475
G1 X109.768 Y90.232 E.26997
G1 X109.784 Y90.31 E.27126
;WIDTH:0.432326
G1 X109.8 Y90.389 E.27247
;WIDTH:0.399902
G1 X109.8 Y109.611 E.5371
;WIDTH:0.432326
G1 X109.784 Y109.69 E.53831
;WIDTH:0.46475
G1 X109.768 Y109.768 E.5396
G1 X109.69 Y109.784 E.54089
;WIDTH:0.432571
G1 X109.612 Y109.8 E.54208
;WIDTH:0.400392
G1 X94.987 Y109.799 E.74369
;WIDTH:0.399526
G1 X94.361 Y109.756 E.75232
G1 X93.746 Y109.633 E.76095
G1 X93.152 Y109.429 E.76959
G1 X92.59 Y109.15 E.77822
G1 X92.069 Y108.8 E.78685
;WIDTH:0.39926
G1 X91.598 Y108.385 E.79548
;WIDTH:0.399524
G1 X91.185 Y107.912 E.80412
G1 X90.838 Y107.389 E.81275
;WIDTH:0.399018
G1 X90.562 Y106.825 E.82137
G1 X90.361 Y106.23 E.83
G1 X90.24 Y105.614 E.83862
;WIDTH:0.399902
G1 X90.2 Y104.993 E.84719
G1 X90.2 Y90.389 E1.04825
;WIDTH:0.432327
G1 X90.216 Y90.31 E1.04946
;WIDTH:0.464752
G1 X90.226 Y90.262 E1.05025
G1 X90.418 Y90.204 F7800
;LAYER_CHANGE
;Z:3.74
;HEIGHT:0.11
G1 Z3.74 F7800
G1 X90.232 Y90.232
G92 E0
G1 F913
G1 X90.31 Y90.216 E.00129
;WIDTH:0.432572
G1 X90.388 Y90.2 E.00248
;WIDTH:0.400392
G1 X109.612 Y90.2 E.26749
;WIDTH:0.432571
G1 X109.69 Y90.216 E.26868
;WIDTH:0.46475
G1 X109.768 Y90.232 E.26997
G1 X109.784 Y90.31 E.27126
;WIDTH:0.432326
G1 X109.8 Y90.389 E.27247
;WIDTH:0.399902
G1 X109.8 Y109.611 E.5371
;WIDTH:0.432326
G1 X109.784 Y109.69 E.53831
;WIDTH:0.46475
G1 X109.768 Y109.768 E.5396
G1 X109.69 Y109.784 E.54089
;WIDTH:0.432571
G1 X109.612 Y109.8 E.54208
;WIDTH:0.400392
G1 X94.987 Y109.799 E.74369
;WIDTH:0.399526
G1 X94.361 Y109.756 E.75232
G1 X93.746 Y109.633 E.76095
G1 X93.152 Y109.429 E.76959
G1 X92.59 Y109.15 E.77822
G1 X92.069 Y108.8 E.78685
;WIDTH:0.39926
G1 X91.598 Y108.385 E.79548
;WIDTH:0.399526
G1 X91.185 Y107.912 E.80412
G1 X90.838 Y107.389 E.81275
;WIDTH:0.399018
G1 X90.562 Y106.825 E.82137
G1 X90.361 Y106.23 E.83
G1 X90.24 Y105.614 E.83862
;WIDTH:0.399902
G1 X90.2 Y104.993 E.84719
G1 X90.2 Y90.389 E1.04825
;WIDTH:0.432327
G1 X90.216 Y90.31 E1.04946
;WIDTH:0.464752
G1 X90.226 Y90.262 E1.05025
G1 X90.418 Y90.204 F7800
;LAYER_CHANGE
;Z:3.85
;HEIGHT:0.11
G1 Z3.85 F7800
G1 X90.232 Y90.232
G92 E0
G1 F913
G1 X90.31 Y90.216 E.00129
;WIDTH:0.432572
G1 X90.388 Y90.2 E.00248
;WIDTH:0.400392
G1 X109.612 Y90.2 E.26749
;WIDTH:0.432571
G1 X109.69 Y90.216 E.26868
;WIDTH:0.46475
G1 X109.768 Y90.232 E.26997
G1 X109.784 Y90.31 E.27126
;WIDTH:0.432326
G1 X109.8 Y90.389 E.27247
;WIDTH:0.399902
G1 X109.8 Y109.611 E.5371
;WIDTH:0.432326
G1 X109.784 Y109.69 E.53831
;WIDTH:0.46475
G1 X109.768 Y109.768 E.5396
G1 X109.69 Y109.784 E.54089
;WIDTH:0.432571
G1 X109.612 Y109.8 E.54208
;WIDTH:0.400392
G1 X94.987 Y109.799 E.74369
;WIDTH:0.399526
G1 X94.361 Y109.756 E.75232
G1 X93.746 Y109.633 E.76095
G1 X93.152 Y109.429 E.76959
G1 X92.59 Y109.15 E.77822
G1 X92.069 Y108.8 E.78685
;WIDTH:0.39926
G1 X91.598 Y108.385 E.79548
;WIDTH:0.399526
G1 X91.185 Y107.912 E.80412
G1 X90.838 Y107.389 E.81275
;WIDTH:0.399018
G1 X90.562 Y106.825 E.82137
G1 X90.361 Y106.23 E.83
G1 X90.24 Y105.614 E.83862
;WIDTH:0.399902
G1 X90.2 Y104.993 E.84719
G1 X90.2 Y90.389 E1.04825
;WIDTH:0.432327
G1 X90.216 Y90.31 E1.04946
;WIDTH:0.464752
G1 X90.226 Y90.262 E1.05025
G1 X90.418 Y90.204 F7800
;LAYER_CHANGE
;Z:3.96
;HEIGHT:0.11
G1 Z3.96 F7800
G1 X90.232 Y90.232
G92 E0
G1 F913
G1 X90.31 Y90.216 E.00129
;WIDTH:0.432572
G1 X90.388 Y90.2 E.00248
;WIDTH:0.400392
G1 X109.612 Y90.2 E.26749
;WIDTH:0.432571
G1 X109.69 Y90.216 E.26868
;WIDTH:0.46475
G1 X109.768 Y90.232 E.26997
G1 X109.784 Y90.31 E.27126
;WIDTH:0.432326
G1 X109.8 Y90.389 E.27247
;WIDTH:0.399902
G1 X109.8 Y109.611 E.5371
;WIDTH:0.432326
G1 X109.784 Y109.69 E.53831
;WIDTH:0.46475
G1 X109.768 Y109.768 E.5396
G1 X109.69 Y109.784 E.54089
;WIDTH:0.432571
G1 X109.612 Y109.8 E.54208
;WIDTH:0.400392
G1 X94.987 Y109.799 E.74369
;WIDTH:0.399526
G1 X94.361 Y109.756 E.75232
G1 X93.746 Y109.633 E.76095
G1 X93.152 Y109.429 E.76959
G1 X92.59 Y109.15 E.77822
G1 X92.069 Y108.8 E.78685
;WIDTH:0.399258
G1 X91.598 Y108.385 E.79548
;WIDTH:0.399526
G1 X91.185 Y107.912 E.80412
G1 X90.838 Y107.389 E.81275
;WIDTH:0.399018
G1 X90.562 Y106.825 E.82137
G1 X90.361 Y106.23 E.83
G1 X90.24 Y105.614 E.83862
;WIDTH:0.399902
G1 X90.2 Y104.993 E.84719
G1 X90.2 Y90.389 E1.04825
;WIDTH:0.432327
G1 X90.216 Y90.31 E1.04946
;WIDTH:0.464752
G1 X90.226 Y90.262 E1.05025
G1 X90.418 Y90.204 F7800
;LAYER_CHANGE
;Z:4.07
;HEIGHT:0.11
G1 Z4.07 F7800
G1 X90.232 Y90.232
G92 E0
G1 F913
G1 X90.31 Y90.216 E.00129
;WIDTH:0.432572
G1 X90.388 Y90.2 E.00248
;WIDTH:0.400392
G1 X109.612 Y90.2 E.26749
;WIDTH:0.432571
G1 X109.69 Y90.216 E.26868
;WIDTH:0.46475
G1 X109.768 Y90.232 E.26997
G1 X109.784 Y90.31 E.27126
;WIDTH:0.432326
G1 X109.8 Y90.389 E.27247
;WIDTH:0.399902
G1 X109.8 Y109.611 E.5371
;WIDTH:0.432326
G1 X109.784 Y109.69 E.53831
;WIDTH:0.46475
G1 X109.768 Y109.768 E.5396
G1 X109.69 Y109.784 E.54089
;WIDTH:0.432571
G1 X109.612 Y109.8 E.54208
;WIDTH:0.400392
G1 X94.987 Y109.799 E.74369
;WIDTH:0.399526
G1 X94.361 Y109.756 E.75232
G1 X93.746 Y109.633 E.76095
G1 X93.152 Y109.429 E.76959
G1 X92.59 Y109.15 E.77822
G1 X92.069 Y108.8 E.78685
;WIDTH:0.399258
G1 X91.598 Y108.385 E.79548
;WIDTH:0.399524
G1 X91.185 Y107.912 E.80412
G1 X90.838 Y107.389 E.81275
;WIDTH:0.399018
G1 X90.562 Y106.825 E.82137
G1 X90.361 Y106.23 E.83
G1 X90.24 Y105.614 E.83862
;WIDTH:0.399902
G1 X90.2 Y104.993 E.84719
G1 X90.2 Y90.389 E1.04825
;WIDTH:0.432327
G1 X90.216 Y90.31 E1.04946
;WIDTH:0.464752
G1 X90.226 Y90.262 E1.05025
G1 X90.418 Y90.204 F7800
;LAYER_CHANGE
;Z:4.18
;HEIGHT:0.11
G1 Z4.18 F7800
G1 X90.232 Y90.232
G92 E0
G1 F913
G1 X90.31 Y90.216 E.00129
;WIDTH:0.432572
G1 X90.388 Y90.2 E.00248
;WIDTH:0.400392
G1 X109.612 Y90.2 E.26749
;WIDTH:0.432571
G1 X109.69 Y90.216 E.26868
;WIDTH:0.46475
G1 X109.768 Y90.232 E.26997
G1 X109.784 Y90.31 E.27126
;WIDTH:0.432326
G1 X109.8 Y90.389 E.27247
;WIDTH:0.399902
G1 X109.8 Y109.611 E.5371
;WIDTH:0.432326
G1 X109.784 Y109.69 E.53831
;WIDTH:0.46475
G1 X109.768 Y109.768 E.5396
G1 X109.69 Y109.784 E.54089
;WIDTH:0.432571
G1 X109.612 Y109.8 E.54208
;WIDTH:0.400392
G1 X94.987 Y109.799 E.74369
;WIDTH:0.399526
G1 X94.361 Y109.756 E.75232
G1 X93.746 Y109.633 E.76095
G1 X93.152 Y109.429 E.76959
G1 X92.59 Y109.15 E.77822
G1 X92.069 Y108.8 E.78685
;WIDTH:0.39926
G1 X91.598 Y108.385 E.79548
;WIDTH:0.399524
G1 X91.185 Y107.912 E.80412
G1 X90.838 Y107.389 E.81275
;WIDTH:0.399018
G1 X90.562 Y106.825 E.82137
G1 X90.361 Y106.23 E.83
G1 X90.24 Y105.614 E.83862
;WIDTH:0.399902
G1 X90.2 Y104.993 E.84719
G1 X90.2 Y90.389 E1.04825
;WIDTH:0.432327
G1 X90.216 Y90.31 E1.04946
;WIDTH:0.464752
G1 X90.226 Y90.262 E1.05025
G1 X90.418 Y90.204 F7800
;LAYER_CHANGE
;Z:4.29
;HEIGHT:0.11
G1 Z4.29 F7800
G1 X90.232 Y90.232
G92 E0
G1 F913
G1 X90.31 Y90.216 E.00129
;WIDTH:0.432572
G1 X90.388 Y90.2 E.00248
;WIDTH:0.400392
G1 X109.612 Y90.2 E.26749
;WIDTH:0.432571
G1 X109.69 Y90.216 E.26868
;WIDTH:0.46475
G1 X109.768 Y90.232 E.26997
G1 X109.784 Y90.31 E.27126
;WIDTH:0.432326
G1 X109.8 Y90.389 E.27247
;WIDTH:0.399902
G1 X109.8 Y109.611 E.5371
;WIDTH:0.432326
G1 X109.784 Y109.69 E.53831
;WIDTH:0.46475
G1 X109.768 Y109.768 E.5396
G1 X109.69 Y109.784 E.54089
;WIDTH:0.432571
G1 X109.612 Y109.8 E.54208
;WIDTH:0.400392
G1 X94.987 Y109.799 E.74369
;WIDTH:0.399526
G1 X94.361 Y109.756 E.75232
G1 X93.746 Y109.633 E.76095
G1 X93.152 Y109.429 E.76959
G1 X92.59 Y109.15 E.77822
G1 X92.069 Y108.8 E.78685
;WIDTH:0.39926
G1 X91.598 Y108.385 E.79548
;WIDTH:0.399526
G1 X91.185 Y107.912 E.80412
G1 X90.838 Y107.389 E.81275
;WIDTH:0.399018
G1 X90.562 Y106.825 E.82137
G1 X90.361 Y106.23 E.83
G1 X90.24 Y105.614 E.83862
;WIDTH:0.399902
G1 X90.2 Y104.993 E.84719
G1 X90.2 Y90.389 E1.04825
;WIDTH:0.432327
G1 X90.216 Y90.31 E1.04946
;WIDTH:0.464752
G1 X90.226 Y90.262 E1.05025
G1 X90.418 Y90.204 F7800
;LAYER_CHANGE
;Z:4.4
;HEIGHT:0.11
G1 Z4.4 F7800
G1 X90.232 Y90.232
G92 E0
G1 F913
G1 X90.31 Y90.216 E.00129
;WIDTH:0.432572
G1 X90.388 Y90.2 E.00248
;WIDTH:0.400392
G1 X109.612 Y90.2 E.26749
;WIDTH:0.432571
G1 X109.69 Y90.216 E.26868
;WIDTH:0.46475
G1 X109.768 Y90.232 E.26997
G1 X109.784 Y90.31 E.27126
;WIDTH:0.432326
G1 X109.8 Y90.389 E.27247
;WIDTH:0.399902
G1 X109.8 Y109.611 E.5371
;WIDTH:0.432326
G1 X109.784 Y109.69 E.53831
;WIDTH:0.46475
G1 X109.768 Y109.768 E.5396
G1 X109.69 Y109.784 E.54089
;WIDTH:0.432571
G1 X109.612 Y109.8 E.54208
;WIDTH:0.400392
G1 X94.987 Y109.799 E.74369
;WIDTH:0.399526
G1 X94.361 Y109.756 E.75232
G1 X93.746 Y109.633 E.76095
G1 X93.152 Y109.429 E.76959
G1 X92.59 Y109.15 E.77822
G1 X92.069 Y108.8 E.78685
;WIDTH:0.39926
G1 X91.598 Y108.385 E.79548
;WIDTH:0.399524
G1 X91.185 Y107.912 E.80412
G1 X90.838 Y107.389 E.81275
;WIDTH:0.399018
G1 X90.562 Y106.825 E.82137
G1 X90.361 Y106.23 E.83
G1 X90.24 Y105.614 E.83862
;WIDTH:0.399902
G1 X90.2 Y104.993 E.84719
G1 X90.2 Y90.389 E1.04825
;WIDTH:0.432327
G1 X90.216 Y90.31 E1.04946
;WIDTH:0.464752
G1 X90.226 Y90.262 E1.05025
G1 X90.418 Y90.204 F7800
;LAYER_CHANGE
;Z:4.51
;HEIGHT:0.11
G1 Z4.51 F7800
G1 X90.232 Y90.232
G92 E0
G1 F913
G1 X90.31 Y90.216 E.00129
;WIDTH:0.432572
G1 X90.388 Y90.2 E.00248
;WIDTH:0.400392
G1 X109.612 Y90.2 E.26749
;WIDTH:0.432571
G1 X109.69 Y90.216 E.26868
;WIDTH:0.46475
G1 X109.768 Y90.232 E.26997
G1 X109.784 Y90.31 E.27126
;WIDTH:0.432326
G1 X109.8 Y90.389 E.27247
;WIDTH:0.399902
G1 X109.8 Y109.611 E.5371
;WIDTH:0.432326
G1 X109.784 Y109.69 E.53831
;WIDTH:0.46475
G1 X109.768 Y109.768 E.5396
G1 X109.69 Y109.784 E.54089
;WIDTH:0.432571
G1 X109.612 Y109.8 E.54208
;WIDTH:0.400392
G1 X94.987 Y109.799 E.74369
;WIDTH:0.399526
G1 X94.361 Y109.756 E.75232
G1 X93.746 Y109.633 E.76095
G1 X93.152 Y109.429 E.76959
G1 X92.59 Y109.15 E.77822
G1 X92.069 Y108.8 E.78685
;WIDTH:0.39926
G1 X91.598 Y108.385 E.79548
;WIDTH:0.399526
G1 X91.185 Y107.912 E.80412
G1 X90.838 Y107.389 E.81275
;WIDTH:0.399018
G1 X90.562 Y106.825 E.82137
G1 X90.361 Y106.23 E.83
G1 X90.24 Y105.614 E.83862
;WIDTH:0.399902
G1 X90.2 Y104.993 E.84719
G1 X90.2 Y90.389 E1.04825
;WIDTH:0.432327
G1 X90.216 Y90.31 E1.04946
;WIDTH:0.464752
G1 X90.226 Y90.262 E1.05025
G1 X90.418 Y90.204 F7800
;LAYER_CHANGE
;Z:4.62
;HEIGHT:0.11
G1 Z4.62 F7800
G1 X90.232 Y90.232
G92 E0
G1 F913
G1 X90.31 Y90.216 E.00129
;WIDTH:0.432572
G1 X90.388 Y90.2 E.00248
;WIDTH:0.400392
G1 X109.612 Y90.2 E.26749
;WIDTH:0.432571
G1 X109.69 Y90.216 E.26868
;WIDTH:0.46475
G1 X109.768 Y90.232 E.26997
G1 X109.784 Y90.31 E.27126
;WIDTH:0.432326
G1 X109.8 Y90.389 E.27247
;WIDTH:0.399902
G1 X109.8 Y109.611 E.5371
;WIDTH:0.432326
G1 X109.784 Y109.69 E.53831
;WIDTH:0.46475
G1 X109.768 Y109.768 E.5396
G1 X109.69 Y109.784 E.54089
;WIDTH:0.432571
G1 X109.612 Y109.8 E.54208
;WIDTH:0.400392
G1 X94.987 Y109.799 E.74369
;WIDTH:0.399526
G1 X94.361 Y109.756 E.75232
G1 X93.746 Y109.633 E.76095
G1 X93.152 Y109.429 E.76959
G1 X92.59 Y109.15 E.77822
G1 X92.069 Y108.8 E.78685
;WIDTH:0.399258
G1 X91.598 Y108.385 E.79548
;WIDTH:0.399526
G1 X91.185 Y107.912 E.80412
G1 X90.838 Y107.389 E.81275
;WIDTH:0.399018
G1 X90.562 Y106.825 E.82137
G1 X90.361 Y106.23 E.83
G1 X90.24 Y105.614 E.83862
;WIDTH:0.399902
G1 X90.2 Y104.993 E.84719
G1 X90.2 Y90.389 E1.04825
;WIDTH:0.432327
G1 X90.216 Y90.31 E1.04946
;WIDTH:0.464752
G1 X90.226 Y90.262 E1.05025
G1 X90.418 Y90.204 F7800
;LAYER_CHANGE
;Z:4.73
;HEIGHT:0.11
G1 Z4.73 F7800
G1 X90.232 Y90.232
G92 E0
G1 F913
G1 X90.31 Y90.216 E.00129
;WIDTH:0.432572
G1 X90.388 Y90.2 E.00248
;WIDTH:0.400392
G1 X109.612 Y90.2 E.26749
;WIDTH:0.432571
G1 X109.69 Y90.216 E.26868
;WIDTH:0.46475
G1 X109.768 Y90.232 E.26997
G1 X109.784 Y90.31 E.27126
;WIDTH:0.432326
G1 X109.8 Y90.389 E.27247
;WIDTH:0.399902
G1 X109.8 Y109.611 E.5371
;WIDTH:0.432326
G1 X109.784 Y109.69 E.53831
;WIDTH:0.46475
G1 X109.768 Y109.768 E.5396
G1 X109.69 Y109.784 E.54089
;WIDTH:0.432571
G1 X109.612 Y109.8 E.54208
;WIDTH:0.400392
G1 X94.987 Y109.799 E.74369
;WIDTH:0.399526
G1 X94.361 Y109.756 E.75232
G1 X93.746 Y109.633 E.76095
G1 X93.152 Y109.429 E.76959
G1 X92.59 Y109.15 E.77822
G1 X92.069 Y108.8 E.78685
;WIDTH:0.39926
G1 X91.598 Y108.385 E.79548
;WIDTH:0.399524
G1 X91.185 Y107.912 E.80412
G1 X90.838 Y107.389 E.81275
;WIDTH:0.399018
G1 X90.562 Y106.825 E.82137
G1 X90.361 Y106.23 E.83
G1 X90.24 Y105.614 E.83862
;WIDTH:0.399902
G1 X90.2 Y104.993 E.84719
G1 X90.2 Y90.389 E1.04825
;WIDTH:0.432327
G1 X90.216 Y90.31 E1.04946
;WIDTH:0.464752
G1 X90.226 Y90.262 E1.05025
G1 X90.418 Y90.204 F7800
;LAYER_CHANGE
;Z:4.84
;HEIGHT:0.11
G1 Z4.84 F7800
G1 X90.232 Y90.232
G92 E0
G1 F913
G1 X90.31 Y90.216 E.00129
;WIDTH:0.432572
G1 X90.388 Y90.2 E.00248
;WIDTH:0.400392
G1 X109.612 Y90.2 E.26749
;WIDTH:0.432571
G1 X109.69 Y90.216 E.26868
;WIDTH:0.46475
G1 X109.768 Y90.232 E.26997
G1 X109.784 Y90.31 E.27126
;WIDTH:0.432326
G1 X109.8 Y90.389 E.27247
;WIDTH:0.399902
G1 X109.8 Y109.611 E.5371
;WIDTH:0.432326
G1 X109.784 Y109.69 E.53831
;WIDTH:0.46475
G1 X109.768 Y109.768 E.5396
G1 X109.69 Y109.784 E.54089
;WIDTH:0.432571
G1 X109.612 Y109.8 E.54208
;WIDTH:0.400392
G1 X94.987 Y109.799 E.74369
;WIDTH:0.399526
G1 X94.361 Y109.756 E.75232
G1 X93.746 Y109.633 E.76095
G1 X93.152 Y109.429 E.76959
G1 X92.59 Y109.15 E.77822
G1 X92.069 Y108.8 E.78685
;WIDTH:0.399258
G1 X91.598 Y108.385 E.79548
;WIDTH:0.399526
G1 X91.185 Y107.912 E.80412
G1 X90.838 Y107.389 E.81275
;WIDTH:0.399018
G1 X90.562 Y106.825 E.82137
G1 X90.361 Y106.23 E.83
G1 X90.24 Y105.614 E.83862
;WIDTH:0.399902
G1 X90.2 Y104.993 E.84719
G1 X90.2 Y90.389 E1.04825
;WIDTH:0.432327
G1 X90.216 Y90.31 E1.04946
;WIDTH:0.464752
G1 X90.226 Y90.262 E1.05025
G1 X90.418 Y90.204 F7800
;LAYER_CHANGE
;Z:4.95
;HEIGHT:0.11
G1 Z4.95 F7800
G1 X90.232 Y90.232
G92 E0
G1 F913
G1 X90.31 Y90.216 E.00129
;WIDTH:0.432572
G1 X90.388 Y90.2 E.00248
;WIDTH:0.400392
G1 X109.612 Y90.2 E.26749
;WIDTH:0.432571
G1 X109.69 Y90.216 E.26868
;WIDTH:0.46475
G1 X109.768 Y90.232 E.26997
G1 X109.784 Y90.31 E.27126
;WIDTH:0.432326
G1 X109.8 Y90.389 E.27247
;WIDTH:0.399902
G1 X109.8 Y109.611 E.5371
;WIDTH:0.432326
G1 X109.784 Y109.69 E.53831
;WIDTH:0.46475
G1 X109.768 Y109.768 E.5396
G1 X109.69 Y109.784 E.54089
;WIDTH:0.432571
G1 X109.612 Y109.8 E.54208
;WIDTH:0.400392
G1 X94.987 Y109.799 E.74369
;WIDTH:0.399526
G1 X94.361 Y109.756 E.75232
G1 X93.746 Y109.633 E.76095
G1 X93.152 Y109.429 E.76959
G1 X92.59 Y109.15 E.77822
G1 X92.069 Y108.8 E.78685
;WIDTH:0.399258
G1 X91.598 Y108.385 E.79548
;WIDTH:0.399526
G1 X91.185 Y107.912 E.80412
G1 X90.838 Y107.389 E.81275
;WIDTH:0.399018
G1 X90.562 Y106.825 E.82137
G1 X90.361 Y106.23 E.83
G1 X90.24 Y105.614 E.83862
;WIDTH:0.399902
G1 X90.2 Y104.993 E.84719
G1 X90.2 Y90.389 E1.04825
;WIDTH:0.432327
G1 X90.216 Y90.31 E1.04946
;WIDTH:0.464752
G1 X90.226 Y90.262 E1.05025
G1 X90.418 Y90.204 F7800
;LAYER_CHANGE
;Z:5.06
;HEIGHT:0.11
G1 Z5.06 F7800
G1 X90.232 Y90.232
G92 E0
G1 F913
G1 X90.31 Y90.216 E.00129
;WIDTH:0.432572
G1 X90.388 Y90.2 E.00248
;WIDTH:0.400392
G1 X109.612 Y90.2 E.26749
;WIDTH:0.432571
G1 X109.69 Y90.216 E.26868
;WIDTH:0.46475
G1 X109.768 Y90.232 E.26997
G1 X109.784 Y90.31 E.27126
;WIDTH:0.432326
G1 X109.8 Y90.389 E.27247
;WIDTH:0.399902
G1 X109.8 Y109.611 E.5371
;WIDTH:0.432326
G1 X109.784 Y109.69 E.53831
;WIDTH:0.46475
G1 X109.768 Y109.768 E.5396
G1 X109.69 Y109.784 E.54089
;WIDTH:0.432571
G1 X109.612 Y109.8 E.54208
;WIDTH:0.400392
G1 X94.987 Y109.799 E.74369
;WIDTH:0.399526
G1 X94.361 Y109.756 E.75232
G1 X93.746 Y109.633 E.76095
G1 X93.152 Y109.429 E.76959
G1 X92.59 Y109.15 E.77822
G1 X92.069 Y108.8 E.78685
;WIDTH:0.399258
G1 X91.598 Y108.385 E.79548
;WIDTH:0.399524
G1 X91.185 Y107.912 E.80412
G1 X90.838 Y107.389 E.81275
;WIDTH:0.399018
G1 X90.562 Y106.825 E.82137
G1 X90.361 Y106.23 E.83
G1 X90.24 Y105.614 E.83862
;WIDTH:0.399902
G1 X90.2 Y104.993 E.84719
G1 X90.2 Y90.389 E1.04825
;WIDTH:0.432327
G1 X90.216 Y90.31 E1.04946
;WIDTH:0.464752
G1 X90.226 Y90.262 E1.05025
G1 X90.418 Y90.204 F7800
;LAYER_CHANGE
;Z:5.17
;HEIGHT:0.11
G1 Z5.17 F7800
G1 X90.232 Y90.232
G92 E0
G1 F913
G1 X90.31 Y90.216 E.00129
;WIDTH:0.432572
G1 X90.388 Y90.2 E.00248
;WIDTH:0.400392
G1 X109.612 Y90.2 E.26749
;WIDTH:0.432571
G1 X109.69 Y90.216 E.26868
;WIDTH:0.46475
G1 X109.768 Y90.232 E.26997
G1 X109.784 Y90.31 E.27126
;WIDTH:0.432326
G1 X109.8 Y90.389 E.27247
;WIDTH:0.399902
G1 X109.8 Y109.611 E.5371
;WIDTH:0.432326
G1 X109.784 Y109.69 E.53831
;WIDTH:0.46475
G1 X109.768 Y109.768 E.5396
G1 X109.69 Y109.784 E.54089
;WIDTH:0.432571
G1 X109.612 Y109.8 E.54208
;WIDTH:0.400392
G1 X94.987 Y109.799 E.74369
;WIDTH:0.399526
G1 X94.361 Y109.756 E.75232
G1 X93.746 Y109.633 E.76095
G1 X93.152 Y109.429 E.76959
G1 X92.59 Y109.15 E.77822
G1 X92.069 Y108.8 E.78685
;WIDTH:0.399258
G1 X91.598 Y108.385 E.79548
;WIDTH:0.399524
G1 X91.185 Y107.912 E.80412
G1 X90.838 Y107.389 E.81275
;WIDTH:0.399018
G1 X90.562 Y106.825 E.82137
G1 X90.361 Y106.23 E.83
G1 X90.24 Y105.614 E.83862
;WIDTH:0.399902
G1 X90.2 Y104.993 E.84719
G1 X90.2 Y90.389 E1.04825
;WIDTH:0.432327
G1 X90.216 Y90.31 E1.04946
;WIDTH:0.464752
G1 X90.226 Y90.262 E1.05025
G1 X90.418 Y90.204 F7800
;LAYER_CHANGE
;Z:5.28
;HEIGHT:0.11
G1 Z5.28 F7800
G1 X90.232 Y90.232
G92 E0
G1 F913
G1 X90.31 Y90.216 E.00129
;WIDTH:0.432572
G1 X90.388 Y90.2 E.00248
;WIDTH:0.400392
G1 X109.612 Y90.2 E.26749
;WIDTH:0.432571
G1 X109.69 Y90.216 E.26868
;WIDTH:0.46475
G1 X109.768 Y90.232 E.26997
G1 X109.784 Y90.31 E.27126
;WIDTH:0.432326
G1 X109.8 Y90.389 E.27247
;WIDTH:0.399902
G1 X109.8 Y109.611 E.5371
;WIDTH:0.432326
G1 X109.784 Y109.69 E.53831
;WIDTH:0.46475
G1 X109.768 Y109.768 E.5396
G1 X109.69 Y109.784 E.54089
;WIDTH:0.432571
G1 X109.612 Y109.8 E.54208
;WIDTH:0.400392
G1 X94.987 Y109.799 E.74369
;WIDTH:0.399526
G1 X94.361 Y109.756 E.75232
G1 X93.746 Y109.633 E.76095
G1 X93.152 Y109.429 E.76959
G1 X92.59 Y109.15 E.77822
G1 X92.069 Y108.8 E.78685
;WIDTH:0.399258
G1 X91.598 Y108.385 E.79548
;WIDTH:0.399524
G1 X91.185 Y107.912 E.80412
G1 X90.838 Y107.389 E.81275
;WIDTH:0.399018
G1 X90.562 Y106.825 E.82137
G1 X90.361 Y106.23 E.83
G1 X90.24 Y105.614 E.83862
;WIDTH:0.399902
G1 X90.2 Y104.993 E.84719
G1 X90.2 Y90.389 E1.04825
;WIDTH:0.432327
G1 X90.216 Y90.31 E1.04946
;WIDTH:0.464752
G1 X90.226 Y90.262 E1.05025
G1 X90.418 Y90.204 F7800
;LAYER_CHANGE
;Z:5.39
;HEIGHT:0.11
G1 Z5.39 F7800
G1 X90.232 Y90.232
G92 E0
G1 F913
G1 X90.31 Y90.216 E.00129
;WIDTH:0.432572
G1 X90.388 Y90.2 E.00248
;WIDTH:0.400392
G1 X109.612 Y90.2 E.26749
;WIDTH:0.432571
G1 X109.69 Y90.216 E.26868
;WIDTH:0.46475
G1 X109.768 Y90.232 E.26997
G1 X109.784 Y90.31 E.27126
;WIDTH:0.432326
G1 X109.8 Y90.389 E.27247
;WIDTH:0.399902
G1 X109.8 Y109.611 E.5371
;WIDTH:0.432326
G1 X109.784 Y109.69 E.53831
;WIDTH:0.46475
G1 X109.768 Y109.768 E.5396
G1 X109.69 Y109.784 E.54089
;WIDTH:0.432571
G1 X109.612 Y109.8 E.54208
;WIDTH:0.400392
G1 X94.987 Y109.799 E.74369
;WIDTH:0.399526
G1 X94.361 Y109.756 E.75232
G1 X93.746 Y109.633 E.76095
G1 X93.152 Y109.429 E.76959
G1 X92.59 Y109.15 E.77822
G1 X92.069 Y108.8 E.78685
;WIDTH:0.39926
G1 X91.598 Y108.385 E.79548
;WIDTH:0.399526
G1 X91.185 Y107.912 E.80412
G1 X90.838 Y107.389 E.81275
;WIDTH:0.399018
G1 X90.562 Y106.825 E.82137
G1 X90.361 Y106.23 E.83
G1 X90.24 Y105.614 E.83862
;WIDTH:0.399902
G1 X90.2 Y104.993 E.84719
G1 X90.2 Y90.389 E1.04825
;WIDTH:0.432327
G1 X90.216 Y90.31 E1.04946
;WIDTH:0.464752
G1 X90.226 Y90.262 E1.05025
G1 X90.418 Y90.204 F7800
;LAYER_CHANGE
;Z:5.5
;HEIGHT:0.11
G1 Z5.5 F7800
G1 X90.232 Y90.232
G92 E0
G1 F913
G1 X90.31 Y90.216 E.00129
;WIDTH:0.432572
G1 X90.388 Y90.2 E.00248
;WIDTH:0.400392
G1 X109.612 Y90.2 E.26749
;WIDTH:0.432571
G1 X109.69 Y90.216 E.26868
;WIDTH:0.46475
G1 X109.768 Y90.232 E.26997
G1 X109.784 Y90.31 E.27126
;WIDTH:0.432326
G1 X109.8 Y90.389 E.27247
;WIDTH:0.399902
G1 X109.8 Y109.611 E.5371
;WIDTH:0.432326
G1 X109.784 Y109.69 E.53831
;WIDTH:0.46475
G1 X109.768 Y109.768 E.5396
G1 X109.69 Y109.784 E.54089
;WIDTH:0.432571
G1 X109.612 Y109.8 E.54208
;WIDTH:0.400392
G1 X94.987 Y109.799 E.74369
;WIDTH:0.399526
G1 X94.361 Y109.756 E.75232
G1 X93.746 Y109.633 E.76095
G1 X93.152 Y109.429 E.76959
G1 X92.59 Y109.15 E.77822
G1 X92.069 Y108.8 E.78685
;WIDTH:0.399258
G1 X91.598 Y108.385 E.79548
;WIDTH:0.399526
G1 X91.185 Y107.912 E.80412
G1 X90.838 Y107.389 E.81275
;WIDTH:0.399018
G1 X90.562 Y106.825 E.82137
G1 X90.361 Y106.23 E.83
G1 X90.24 Y105.614 E.83862
;WIDTH:0.399902
G1 X90.2 Y104.993 E.84719
G1 X90.2 Y90.389 E1.04825
;WIDTH:0.432327
G1 X90.216 Y90.31 E1.04946
;WIDTH:0.464752
G1 X90.226 Y90.262 E1.05025
G1 X90.418 Y90.204 F7800
;LAYER_CHANGE
;Z:5.61
;HEIGHT:0.11
G1 Z5.61 F7800
G1 X90.232 Y90.232
G92 E0
G1 F913
G1 X90.31 Y90.216 E.00129
;WIDTH:0.432572
G1 X90.388 Y90.2 E.00248
;WIDTH:0.400392
G1 X109.612 Y90.2 E.26749
;WIDTH:0.432571
G1 X109.69 Y90.216 E.26868
;WIDTH:0.46475
G1 X109.768 Y90.232 E.26997
G1 X109.784 Y90.31 E.27126
;WIDTH:0.432326
G1 X109.8 Y90.389 E.27247
;WIDTH:0.399902
G1 X109.8 Y109.611 E.5371
;WIDTH:0.432326
G1 X109.784 Y109.69 E.53831
;WIDTH:0.46475
G1 X109.768 Y109.768 E.5396
G1 X109.69 Y109.784 E.54089
;WIDTH:0.432571
G1 X109.612 Y109.8 E.54208
;WIDTH:0.400392
G1 X94.987 Y109.799 E.74369
;WIDTH:0.399526
G1 X94.361 Y109.756 E.75232
G1 X93.746 Y109.633 E.76095
G1 X93.152 Y109.429 E.76959
G1 X92.59 Y109.15 E.77822
G1 X92.069 Y108.8 E.78685
;WIDTH:0.39926
G1 X91.598 Y108.385 E.79548
;WIDTH:0.399526
G1 X91.185 Y107.912 E.80412
G1 X90.838 Y107.389 E.81275
;WIDTH:0.399018
G1 X90.562 Y106.825 E.82137
G1 X90.361 Y106.23 E.83
G1 X90.24 Y105.614 E.83862
;WIDTH:0.399902
G1 X90.2 Y104.993 E.84719
G1 X90.2 Y90.389 E1.04825
;WIDTH:0.432327
G1 X90.216 Y90.31 E1.04946
;WIDTH:0.464752
G1 X90.226 Y90.262 E1.05025
G1 X90.418 Y90.204 F7800
;LAYER_CHANGE
;Z:5.72
;HEIGHT:0.11
G1 Z5.72 F7800
G1 X90.232 Y90.232
G92 E0
G1 F913
G1 X90.31 Y90.216 E.00129
;WIDTH:0.432572
G1 X90.388 Y90.2 E.00248
;WIDTH:0.400392
G1 X109.612 Y90.2 E.26749
;WIDTH:0.432571
G1 X109.69 Y90.216 E.26868
;WIDTH:0.46475
G1 X109.768 Y90.232 E.26997
G1 X109.784 Y90.31 E.27126
;WIDTH:0.432326
G1 X109.8 Y90.389 E.27247
;WIDTH:0.399902
G1 X109.8 Y109.611 E.5371
;WIDTH:0.432326
G1 X109.784 Y109.69 E.53831
;WIDTH:0.46475
G1 X109.768 Y109.768 E.5396
G1 X109.69 Y109.784 E.54089
;WIDTH:0.432571
G1 X109.612 Y109.8 E.54208
;WIDTH:0.400392
G1 X94.987 Y109.799 E.74369
;WIDTH:0.399526
G1 X94.361 Y109.756 E.75232
G1 X93.746 Y109.633 E.76095
G1 X93.152 Y109.429 E.76959
G1 X92.59 Y109.15 E.77822
G1 X92.069 Y108.8 E.78685
;WIDTH:0.399258
G1 X91.598 Y108.385 E.79548
;WIDTH:0.399524
G1 X91.185 Y107.912 E.80412
G1 X90.838 Y107.389 E.81275
;WIDTH:0.399018
G1 X90.562 Y106.825 E.82137
G1 X90.361 Y106.23 E.83
G1 X90.24 Y105.614 E.83862
;WIDTH:0.399902
G1 X90.2 Y104.993 E.84719
G1 X90.2 Y90.389 E1.04825
;WIDTH:0.432327
G1 X90.216 Y90.31 E1.04946
;WIDTH:0.464752
G1 X90.226 Y90.262 E1.05025
G1 X90.418 Y90.204 F7800
;LAYER_CHANGE
;Z:5.83
;HEIGHT:0.11
G1 Z5.83 F7800
G1 X90.232 Y90.232
G92 E0
G1 F913
G1 X90.31 Y90.216 E.00129
;WIDTH:0.432572
G1 X90.388 Y90.2 E.00248
;WIDTH:0.400392
G1 X109.612 Y90.2 E.26749
;WIDTH:0.432571
G1 X109.69 Y90.216 E.26868
;WIDTH:0.46475
G1 X109.768 Y90.232 E.26997
G1 X109.784 Y90.31 E.27126
;WIDTH:0.432326
G1 X109.8 Y90.389 E.27247
;WIDTH:0.399902
G1 X109.8 Y109.611 E.5371
;WIDTH:0.432326
G1 X109.784 Y109.69 E.53831
;WIDTH:0.46475
G1 X109.768 Y109.768 E.5396
G1 X109.69 Y109.784 E.54089
;WIDTH:0.432571
G1 X109.612 Y109.8 E.54208
;WIDTH:0.400392
G1 X94.987 Y109.799 E.74369
;WIDTH:0.399526
G1 X94.361 Y109.756 E.75232
G1 X93.746 Y109.633 E.76095
G1 X93.152 Y109.429 E.76959
G1 X92.59 Y109.15 E.77822
G1 X92.069 Y108.8 E.78685
;WIDTH:0.399258
G1 X91.598 Y108.385 E.79548
;WIDTH:0.399524
G1 X91.185 Y107.912 E.80412
G1 X90.838 Y107.389 E.81275
;WIDTH:0.399018
G1 X90.562 Y106.825 E.82137
G1 X90.361 Y106.23 E.83
G1 X90.24 Y105.614 E.83862
;WIDTH:0.399902
G1 X90.2 Y104.993 E.84719
G1 X90.2 Y90.389 E1.04825
;WIDTH:0.432327
G1 X90.216 Y90.31 E1.04946
;WIDTH:0.464752
G1 X90.226 Y90.262 E1.05025
G1 X90.418 Y90.204 F7800
;LAYER_CHANGE
;Z:5.94
;HEIGHT:0.11
G1 Z5.94 F7800
G1 X90.232 Y90.232
G92 E0
G1 F913
G1 X90.31 Y90.216 E.00129
;WIDTH:0.432572
G1 X90.388 Y90.2 E.00248
;WIDTH:0.400392
G1 X109.612 Y90.2 E.26749
;WIDTH:0.432571
G1 X109.69 Y90.216 E.26868
;WIDTH:0.46475
G1 X109.768 Y90.232 E.26997
G1 X109.784 Y90.31 E.27126
;WIDTH:0.432326
G1 X109.8 Y90.389 E.27247
;WIDTH:0.399902
G1 X109.8 Y109.611 E.5371
;WIDTH:0.432326
G1 X109.784 Y109.69 E.53831
;WIDTH:0.46475
G1 X109.768 Y109.768 E.5396
G1 X109.69 Y109.784 E.54089
;WIDTH:0.432571
G1 X109.612 Y109.8 E.54208
;WIDTH:0.400392
G1 X94.987 Y109.799 E.74369
;WIDTH:0.399526
G1 X94.361 Y109.756 E.75232
G1 X93.746 Y109.633 E.76095
G1 X93.152 Y109.429 E.76959
G1 X92.59 Y109.15 E.77822
G1 X92.069 Y108.8 E.78685
;WIDTH:0.39926
G1 X91.598 Y108.385 E.79548
;WIDTH:0.399526
G1 X91.185 Y107.912 E.80412
G1 X90.838 Y107.389 E.81275
;WIDTH:0.399018
G1 X90.562 Y106.825 E.82137
G1 X90.361 Y106.23 E.83
G1 X90.24 Y105.614 E.83862
;WIDTH:0.399902
G1 X90.2 Y104.993 E.84719
G1 X90.2 Y90.389 E1.04825
;WIDTH:0.432327
G1 X90.216 Y90.31 E1.04946
;WIDTH:0.464752
G1 X90.226 Y90.262 E1.05025
G1 X90.418 Y90.204 F7800
;LAYER_CHANGE
;Z:6.05
;HEIGHT:0.11
G1 Z6.05 F7800
G1 X90.232 Y90.232
G92 E0
G1 F913
G1 X90.31 Y90.216 E.00129
;WIDTH:0.432572
G1 X90.388 Y90.2 E.00248
;WIDTH:0.400392
G1 X109.612 Y90.2 E.26749
;WIDTH:0.432571
G1 X109.69 Y90.216 E.26868
;WIDTH:0.46475
G1 X109.768 Y90.232 E.26997
G1 X109.784 Y90.31 E.27126
;WIDTH:0.432326
G1 X109.8 Y90.389 E.27247
;WIDTH:0.399902
G1 X109.8 Y109.611 E.5371
;WIDTH:0.432326
G1 X109.784 Y109.69 E.53831
;WIDTH:0.46475
G1 X109.768 Y109.768 E.5396
G1 X109.69 Y109.784 E.54089
;WIDTH:0.432571
G1 X109.612 Y109.8 E.54208
;WIDTH:0.400392
G1 X94.987 Y109.799 E.74369
;WIDTH:0.399526
G1 X94.361 Y109.756 E.75232
G1 X93.746 Y109.633 E.76095
G1 X93.152 Y109.429 E.76959
G1 X92.59 Y109.15 E.77822
G1 X92.069 Y108.8 E.78685
;WIDTH:0.399258
G1 X91.598 Y108.385 E.79548
;WIDTH:0.399526
G1 X91.185 Y107.912 E.80412
G1 X90.838 Y107.389 E.81275
;WIDTH:0.399018
G1 X90.562 Y106.825 E.82137
G1 X90.361 Y106.23 E.83
G1 X90.24 Y105.614 E.83862
;WIDTH:0.399902
G1 X90.2 Y104.993 E.84719
G1 X90.2 Y90.389 E1.04825
;WIDTH:0.432327
G1 X90.216 Y90.31 E1.04946
;WIDTH:0.464752
G1 X90.226 Y90.262 E1.05025
G1 X90.418 Y90.204 F7800
;LAYER_CHANGE
;Z:6.16
;HEIGHT:0.11
G1 Z6.16 F7800
G1 X90.232 Y90.232
G92 E0
G1 F913
G1 X90.31 Y90.216 E.00129
;WIDTH:0.432572
G1 X90.388 Y90.2 E.00248
;WIDTH:0.400392
G1 X109.612 Y90.2 E.26749
;WIDTH:0.432571
G1 X109.69 Y90.216 E.26868
;WIDTH:0.46475
G1 X109.768 Y90.232 E.26997
G1 X109.784 Y90.31 E.27126
;WIDTH:0.432326
G1 X109.8 Y90.389 E.27247
;WIDTH:0.399902
G1 X109.8 Y109.611 E.5371
;WIDTH:0.432326
G1 X109.784 Y109.69 E.53831
;WIDTH:0.46475
G1 X109.768 Y109.768 E.5396
G1 X109.69 Y109.784 E.54089
;WIDTH:0.432571
G1 X109.612 Y109.8 E.54208
;WIDTH:0.400392
G1 X94.987 Y109.799 E.74369
;WIDTH:0.399526
G1 X94.361 Y109.756 E.75232
G1 X93.746 Y109.633 E.76095
G1 X93.152 Y109.429 E.76959
G1 X92.59 Y109.15 E.77822
G1 X92.069 Y108.8 E.78685
;WIDTH:0.399258
G1 X91.598 Y108.385 E.79548
;WIDTH:0.399526
G1 X91.185 Y107.912 E.80412
G1 X90.838 Y107.389 E.81275
;WIDTH:0.399018
G1 X90.562 Y106.825 E.82137
G1 X90.361 Y106.23 E.83
G1 X90.24 Y105.614 E.83862
;WIDTH:0.399902
G1 X90.2 Y104.993 E.84719
G1 X90.2 Y90.389 E1.04825
;WIDTH:0.432327
G1 X90.216 Y90.31 E1.04946
;WIDTH:0.464752
G1 X90.226 Y90.262 E1.05025
G1 X90.418 Y90.204 F7800
;LAYER_CHANGE
;Z:6.27
;HEIGHT:0.11
G1 Z6.27 F7800
G1 X90.232 Y90.232
G92 E0
G1 F913
G1 X90.31 Y90.216 E.00129
;WIDTH:0.432572
G1 X90.388 Y90.2 E.00248
;WIDTH:0.400392
G1 X109.612 Y90.2 E.26749
;WIDTH:0.432571
G1 X109.69 Y90.216 E.26868
;WIDTH:0.46475
G1 X109.768 Y90.232 E.26997
G1 X109.784 Y90.31 E.27126
;WIDTH:0.432326
G1 X109.8 Y90.389 E.27247
;WIDTH:0.399902
G1 X109.8 Y109.611 E.5371
;WIDTH:0.432326
G1 X109.784 Y109.69 E.53831
;WIDTH:0.46475
G1 X109.768 Y109.768 E.5396
G1 X109.69 Y109.784 E.54089
;WIDTH:0.432571
G1 X109.612 Y109.8 E.54208
;WIDTH:0.400392
G1 X94.987 Y109.799 E.74369
;WIDTH:0.399526
G1 X94.361 Y109.756 E.75232
G1 X93.746 Y109.633 E.76095
G1 X93.152 Y109.429 E.76959
G1 X92.59 Y109.15 E.77822
G1 X92.069 Y108.8 E.78685
;WIDTH:0.39926
G1 X91.598 Y108.385 E.79548
;WIDTH:0.399526
G1 X91.185 Y107.912 E.80412
G1 X90.838 Y107.389 E.81275
;WIDTH:0.399018
G1 X90.562 Y106.825 E.82137
G1 X90.361 Y106.23 E.83
G1 X90.24 Y105.614 E.83862
;WIDTH:0.399902
G1 X90.2 Y104.993 E.84719
G1 X90.2 Y90.389 E1.04825
;WIDTH:0.432327
G1 X90.216 Y90.31 E1.04946
;WIDTH:0.464752
G1 X90.226 Y90.262 E1.05025
G1 X90.418 Y90.204 F7800
;LAYER_CHANGE
;Z:6.38
;HEIGHT:0.11
G1 Z6.38 F7800
G1 X90.232 Y90.232
G92 E0
G1 F913
G1 X90.31 Y90.216 E.00129
;WIDTH:0.432572
G1 X90.388 Y90.2 E.00248
;WIDTH:0.400392
G1 X109.612 Y90.2 E.26749
;WIDTH:0.432571
G1 X109.69 Y90.216 E.26868
;WIDTH:0.46475
G1 X109.768 Y90.232 E.26997
G1 X109.784 Y90.31 E.27126
;WIDTH:0.432326
G1 X109.8 Y90.389 E.27247
;WIDTH:0.399902
G1 X109.8 Y109.611 E.5371
;WIDTH:0.432326
G1 X109.784 Y109.69 E.53831
;WIDTH:0.46475
G1 X109.768 Y109.768 E.5396
G1 X109.69 Y109.784 E.54089
;WIDTH:0.432571
G1 X109.612 Y109.8 E.54208
;WIDTH:0.400392
G1 X94.987 Y109.799 E.74369
;WIDTH:0.399526
G1 X94.361 Y109.756 E.75232
G1 X93.746 Y109.633 E.76095
G1 X93.152 Y109.429 E.76959
G1 X92.59 Y109.15 E.77822
G1 X92.069 Y108.8 E.78685
;WIDTH:0.399258
G1 X91.598 Y108.385 E.79548
;WIDTH:0.399524
G1 X91.185 Y107.912 E.80412
G1 X90.838 Y107.389 E.81275
;WIDTH:0.399018
G1 X90.562 Y106.825 E.82137
G1 X90.361 Y106.23 E.83
G1 X90.24 Y105.614 E.83862
;WIDTH:0.399902
G1 X90.2 Y104.993 E.84719
G1 X90.2 Y90.389 E1.04825
;WIDTH:0.432327
G1 X90.216 Y90.31 E1.04946
;WIDTH:0.464752
G1 X90.226 Y90.262 E1.05025
G1 X90.418 Y90.204 F7800
;LAYER_CHANGE
;Z:6.49
;HEIGHT:0.11
G1 Z6.49 F7800
G1 X90.232 Y90.232
G92 E0
G1 F913
G1 X90.31 Y90.216 E.00129
;WIDTH:0.432572
G1 X90.388 Y90.2 E.00248
;WIDTH:0.400392
G1 X109.612 Y90.2 E.26749
;WIDTH:0.432571
G1 X109.69 Y90.216 E.26868
;WIDTH:0.46475
G1 X109.768 Y90.232 E.26997
G1 X109.784 Y90.31 E.27126
;WIDTH:0.432326
G1 X109.8 Y90.389 E.27247
;WIDTH:0.399902
G1 X109.8 Y109.611 E.5371
;WIDTH:0.432326
G1 X109.784 Y109.69 E.53831
;WIDTH:0.46475
G1 X109.768 Y109.768 E.5396
G1 X109.69 Y109.784 E.54089
;WIDTH:0.432571
G1 X109.612 Y109.8 E.54208
;WIDTH:0.400392
G1 X94.987 Y109.799 E.74369
;WIDTH:0.399526
G1 X94.361 Y109.756 E.75232
G1 X93.746 Y109.633 E.76095
G1 X93.152 Y109.429 E.76959
G1 X92.59 Y109.15 E.77822
G1 X92.069 Y108.8 E.78685
;WIDTH:0.399258
G1 X91.598 Y108.385 E.79548
;WIDTH:0.399526
G1 X91.185 Y107.912 E.80412
G1 X90.838 Y107.389 E.81275
;WIDTH:0.399018
G1 X90.562 Y106.825 E.82137
G1 X90.361 Y106.23 E.83
G1 X90.24 Y105.614 E.83862
;WIDTH:0.399902
G1 X90.2 Y104.993 E.84719
G1 X90.2 Y90.389 E1.04825
;WIDTH:0.432327
G1 X90.216 Y90.31 E1.04946
;WIDTH:0.464752
G1 X90.226 Y90.262 E1.05025
G1 X90.418 Y90.204 F7800
;LAYER_CHANGE
;Z:6.6
;HEIGHT:0.11
G1 Z6.6 F7800
G1 X90.232 Y90.232
G92 E0
G1 F913
G1 X90.31 Y90.216 E.00129
;WIDTH:0.432572
G1 X90.388 Y90.2 E.00248
;WIDTH:0.400392
G1 X109.612 Y90.2 E.26749
;WIDTH:0.432571
G1 X109.69 Y90.216 E.26868
;WIDTH:0.46475
G1 X109.768 Y90.232 E.26997
G1 X109.784 Y90.31 E.27126
;WIDTH:0.432326
G1 X109.8 Y90.389 E.27247
;WIDTH:0.399902
G1 X109.8 Y109.611 E.5371
;WIDTH:0.432326
G1 X109.784 Y109.69 E.53831
;WIDTH:0.46475
G1 X109.768 Y109.768 E.5396
G1 X109.69 Y109.784 E.54089
;WIDTH:0.432571
G1 X109.612 Y109.8 E.54208
;WIDTH:0.400392
G1 X94.987 Y109.799 E.74369
;WIDTH:0.399526
G1 X94.361 Y109.756 E.75232
G1 X93.746 Y109.633 E.76095
G1 X93.152 Y109.429 E.76959
G1 X92.59 Y109.15 E.77822
G1 X92.069 Y108.8 E.78685
;WIDTH:0.399258
G1 X91.598 Y108.385 E.79548
;WIDTH:0.399526
G1 X91.185 Y107.912 E.80412
G1 X90.838 Y107.389 E.81275
;WIDTH:0.399018
G1 X90.562 Y106.825 E.82137
G1 X90.361 Y106.23 E.83
G1 X90.24 Y105.614 E.83862
;WIDTH:0.399902
G1 X90.2 Y104.993 E.84719
G1 X90.2 Y90.389 E1.04825
;WIDTH:0.432327
G1 X90.216 Y90.31 E1.04946
;WIDTH:0.464752
G1 X90.226 Y90.262 E1.05025
G1 X90.418 Y90.204 F7800
;LAYER_CHANGE
;Z:6.71
;HEIGHT:0.11
G1 Z6.71 F7800
G1 X90.232 Y90.232
G92 E0
G1 F913
G1 X90.31 Y90.216 E.00129
;WIDTH:0.432572
G1 X90.388 Y90.2 E.00248
;WIDTH:0.400392
G1 X109.612 Y90.2 E.26749
;WIDTH:0.432571
G1 X109.69 Y90.216 E.26868
;WIDTH:0.46475
G1 X109.768 Y90.232 E.26997
G1 X109.784 Y90.31 E.27126
;WIDTH:0.432326
G1 X109.8 Y90.389 E.27247
;WIDTH:0.399902
G1 X109.8 Y109.611 E.5371
;WIDTH:0.432326
G1 X109.784 Y109.69 E.53831
;WIDTH:0.46475
G1 X109.768 Y109.768 E.5396
G1 X109.69 Y109.784 E.54089
;WIDTH:0.432571
G1 X109.612 Y109.8 E.54208
;WIDTH:0.400392
G1 X94.987 Y109.799 E.74369
;WIDTH:0.399526
G1 X94.361 Y109.756 E.75232
G1 X93.746 Y109.633 E.76095
G1 X93.152 Y109.429 E.76959
G1 X92.59 Y109.15 E.77822
G1 X92.069 Y108.8 E.78685
;WIDTH:0.399258
G1 X91.598 Y108.385 E.79548
;WIDTH:0.399526
G1 X91.185 Y107.912 E.80412
G1 X90.838 Y107.389 E.81275
;WIDTH:0.399018
G1 X90.562 Y106.825 E.82137
G1 X90.361 Y106.23 E.83
G1 X90.24 Y105.614 E.83862
;WIDTH:0.399902
G1 X90.2 Y104.993 E.84719
G1 X90.2 Y90.389 E1.04825
;WIDTH:0.432327
G1 X90.216 Y90.31 E1.04946
;WIDTH:0.464752
G1 X90.226 Y90.262 E1.05025
G1 X90.418 Y90.204 F7800
;LAYER_CHANGE
;Z:6.82
;HEIGHT:0.11
G1 Z6.82 F7800
G1 X90.232 Y90.232
G92 E0
G1 F913
G1 X90.31 Y90.216 E.00129
;WIDTH:0.432572
G1 X90.388 Y90.2 E.00248
;WIDTH:0.400392
G1 X109.612 Y90.2 E.26749
;WIDTH:0.432571
G1 X109.69 Y90.216 E.26868
;WIDTH:0.46475
G1 X109.768 Y90.232 E.26997
G1 X109.784 Y90.31 E.27126
;WIDTH:0.432326
G1 X109.8 Y90.389 E.27247
;WIDTH:0.399902
G1 X109.8 Y109.611 E.5371
;WIDTH:0.432326
G1 X109.784 Y109.69 E.53831
;WIDTH:0.46475
G1 X109.768 Y109.768 E.5396
G1 X109.69 Y109.784 E.54089
;WIDTH:0.432571
G1 X109.612 Y109.8 E.54208
;WIDTH:0.400392
G1 X94.987 Y109.799 E.74369
;WIDTH:0.399526
G1 X94.361 Y109.756 E.75232
G1 X93.746 Y109.633 E.76095
G1 X93.152 Y109.429 E.76959
G1 X92.59 Y109.15 E.77822
G1 X92.069 Y108.8 E.78685
;WIDTH:0.39926
G1 X91.598 Y108.385 E.79548
;WIDTH:0.399526
G1 X91.185 Y107.912 E.80412
G1 X90.838 Y107.389 E.81275
;WIDTH:0.399018
G1 X90.562 Y106.825 E.82137
G1 X90.361 Y106.23 E.83
G1 X90.24 Y105.614 E.83862
;WIDTH:0.399902
G1 X90.2 Y104.993 E.84719
G1 X90.2 Y90.389 E1.04825
;WIDTH:0.432327
G1 X90.216 Y90.31 E1.04946
;WIDTH:0.464752
G1 X90.226 Y90.262 E1.05025
G1 X90.418 Y90.204 F7800
;LAYER_CHANGE
;Z:6.93
;HEIGHT:0.11
G1 Z6.93 F7800
G1 X90.232 Y90.232
G92 E0
G1 F913
G1 X90.31 Y90.216 E.00129
;WIDTH:0.432572
G1 X90.388 Y90.2 E.00248
;WIDTH:0.400392
G1 X109.612 Y90.2 E.26749
;WIDTH:0.432571
G1 X109.69 Y90.216 E.26868
;WIDTH:0.46475
G1 X109.768 Y90.232 E.26997
G1 X109.784 Y90.31 E.27126
;WIDTH:0.432326
G1 X109.8 Y90.389 E.27247
;WIDTH:0.399902
G1 X109.8 Y109.611 E.5371
;WIDTH:0.432326
G1 X109.784 Y109.69 E.53831
;WIDTH:0.46475
G1 X109.768 Y109.768 E.5396
G1 X109.69 Y109.784 E.54089
;WIDTH:0.432571
G1 X109.612 Y109.8 E.54208
;WIDTH:0.400392
G1 X94.987 Y109.799 E.74369
;WIDTH:0.399526
G1 X94.361 Y109.756 E.75232
G1 X93.746 Y109.633 E.76095
G1 X93.152 Y109.429 E.76959
G1 X92.59 Y109.15 E.77822
G1 X92.069 Y108.8 E.78685
;WIDTH:0.39926
G1 X91.598 Y108.385 E.79548
;WIDTH:0.399526
G1 X91.185 Y107.912 E.80412
G1 X90.838 Y107.389 E.81275
;WIDTH:0.399018
G1 X90.562 Y106.825 E.82137
G1 X90.361 Y106.23 E.83
G1 X90.24 Y105.614 E.83862
;WIDTH:0.399902
G1 X90.2 Y104.993 E.84719
G1 X90.2 Y90.389 E1.04825
;WIDTH:0.432327
G1 X90.216 Y90.31 E1.04946
;WIDTH:0.464752
G1 X90.226 Y90.262 E1.05025
G1 X90.418 Y90.204 F7800
;LAYER_CHANGE
;Z:7.04
;HEIGHT:0.11
G1 Z7.04 F7800
G1 X90.232 Y90.232
G92 E0
G1 F913
G1 X90.31 Y90.216 E.00129
;WIDTH:0.432572
G1 X90.388 Y90.2 E.00248
;WIDTH:0.400392
G1 X109.612 Y90.2 E.26749
;WIDTH:0.432571
G1 X109.69 Y90.216 E.26868
;WIDTH:0.46475
G1 X109.768 Y90.232 E.26997
G1 X109.784 Y90.31 E.27126
;WIDTH:0.432326
G1 X109.8 Y90.389 E.27247
;WIDTH:0.399902
G1 X109.8 Y109.611 E.5371
;WIDTH:0.432326
G1 X109.784 Y109.69 E.53831
;WIDTH:0.46475
G1 X109.768 Y109.768 E.5396
G1 X109.69 Y109.784 E.54089
;WIDTH:0.432571
G1 X109.612 Y109.8 E.54208
;WIDTH:0.400392
G1 X94.987 Y109.799 E.74369
;WIDTH:0.399526
G1 X94.361 Y109.756 E.75232
G1 X93.746 Y109.633 E.76095
G1 X93.152 Y109.429 E.76959
G1 X92.59 Y109.15 E.77822
G1 X92.069 Y108.8 E.78685
;WIDTH:0.399258
G1 X91.598 Y108.385 E.79548
;WIDTH:0.399526
G1 X91.185 Y107.912 E.80412
G1 X90.838 Y107.389 E.81275
;WIDTH:0.399018
G1 X90.562 Y106.825 E.82137
G1 X90.361 Y106.23 E.83
G1 X90.24 Y105.614 E.83862
;WIDTH:0.399902
G1 X90.2 Y104.993 E.84719
G1 X90.2 Y90.389 E1.04825
;WIDTH:0.432327
G1 X90.216 Y90.31 E1.04946
;WIDTH:0.464752
G1 X90.226 Y90.262 E1.05025
G1 X90.418 Y90.204 F7800
;LAYER_CHANGE
;Z:7.15
;HEIGHT:0.11
G1 Z7.15 F7800
G1 X90.232 Y90.232
G92 E0
G1 F913
G1 X90.31 Y90.216 E.00129
;WIDTH:0.432572
G1 X90.388 Y90.2 E.00248
;WIDTH:0.400392
G1 X109.612 Y90.2 E.26749
;WIDTH:0.432571
G1 X109.69 Y90.216 E.26868
;WIDTH:0.46475
G1 X109.768 Y90.232 E.26997
G1 X109.784 Y90.31 E.27126
;WIDTH:0.432326
G1 X109.8 Y90.389 E.27247
;WIDTH:0.399902
G1 X109.8 Y109.611 E.5371
;WIDTH:0.432326
G1 X109.784 Y109.69 E.53831
;WIDTH:0.46475
G1 X109.768 Y109.768 E.5396
G1 X109.69 Y109.784 E.54089
;WIDTH:0.432571
G1 X109.612 Y109.8 E.54208
;WIDTH:0.400392
G1 X94.987 Y109.799 E.74369
;WIDTH:0.399526
G1 X94.361 Y109.756 E.75232
G1 X93.746 Y109.633 E.76095
G1 X93.152 Y109.429 E.76959
G1 X92.59 Y109.15 E.77822
G1 X92.069 Y108.8 E.78685
;WIDTH:0.39926
G1 X91.598 Y108.385 E.79548
;WIDTH:0.399526
G1 X91.185 Y107.912 E.80412
G1 X90.838 Y107.389 E.81275
;WIDTH:0.399018
G1 X90.562 Y106.825 E.82137
G1 X90.361 Y106.23 E.83
G1 X90.24 Y105.614 E.83862
;WIDTH:0.399902
G1 X90.2 Y104.993 E.84719
G1 X90.2 Y90.389 E1.04825
;WIDTH:0.432327
G1 X90.216 Y90.31 E1.04946
;WIDTH:0.464752
G1 X90.226 Y90.262 E1.05025
G1 X90.418 Y90.204 F7800
;LAYER_CHANGE
;Z:7.26
;HEIGHT:0.11
G1 Z7.26 F7800
G1 X90.232 Y90.232
G92 E0
G1 F913
G1 X90.31 Y90.216 E.00129
;WIDTH:0.432572
G1 X90.388 Y90.2 E.00248
;WIDTH:0.400392
G1 X109.612 Y90.2 E.26749
;WIDTH:0.432571
G1 X109.69 Y90.216 E.26868
;WIDTH:0.46475
G1 X109.768 Y90.232 E.26997
G1 X109.784 Y90.31 E.27126
;WIDTH:0.432326
G1 X109.8 Y90.389 E.27247
;WIDTH:0.399902
G1 X109.8 Y109.611 E.5371
;WIDTH:0.432326
G1 X109.784 Y109.69 E.53831
;WIDTH:0.46475
G1 X109.768 Y109.768 E.5396
G1 X109.69 Y109.784 E.54089
;WIDTH:0.432571
G1 X109.612 Y109.8 E.54208
;WIDTH:0.400392
G1 X94.987 Y109.799 E.74369
;WIDTH:0.399526
G1 X94.361 Y109.756 E.75232
G1 X93.746 Y109.633 E.76095
G1 X93.152 Y109.429 E.76959
G1 X92.59 Y109.15 E.77822
G1 X92.069 Y108.8 E.78685
;WIDTH:0.39926
G1 X91.598 Y108.385 E.79548
;WIDTH:0.399526
G1 X91.185 Y107.912 E.80412
G1 X90.838 Y107.389 E.81275
;WIDTH:0.399018
G1 X90.562 Y106.825 E.82137
G1 X90.361 Y106.23 E.83
G1 X90.24 Y105.614 E.83862
;WIDTH:0.399902
G1 X90.2 Y104.993 E.84719
G1 X90.2 Y90.389 E1.04825
;WIDTH:0.432327
G1 X90.216 Y90.31 E1.04946
;WIDTH:0.464752
G1 X90.226 Y90.262 E1.05025
G1 X90.418 Y90.204 F7800
;LAYER_CHANGE
;Z:7.37
;HEIGHT:0.11
G1 Z7.37 F7800
G1 X90.232 Y90.232
G92 E0
G1 F913
G1 X90.31 Y90.216 E.00129
;WIDTH:0.432572
G1 X90.388 Y90.2 E.00248
;WIDTH:0.400392
G1 X109.612 Y90.2 E.26749
;WIDTH:0.432571
G1 X109.69 Y90.216 E.26868
;WIDTH:0.46475
G1 X109.768 Y90.232 E.26997
G1 X109.784 Y90.31 E.27126
;WIDTH:0.432326
G1 X109.8 Y90.389 E.27247
;WIDTH:0.399902
G1 X109.8 Y109.611 E.5371
;WIDTH:0.432326
G1 X109.784 Y109.69 E.53831
;WIDTH:0.46475
G1 X109.768 Y109.768 E.5396
G1 X109.69 Y109.784 E.54089
;WIDTH:0.432571
G1 X109.612 Y109.8 E.54208
;WIDTH:0.400392
G1 X94.987 Y109.799 E.74369
;WIDTH:0.399526
G1 X94.361 Y109.756 E.75232
G1 X93.746 Y109.633 E.76095
G1 X93.152 Y109.429 E.76959
G1 X92.59 Y109.15 E.77822
G1 X92.069 Y108.8 E.78685
;WIDTH:0.399258
G1 X91.598 Y108.385 E.79548
;WIDTH:0.399524
G1 X91.185 Y107.912 E.80412
G1 X90.838 Y107.389 E.81275
;WIDTH:0.399018
G1 X90.562 Y106.825 E.82137
G1 X90.361 Y106.23 E.83
G1 X90.24 Y105.614 E.83862
;WIDTH:0.399902
G1 X90.2 Y104.993 E.84719
G1 X90.2 Y90.389 E1.04825
;WIDTH:0.432327
G1 X90.216 Y90.31 E1.04946
;WIDTH:0.464752
G1 X90.226 Y90.262 E1.05025
G1 X90.418 Y90.204 F7800
;LAYER_CHANGE
;Z:7.48
;HEIGHT:0.11
G1 Z7.48 F7800
G1 X90.232 Y90.232
G92 E0
G1 F913
G1 X90.31 Y90.216 E.00129
;WIDTH:0.432572
G1 X90.388 Y90.2 E.00248
;WIDTH:0.400392
G1 X109.612 Y90.2 E.26749
;WIDTH:0.432571
G1 X109.69 Y90.216 E.26868
;WIDTH:0.46475
G1 X109.768 Y90.232 E.26997
G1 X109.784 Y90.31 E.27126
;WIDTH:0.432326
G1 X109.8 Y90.389 E.27247
;WIDTH:0.399902
G1 X109.8 Y109.611 E.5371
;WIDTH:0.432326
G1 X109.784 Y109.69 E.53831
;WIDTH:0.46475
G1 X109.768 Y109.768 E.5396
G1 X109.69 Y109.784 E.54089
;WIDTH:0.432571
G1 X109.612 Y109.8 E.54208
;WIDTH:0.400392
G1 X94.987 Y109.799 E.74369
;WIDTH:0.399526
G1 X94.361 Y109.756 E.75232
G1 X93.746 Y109.633 E.76095
G1 X93.152 Y109.429 E.76959
G1 X92.59 Y109.15 E.77822
G1 X92.069 Y108.8 E.78685
;WIDTH:0.399258
G1 X91.598 Y108.385 E.79548
;WIDTH:0.399526
G1 X91.185 Y107.912 E.80412
G1 X90.838 Y107.389 E.81275
;WIDTH:0.399018
G1 X90.562 Y106.825 E.82137
G1 X90.361 Y106.23 E.83
G1 X90.24 Y105.614 E.83862
;WIDTH:0.399902
G1 X90.2 Y104.993 E.84719
G1 X90.2 Y90.389 E1.04825
;WIDTH:0.432327
G1 X90.216 Y90.31 E1.04946
;WIDTH:0.464752
G1 X90.226 Y90.262 E1.05025
G1 X90.418 Y90.204 F7800
;LAYER_CHANGE
;Z:7.59
;HEIGHT:0.11
G1 Z7.59 F7800
G1 X90.232 Y90.232
G92 E0
G1 F913
G1 X90.31 Y90.216 E.00129
;WIDTH:0.432572
G1 X90.388 Y90.2 E.00248
;WIDTH:0.400392
G1 X109.612 Y90.2 E.26749
;WIDTH:0.432571
G1 X109.69 Y90.216 E.26868
;WIDTH:0.46475
G1 X109.768 Y90.232 E.26997
G1 X109.784 Y90.31 E.27126
;WIDTH:0.432326
G1 X109.8 Y90.389 E.27247
;WIDTH:0.399902
G1 X109.8 Y109.611 E.5371
;WIDTH:0.432326
G1 X109.784 Y109.69 E.53831
;WIDTH:0.46475
G1 X109.768 Y109.768 E.5396
G1 X109.69 Y109.784 E.54089
;WIDTH:0.432571
G1 X109.612 Y109.8 E.54208
;WIDTH:0.400392
G1 X94.987 Y109.799 E.74369
;WIDTH:0.399526
G1 X94.361 Y109.756 E.75232
G1 X93.746 Y109.633 E.76095
G1 X93.152 Y109.429 E.76959
G1 X92.59 Y109.15 E.77822
G1 X92.069 Y108.8 E.78685
;WIDTH:0.399258
G1 X91.598 Y108.385 E.79548
;WIDTH:0.399526
G1 X91.185 Y107.912 E.80412
G1 X90.838 Y107.389 E.81275
;WIDTH:0.399018
G1 X90.562 Y106.825 E.82137
G1 X90.361 Y106.23 E.83
G1 X90.24 Y105.614 E.83862
;WIDTH:0.399902
G1 X90.2 Y104.993 E.84719
G1 X90.2 Y90.389 E1.04825
;WIDTH:0.432327
G1 X90.216 Y90.31 E1.04946
;WIDTH:0.464752
G1 X90.226 Y90.262 E1.05025
G1 X90.418 Y90.204 F7800
;LAYER_CHANGE
;Z:7.7
;HEIGHT:0.11
G1 Z7.7 F7800
G1 X90.232 Y90.232
G92 E0
G1 F913
G1 X90.31 Y90.216 E.00129
;WIDTH:0.432572
G1 X90.388 Y90.2 E.00248
;WIDTH:0.400392
G1 X109.612 Y90.2 E.26749
;WIDTH:0.432571
G1 X109.69 Y90.216 E.26868
;WIDTH:0.46475
G1 X109.768 Y90.232 E.26997
G1 X109.784 Y90.31 E.27126
;WIDTH:0.432326
G1 X109.8 Y90.389 E.27247
;WIDTH:0.399902
G1 X109.8 Y109.611 E.5371
;WIDTH:0.432326
G1 X109.784 Y109.69 E.53831
;WIDTH:0.46475
G1 X109.768 Y109.768 E.5396
G1 X109.69 Y109.784 E.54089
;WIDTH:0.432571
G1 X109.612 Y109.8 E.54208
;WIDTH:0.400392
G1 X94.987 Y109.799 E.74369
;WIDTH:0.399526
G1 X94.361 Y109.756 E.75232
G1 X93.746 Y109.633 E.76095
G1 X93.152 Y109.429 E.76959
G1 X92.59 Y109.15 E.77822
G1 X92.069 Y108.8 E.78685
;WIDTH:0.39926
G1 X91.598 Y108.385 E.79548
;WIDTH:0.399526
G1 X91.185 Y107.912 E.80412
G1 X90.838 Y107.389 E.81275
;WIDTH:0.399018
G1 X90.562 Y106.825 E.82137
G1 X90.361 Y106.23 E.83
G1 X90.24 Y105.614 E.83862
;WIDTH:0.399902
G1 X90.2 Y104.993 E.84719
G1 X90.2 Y90.389 E1.04825
;WIDTH:0.432327
G1 X90.216 Y90.31 E1.04946
;WIDTH:0.464752
G1 X90.226 Y90.262 E1.05025
G1 X90.418 Y90.204 F7800
;LAYER_CHANGE
;Z:7.81
;HEIGHT:0.11
G1 Z7.81 F7800
G1 X90.232 Y90.232
G92 E0
G1 F913
G1 X90.31 Y90.216 E.00129
;WIDTH:0.432572
G1 X90.388 Y90.2 E.00248
;WIDTH:0.400392
G1 X109.612 Y90.2 E.26749
;WIDTH:0.432571
G1 X109.69 Y90.216 E.26868
;WIDTH:0.46475
G1 X109.768 Y90.232 E.26997
G1 X109.784 Y90.31 E.27126
;WIDTH:0.432326
G1 X109.8 Y90.389 E.27247
;WIDTH:0.399902
G1 X109.8 Y109.611 E.5371
;WIDTH:0.432326
G1 X109.784 Y109.69 E.53831
;WIDTH:0.46475
G1 X109.768 Y109.768 E.5396
G1 X109.69 Y109.784 E.54089
;WIDTH:0.432571
G1 X109.612 Y109.8 E.54208
;WIDTH:0.400392
G1 X94.987 Y109.799 E.74369
;WIDTH:0.399526
G1 X94.361 Y109.756 E.75232
G1 X93.746 Y109.633 E.76095
G1 X93.152 Y109.429 E.76959
G1 X92.59 Y109.15 E.77822
G1 X92.069 Y108.8 E.78685
;WIDTH:0.399258
G1 X91.598 Y108.385 E.79548
;WIDTH:0.399526
G1 X91.185 Y107.912 E.80412
G1 X90.838 Y107.389 E.81275
;WIDTH:0.399018
G1 X90.562 Y106.825 E.82137
G1 X90.361 Y106.23 E.83
G1 X90.24 Y105.614 E.83862
;WIDTH:0.399902
G1 X90.2 Y104.993 E.84719
G1 X90.2 Y90.389 E1.04825
;WIDTH:0.432327
G1 X90.216 Y90.31 E1.04946
;WIDTH:0.464752
G1 X90.226 Y90.262 E1.05025
G1 X90.418 Y90.204 F7800
;LAYER_CHANGE
;Z:7.92
;HEIGHT:0.11
G1 Z7.92 F7800
G1 X90.232 Y90.232
G92 E0
G1 F913
G1 X90.31 Y90.216 E.00129
;WIDTH:0.432572
G1 X90.388 Y90.2 E.00248
;WIDTH:0.400392
G1 X109.612 Y90.2 E.26749
;WIDTH:0.432571
G1 X109.69 Y90.216 E.26868
;WIDTH:0.46475
G1 X109.768 Y90.232 E.26997
G1 X109.784 Y90.31 E.27126
;WIDTH:0.432326
G1 X109.8 Y90.389 E.27247
;WIDTH:0.399902
G1 X109.8 Y109.611 E.5371
;WIDTH:0.432326
G1 X109.784 Y109.69 E.53831
;WIDTH:0.46475
G1 X109.768 Y109.768 E.5396
G1 X109.69 Y109.784 E.54089
;WIDTH:0.432571
G1 X109.612 Y109.8 E.54208
;WIDTH:0.400392
G1 X94.987 Y109.799 E.74369
;WIDTH:0.399526
G1 X94.361 Y109.756 E.75232
G1 X93.746 Y109.633 E.76095
G1 X93.152 Y109.429 E.76959
G1 X92.59 Y109.15 E.77822
G1 X92.069 Y108.8 E.78685
;WIDTH:0.399258
G1 X91.598 Y108.385 E.79548
;WIDTH:0.399526
G1 X91.185 Y107.912 E.80412
G1 X90.838 Y107.389 E.81275
;WIDTH:0.399018
G1 X90.562 Y106.825 E.82137
G1 X90.361 Y106.23 E.83
G1 X90.24 Y105.614 E.83862
;WIDTH:0.399902
G1 X90.2 Y104.993 E.84719
G1 X90.2 Y90.389 E1.04825
;WIDTH:0.432327
G1 X90.216 Y90.31 E1.04946
;WIDTH:0.464752
G1 X90.226 Y90.262 E1.05025
G1 X90.418 Y90.204 F7800
;LAYER_CHANGE
;Z:8.03
;HEIGHT:0.11
G1 Z8.03 F7800
G1 X90.232 Y90.232
G92 E0
G1 F913
G1 X90.31 Y90.216 E.00129
;WIDTH:0.432572
G1 X90.388 Y90.2 E.00248
;WIDTH:0.400392
G1 X109.612 Y90.2 E.26749
;WIDTH:0.432571
G1 X109.69 Y90.216 E.26868
;WIDTH:0.46475
G1 X109.768 Y90.232 E.26997
G1 X109.784 Y90.31 E.27126
;WIDTH:0.432326
G1 X109.8 Y90.389 E.27247
;WIDTH:0.399902
G1 X109.8 Y109.611 E.5371
;WIDTH:0.432326
G1 X109.784 Y109.69 E.53831
;WIDTH:0.46475
G1 X109.768 Y109.768 E.5396
G1 X109.69 Y109.784 E.54089
;WIDTH:0.432571
G1 X109.612 Y109.8 E.54208
;WIDTH:0.400392
G1 X94.987 Y109.799 E.74369
;WIDTH:0.399526
G1 X94.361 Y109.756 E.75232
G1 X93.746 Y109.633 E.76095
G1 X93.152 Y109.429 E.76959
G1 X92.59 Y109.15 E.77822
G1 X92.069 Y108.8 E.78685
;WIDTH:0.39926
G1 X91.598 Y108.385 E.79548
;WIDTH:0.399524
G1 X91.185 Y107.912 E.80412
G1 X90.838 Y107.389 E.81275
;WIDTH:0.399018
G1 X90.562 Y106.825 E.82137
G1 X90.361 Y106.23 E.83
G1 X90.24 Y105.614 E.83862
;WIDTH:0.399902
G1 X90.2 Y104.993 E.84719
G1 X90.2 Y90.389 E1.04825
;WIDTH:0.432327
G1 X90.216 Y90.31 E1.04946
;WIDTH:0.464752
G1 X90.226 Y90.262 E1.05025
G1 X90.418 Y90.204 F7800
;LAYER_CHANGE
;Z:8.14
;HEIGHT:0.110001
G1 Z8.14 F7800
G1 X90.232 Y90.232
G92 E0
G1 F913
G1 X90.31 Y90.216 E.00129
;WIDTH:0.432572
G1 X90.388 Y90.2 E.00248
;WIDTH:0.400392
G1 X109.612 Y90.2 E.26749
;WIDTH:0.432571
G1 X109.69 Y90.216 E.26868
;WIDTH:0.46475
G1 X109.768 Y90.232 E.26997
G1 X109.784 Y90.31 E.27126
;WIDTH:0.432326
G1 X109.8 Y90.389 E.27247
;WIDTH:0.399902
G1 X109.8 Y109.611 E.5371
;WIDTH:0.432326
G1 X109.784 Y109.69 E.53831
;WIDTH:0.46475
G1 X109.768 Y109.768 E.5396
G1 X109.69 Y109.784 E.54089
;WIDTH:0.432571
G1 X109.612 Y109.8 E.54208
;WIDTH:0.400392
G1 X94.987 Y109.799 E.74369
;WIDTH:0.399526
G1 X94.361 Y109.756 E.75232
G1 X93.746 Y109.633 E.76095
G1 X93.152 Y109.429 E.76959
G1 X92.59 Y109.15 E.77822
G1 X92.069 Y108.8 E.78685
;WIDTH:0.399258
G1 X91.598 Y108.385 E.79548
;WIDTH:0.399526
G1 X91.185 Y107.912 E.80412
G1 X90.838 Y107.389 E.81275
;WIDTH:0.399018
G1 X90.562 Y106.825 E.82137
G1 X90.361 Y106.23 E.83
G1 X90.24 Y105.614 E.83862
;WIDTH:0.399902
G1 X90.2 Y104.993 E.84719
G1 X90.2 Y90.389 E1.04825
;WIDTH:0.432327
G1 X90.216 Y90.31 E1.04946
;WIDTH:0.464752
G1 X90.226 Y90.262 E1.05025
G1 X90.418 Y90.204 F7800
;LAYER_CHANGE
;Z:8.25
;HEIGHT:0.11
G1 Z8.25 F7800
G1 X90.232 Y90.232
G92 E0
G1 F913
G1 X90.31 Y90.216 E.00129
;WIDTH:0.432572
G1 X90.388 Y90.2 E.00248
;WIDTH:0.400392
G1 X109.612 Y90.2 E.26749
;WIDTH:0.432571
G1 X109.69 Y90.216 E.26868
;WIDTH:0.46475
G1 X109.768 Y90.232 E.26997
G1 X109.784 Y90.31 E.27126
;WIDTH:0.432326
G1 X109.8 Y90.389 E.27247
;WIDTH:0.399902
G1 X109.8 Y109.611 E.5371
;WIDTH:0.432326
G1 X109.784 Y109.69 E.53831
;WIDTH:0.46475
G1 X109.768 Y109.768 E.5396
G1 X109.69 Y109.784 E.54089
;WIDTH:0.432571
G1 X109.612 Y109.8 E.54208
;WIDTH:0.400392
G1 X94.987 Y109.799 E.74369
;WIDTH:0.399526
G1 X94.361 Y109.756 E.75232
G1 X93.746 Y109.633 E.76095
G1 X93.152 Y109.429 E.76959
G1 X92.59 Y109.15 E.77822
G1 X92.069 Y108.8 E.78685
;WIDTH:0.399258
G1 X91.598 Y108.385 E.79548
;WIDTH:0.399526
G1 X91.185 Y107.912 E.80412
G1 X90.838 Y107.389 E.81275
;WIDTH:0.399018
G1 X90.562 Y106.825 E.82137
G1 X90.361 Y106.23 E.83
G1 X90.24 Y105.614 E.83862
;WIDTH:0.399902
G1 X90.2 Y104.993 E.84719
G1 X90.2 Y90.389 E1.04825
;WIDTH:0.432327
G1 X90.216 Y90.31 E1.04946
;WIDTH:0.464752
G1 X90.226 Y90.262 E1.05025
G1 X90.418 Y90.204 F7800
;LAYER_CHANGE
;Z:8.36
;HEIGHT:0.11
G1 Z8.36 F7800
G1 X90.232 Y90.232
G92 E0
G1 F913
G1 X90.31 Y90.216 E.00129
;WIDTH:0.432572
G1 X90.388 Y90.2 E.00248
;WIDTH:0.400392
G1 X109.612 Y90.2 E.26749
;WIDTH:0.432571
G1 X109.69 Y90.216 E.26868
;WIDTH:0.46475
G1 X109.768 Y90.232 E.26997
G1 X109.784 Y90.31 E.27126
;WIDTH:0.432326
G1 X109.8 Y90.389 E.27247
;WIDTH:0.399902
G1 X109.8 Y109.611 E.5371
;WIDTH:0.432326
G1 X109.784 Y109.69 E.53831
;WIDTH:0.46475
G1 X109.768 Y109.768 E.5396
G1 X109.69 Y109.784 E.54089
;WIDTH:0.432571
G1 X109.612 Y109.8 E.54208
;WIDTH:0.400392
G1 X94.987 Y109.799 E.74369
;WIDTH:0.399526
G1 X94.361 Y109.756 E.75232
G1 X93.746 Y109.633 E.76095
G1 X93.152 Y109.429 E.76959
G1 X92.59 Y109.15 E.77822
G1 X92.069 Y108.8 E.78685
;WIDTH:0.399258
G1 X91.598 Y108.385 E.79548
;WIDTH:0.399526
G1 X91.185 Y107.912 E.80412
G1 X90.838 Y107.389 E.81275
;WIDTH:0.399018
G1 X90.562 Y106.825 E.82137
G1 X90.361 Y106.23 E.83
G1 X90.24 Y105.614 E.83862
;WIDTH:0.399902
G1 X90.2 Y104.993 E.84719
G1 X90.2 Y90.389 E1.04825
;WIDTH:0.432327
G1 X90.216 Y90.31 E1.04946
;WIDTH:0.464752
G1 X90.226 Y90.262 E1.05025
G1 X90.418 Y90.204 F7800
;LAYER_CHANGE
;Z:8.47
;HEIGHT:0.110001
G1 Z8.47 F7800
G1 X90.232 Y90.232
G92 E0
G1 F913
G1 X90.31 Y90.216 E.00129
;WIDTH:0.432572
G1 X90.388 Y90.2 E.00248
;WIDTH:0.400392
G1 X109.612 Y90.2 E.26749
;WIDTH:0.432571
G1 X109.69 Y90.216 E.26868
;WIDTH:0.46475
G1 X109.768 Y90.232 E.26997
G1 X109.784 Y90.31 E.27126
;WIDTH:0.432326
G1 X109.8 Y90.389 E.27247
;WIDTH:0.399902
G1 X109.8 Y109.611 E.5371
;WIDTH:0.432326
G1 X109.784 Y109.69 E.53831
;WIDTH:0.46475
G1 X109.768 Y109.768 E.5396
G1 X109.69 Y109.784 E.54089
;WIDTH:0.432571
G1 X109.612 Y109.8 E.54208
;WIDTH:0.400392
G1 X94.987 Y109.799 E.74369
;WIDTH:0.399526
G1 X94.361 Y109.756 E.75232
G1 X93.746 Y109.633 E.76095
G1 X93.152 Y109.429 E.76959
G1 X92.59 Y109.15 E.77822
G1 X92.069 Y108.8 E.78685
;WIDTH:0.399258
G1 X91.598 Y108.385 E.79548
;WIDTH:0.399526
G1 X91.185 Y107.912 E.80412
G1 X90.838 Y107.389 E.81275
;WIDTH:0.399018
G1 X90.562 Y106.825 E.82137
G1 X90.361 Y106.23 E.83
G1 X90.24 Y105.614 E.83862
;WIDTH:0.399902
G1 X90.2 Y104.993 E.84719
G1 X90.2 Y90.389 E1.04825
;WIDTH:0.432327
G1 X90.216 Y90.31 E1.04946
;WIDTH:0.464752
G1 X90.226 Y90.262 E1.05025
G1 X90.418 Y90.204 F7800
;LAYER_CHANGE
;Z:8.58
;HEIGHT:0.11
G1 Z8.58 F7800
G1 X90.232 Y90.232
G92 E0
G1 F913
G1 X90.31 Y90.216 E.00129
;WIDTH:0.432572
G1 X90.388 Y90.2 E.00248
;WIDTH:0.400392
G1 X109.612 Y90.2 E.26749
;WIDTH:0.432571
G1 X109.69 Y90.216 E.26868
;WIDTH:0.46475
G1 X109.768 Y90.232 E.26997
G1 X109.784 Y90.31 E.27126
;WIDTH:0.432326
G1 X109.8 Y90.389 E.27247
;WIDTH:0.399902
G1 X109.8 Y109.611 E.5371
;WIDTH:0.432326
G1 X109.784 Y109.69 E.53831
;WIDTH:0.46475
G1 X109.768 Y109.768 E.5396
G1 X109.69 Y109.784 E.54089
;WIDTH:0.432571
G1 X109.612 Y109.8 E.54208
;WIDTH:0.400392
G1 X94.987 Y109.799 E.74369
;WIDTH:0.399526
G1 X94.361 Y109.756 E.75232
G1 X93.746 Y109.633 E.76095
G1 X93.152 Y109.429 E.76959
G1 X92.59 Y109.15 E.77822
G1 X92.069 Y108.8 E.78685
;WIDTH:0.399258
G1 X91.598 Y108.385 E.79548
;WIDTH:0.399526
G1 X91.185 Y107.912 E.80412
G1 X90.838 Y107.389 E.81275
;WIDTH:0.399018
G1 X90.562 Y106.825 E.82137
G1 X90.361 Y106.23 E.83
G1 X90.24 Y105.614 E.83862
;WIDTH:0.399902
G1 X90.2 Y104.993 E.84719
G1 X90.2 Y90.389 E1.04825
;WIDTH:0.432327
G1 X90.216 Y90.31 E1.04946
;WIDTH:0.464752
G1 X90.226 Y90.262 E1.05025
G1 X90.418 Y90.204 F7800
;LAYER_CHANGE
;Z:8.69
;HEIGHT:0.11
G1 Z8.69 F7800
G1 X90.232 Y90.232
G92 E0
G1 F913
G1 X90.31 Y90.216 E.00129
;WIDTH:0.432572
G1 X90.388 Y90.2 E.00248
;WIDTH:0.400392
G1 X109.612 Y90.2 E.26749
;WIDTH:0.432571
G1 X109.69 Y90.216 E.26868
;WIDTH:0.46475
G1 X109.768 Y90.232 E.26997
G1 X109.784 Y90.31 E.27126
;WIDTH:0.432326
G1 X109.8 Y90.389 E.27247
;WIDTH:0.399902
G1 X109.8 Y109.611 E.5371
;WIDTH:0.432326
G1 X109.784 Y109.69 E.53831
;WIDTH:0.46475
G1 X109.768 Y109.768 E.5396
G1 X109.69 Y109.784 E.54089
;WIDTH:0.432571
G1 X109.612 Y109.8 E.54208
;WIDTH:0.400392
G1 X94.987 Y109.799 E.74369
;WIDTH:0.399526
G1 X94.361 Y109.756 E.75232
G1 X93.746 Y109.633 E.76095
G1 X93.152 Y109.429 E.76959
G1 X92.59 Y109.15 E.77822
G1 X92.069 Y108.8 E.78685
;WIDTH:0.39926
G1 X91.598 Y108.385 E.79548
;WIDTH:0.399526
G1 X91.185 Y107.912 E.80412
G1 X90.838 Y107.389 E.81275
;WIDTH:0.399018
G1 X90.562 Y106.825 E.82137
G1 X90.361 Y106.23 E.83
G1 X90.24 Y105.614 E.83862
;WIDTH:0.399902
G1 X90.2 Y104.993 E.84719
G1 X90.2 Y90.389 E1.04825
;WIDTH:0.432327
G1 X90.216 Y90.31 E1.04946
;WIDTH:0.464752
G1 X90.226 Y90.262 E1.05025
G1 X90.418 Y90.204 F7800
;LAYER_CHANGE
;Z:8.8
;HEIGHT:0.110001
G1 Z8.8 F7800
G1 X90.232 Y90.232
G92 E0
G1 F913
G1 X90.31 Y90.216 E.00129
;WIDTH:0.432572
G1 X90.388 Y90.2 E.00248
;WIDTH:0.400392
G1 X109.612 Y90.2 E.26749
;WIDTH:0.432571
G1 X109.69 Y90.216 E.26868
;WIDTH:0.46475
G1 X109.768 Y90.232 E.26997
G1 X109.784 Y90.31 E.27126
;WIDTH:0.432326
G1 X109.8 Y90.389 E.27247
;WIDTH:0.399902
G1 X109.8 Y109.611 E.5371
;WIDTH:0.432326
G1 X109.784 Y109.69 E.53831
;WIDTH:0.46475
G1 X109.768 Y109.768 E.5396
G1 X109.69 Y109.784 E.54089
;WIDTH:0.432571
G1 X109.612 Y109.8 E.54208
;WIDTH:0.400392
G1 X94.987 Y109.799 E.74369
;WIDTH:0.399526
G1 X94.361 Y109.756 E.75232
G1 X93.746 Y109.633 E.76095
G1 X93.152 Y109.429 E.76959
G1 X92.59 Y109.15 E.77822
G1 X92.069 Y108.8 E.78685
;WIDTH:0.399258
G1 X91.598 Y108.385 E.79548
;WIDTH:0.399526
G1 X91.185 Y107.912 E.80412
G1 X90.838 Y107.389 E.81275
;WIDTH:0.399018
G1 X90.562 Y106.825 E.82137
G1 X90.361 Y106.23 E.83
G1 X90.24 Y105.614 E.83862
;WIDTH:0.399902
G1 X90.2 Y104.993 E.84719
G1 X90.2 Y90.389 E1.04825
;WIDTH:0.432327
G1 X90.216 Y90.31 E1.04946
;WIDTH:0.464752
G1 X90.226 Y90.262 E1.05025
G1 X90.418 Y90.204 F7800
;LAYER_CHANGE
;Z:8.91
;HEIGHT:0.11
G1 Z8.91 F7800
G1 X90.232 Y90.232
G92 E0
G1 F913
G1 X90.31 Y90.216 E.00129
;WIDTH:0.432572
G1 X90.388 Y90.2 E.00248
;WIDTH:0.400392
G1 X109.612 Y90.2 E.26749
;WIDTH:0.432571
G1 X109.69 Y90.216 E.26868
;WIDTH:0.46475
G1 X109.768 Y90.232 E.26997
G1 X109.784 Y90.31 E.27126
;WIDTH:0.432326
G1 X109.8 Y90.389 E.27247
;WIDTH:0.399902
G1 X109.8 Y109.611 E.5371
;WIDTH:0.432326
G1 X109.784 Y109.69 E.53831
;WIDTH:0.46475
G1 X109.768 Y109.768 E.5396
G1 X109.69 Y109.784 E.54089
;WIDTH:0.432571
G1 X109.612 Y109.8 E.54208
;WIDTH:0.400392
G1 X94.987 Y109.799 E.74369
;WIDTH:0.399526
G1 X94.361 Y109.756 E.75232
G1 X93.746 Y109.633 E.76095
G1 X93.152 Y109.429 E.76959
G1 X92.59 Y109.15 E.77822
G1 X92.069 Y108.8 E.78685
;WIDTH:0.39926
G1 X91.598 Y108.385 E.79548
;WIDTH:0.399526
G1 X91.185 Y107.912 E.80412
G1 X90.838 Y107.389 E.81275
;WIDTH:0.399018
G1 X90.562 Y106.825 E.82137
G1 X90.361 Y106.23 E.83
G1 X90.24 Y105.614 E.83862
;WIDTH:0.399902
G1 X90.2 Y104.993 E.84719
G1 X90.2 Y90.389 E1.04825
;WIDTH:0.432327
G1 X90.216 Y90.31 E1.04946
;WIDTH:0.464752
G1 X90.226 Y90.262 E1.05025
G1 X90.418 Y90.204 F7800
;LAYER_CHANGE
;Z:9.02
;HEIGHT:0.110001
G1 Z9.02 F7800
G1 X90.232 Y90.232
G92 E0
G1 F913
G1 X90.31 Y90.216 E.00129
;WIDTH:0.432572
G1 X90.388 Y90.2 E.00248
;WIDTH:0.400392
G1 X109.612 Y90.2 E.26749
;WIDTH:0.432571
G1 X109.69 Y90.216 E.26868
;WIDTH:0.46475
G1 X109.768 Y90.232 E.26997
G1 X109.784 Y90.31 E.27126
;WIDTH:0.432326
G1 X109.8 Y90.389 E.27247
;WIDTH:0.399902
G1 X109.8 Y109.611 E.5371
;WIDTH:0.432326
G1 X109.784 Y109.69 E.53831
;WIDTH:0.46475
G1 X109.768 Y109.768 E.5396
G1 X109.69 Y109.784 E.54089
;WIDTH:0.432571
G1 X109.612 Y109.8 E.54208
;WIDTH:0.400392
G1 X94.987 Y109.799 E.74369
;WIDTH:0.399526
G1 X94.361 Y109.756 E.75232
G1 X93.746 Y109.633 E.76095
G1 X93.152 Y109.429 E.76959
G1 X92.59 Y109.15 E.77822
G1 X92.069 Y108.8 E.78685
;WIDTH:0.39926
G1 X91.598 Y108.385 E.79548
;WIDTH:0.399526
G1 X91.185 Y107.912 E.80412
G1 X90.838 Y107.389 E.81275
;WIDTH:0.399018
G1 X90.562 Y106.825 E.82137
G1 X90.361 Y106.23 E.83
G1 X90.24 Y105.614 E.83862
;WIDTH:0.399902
G1 X90.2 Y104.993 E.84719
G1 X90.2 Y90.389 E1.04825
;WIDTH:0.432327
G1 X90.216 Y90.31 E1.04946
;WIDTH:0.464752
G1 X90.226 Y90.262 E1.05025
G1 X90.418 Y90.204 F7800
;LAYER_CHANGE
;Z:9.13
;HEIGHT:0.11
G1 Z9.13 F7800
G1 X90.232 Y90.232
G92 E0
G1 F913
G1 X90.31 Y90.216 E.00129
;WIDTH:0.432572
G1 X90.388 Y90.2 E.00248
;WIDTH:0.400392
G1 X109.612 Y90.2 E.26749
;WIDTH:0.432571
G1 X109.69 Y90.216 E.26868
;WIDTH:0.46475
G1 X109.768 Y90.232 E.26997
G1 X109.784 Y90.31 E.27126
;WIDTH:0.432326
G1 X109.8 Y90.389 E.27247
;WIDTH:0.399902
G1 X109.8 Y109.611 E.5371
;WIDTH:0.432326
G1 X109.784 Y109.69 E.53831
;WIDTH:0.46475
G1 X109.768 Y109.768 E.5396
G1 X109.69 Y109.784 E.54089
;WIDTH:0.432571
G1 X109.612 Y109.8 E.54208
;WIDTH:0.400392
G1 X94.987 Y109.799 E.74369
;WIDTH:0.399526
G1 X94.361 Y109.756 E.75232
G1 X93.746 Y109.633 E.76095
G1 X93.152 Y109.429 E.76959
G1 X92.59 Y109.15 E.77822
G1 X92.069 Y108.8 E.78685
;WIDTH:0.399258
G1 X91.598 Y108.385 E.79548
;WIDTH:0.399526
G1 X91.185 Y107.912 E.80412
G1 X90.838 Y107.389 E.81275
;WIDTH:0.399018
G1 X90.562 Y106.825 E.82137
G1 X90.361 Y106.23 E.83
G1 X90.24 Y105.614 E.83862
;WIDTH:0.399902
G1 X90.2 Y104.993 E.84719
G1 X90.2 Y90.389 E1.04825
;WIDTH:0.432327
G1 X90.216 Y90.31 E1.04946
;WIDTH:0.464752
G1 X90.226 Y90.262 E1.05025
G1 X90.418 Y90.204 F7800
;LAYER_CHANGE
;Z:9.24
;HEIGHT:0.11
G1 Z9.24 F7800
G1 X90.232 Y90.232
G92 E0
G1 F913
G1 X90.31 Y90.216 E.00129
;WIDTH:0.432572
G1 X90.388 Y90.2 E.00248
;WIDTH:0.400392
G1 X109.612 Y90.2 E.26749
;WIDTH:0.432571
G1 X109.69 Y90.216 E.26868
;WIDTH:0.46475
G1 X109.768 Y90.232 E.26997
G1 X109.784 Y90.31 E.27126
;WIDTH:0.432326
G1 X109.8 Y90.389 E.27247
;WIDTH:0.399902
G1 X109.8 Y109.611 E.5371
;WIDTH:0.432326
G1 X109.784 Y109.69 E.53831
;WIDTH:0.46475
G1 X109.768 Y109.768 E.5396
G1 X109.69 Y109.784 E.54089
;WIDTH:0.432571
G1 X109.612 Y109.8 E.54208
;WIDTH:0.400392
G1 X94.987 Y109.799 E.74369
;WIDTH:0.399526
G1 X94.361 Y109.756 E.75232
G1 X93.746 Y109.633 E.76095
G1 X93.152 Y109.429 E.76959
G1 X92.59 Y109.15 E.77822
G1 X92.069 Y108.8 E.78685
;WIDTH:0.39926
G1 X91.598 Y108.385 E.79548
;WIDTH:0.399526
G1 X91.185 Y107.912 E.80412
G1 X90.838 Y107.389 E.81275
;WIDTH:0.399018
G1 X90.562 Y106.825 E.82137
G1 X90.361 Y106.23 E.83
G1 X90.24 Y105.614 E.83862
;WIDTH:0.399902
G1 X90.2 Y104.993 E.84719
G1 X90.2 Y90.389 E1.04825
;WIDTH:0.432327
G1 X90.216 Y90.31 E1.04946
;WIDTH:0.464752
G1 X90.226 Y90.262 E1.05025
G1 X90.418 Y90.204 F7800
;LAYER_CHANGE
;Z:9.35
;HEIGHT:0.110001
G1 Z9.35 F7800
G1 X90.232 Y90.232
G92 E0
G1 F913
G1 X90.31 Y90.216 E.00129
;WIDTH:0.432572
G1 X90.388 Y90.2 E.00248
;WIDTH:0.400392
G1 X109.612 Y90.2 E.26749
;WIDTH:0.432571
G1 X109.69 Y90.216 E.26868
;WIDTH:0.46475
G1 X109.768 Y90.232 E.26997
G1 X109.784 Y90.31 E.27126
;WIDTH:0.432326
G1 X109.8 Y90.389 E.27247
;WIDTH:0.399902
G1 X109.8 Y109.611 E.5371
;WIDTH:0.432326
G1 X109.784 Y109.69 E.53831
;WIDTH:0.46475
G1 X109.768 Y109.768 E.5396
G1 X109.69 Y109.784 E.54089
;WIDTH:0.432571
G1 X109.612 Y109.8 E.54208
;WIDTH:0.400392
G1 X94.987 Y109.799 E.74369
;WIDTH:0.399526
G1 X94.361 Y109.756 E.75232
G1 X93.746 Y109.633 E.76095
G1 X93.152 Y109.429 E.76959
G1 X92.59 Y109.15 E.77822
G1 X92.069 Y108.8 E.78685
;WIDTH:0.399258
G1 X91.598 Y108.385 E.79548
;WIDTH:0.399526
G1 X91.185 Y107.912 E.80412
G1 X90.838 Y107.389 E.81275
;WIDTH:0.399018
G1 X90.562 Y106.825 E.82137
G1 X90.361 Y106.23 E.83
G1 X90.24 Y105.614 E.83862
;WIDTH:0.399902
G1 X90.2 Y104.993 E.84719
G1 X90.2 Y90.389 E1.04825
;WIDTH:0.432327
G1 X90.216 Y90.31 E1.04946
;WIDTH:0.464752
G1 X90.226 Y90.262 E1.05025
G1 X90.418 Y90.204 F7800
;LAYER_CHANGE
;Z:9.46
;HEIGHT:0.11
G1 Z9.46 F7800
G1 X90.232 Y90.232
G92 E0
G1 F913
G1 X90.31 Y90.216 E.00129
;WIDTH:0.432572
G1 X90.388 Y90.2 E.00248
;WIDTH:0.400392
G1 X109.612 Y90.2 E.26749
;WIDTH:0.432571
G1 X109.69 Y90.216 E.26868
;WIDTH:0.46475
G1 X109.768 Y90.232 E.26997
G1 X109.784 Y90.31 E.27126
;WIDTH:0.432326
G1 X109.8 Y90.389 E.27247
;WIDTH:0.399902
G1 X109.8 Y109.611 E.5371
;WIDTH:0.432326
G1 X109.784 Y109.69 E.53831
;WIDTH:0.46475
G1 X109.768 Y109.768 E.5396
G1 X109.69 Y109.784 E.54089
;WIDTH:0.432571
G1 X109.612 Y109.8 E.54208
;WIDTH:0.400392
G1 X94.987 Y109.799 E.74369
;WIDTH:0.399526
G1 X94.361 Y109.756 E.75232
G1 X93.746 Y109.633 E.76095
G1 X93.152 Y109.429 E.76959
G1 X92.59 Y109.15 E.77822
G1 X92.069 Y108.8 E.78685
;WIDTH:0.399258
G1 X91.598 Y108.385 E.79548
;WIDTH:0.399526
G1 X91.185 Y107.912 E.80412
G1 X90.838 Y107.389 E.81275
;WIDTH:0.399018
G1 X90.562 Y106.825 E.82137
G1 X90.361 Y106.23 E.83
G1 X90.24 Y105.614 E.83862
;WIDTH:0.399902
G1 X90.2 Y104.993 E.84719
G1 X90.2 Y90.389 E1.04825
;WIDTH:0.432327
G1 X90.216 Y90.31 E1.04946
;WIDTH:0.464752
G1 X90.226 Y90.262 E1.05025
G1 X90.418 Y90.204 F7800
;LAYER_CHANGE
;Z:9.57
;HEIGHT:0.11
G1 Z9.57 F7800
G1 X90.232 Y90.232
G92 E0
G1 F913
G1 X90.31 Y90.216 E.00129
;WIDTH:0.432572
G1 X90.388 Y90.2 E.00248
;WIDTH:0.400392
G1 X109.612 Y90.2 E.26749
;WIDTH:0.432571
G1 X109.69 Y90.216 E.26868
;WIDTH:0.46475
G1 X109.768 Y90.232 E.26997
G1 X109.784 Y90.31 E.27126
;WIDTH:0.432326
G1 X109.8 Y90.389 E.27247
;WIDTH:0.399902
G1 X109.8 Y109.611 E.5371
;WIDTH:0.432326
G1 X109.784 Y109.69 E.53831
;WIDTH:0.46475
G1 X109.768 Y109.768 E.5396
G1 X109.69 Y109.784 E.54089
;WIDTH:0.432571
G1 X109.612 Y109.8 E.54208
;WIDTH:0.400392
G1 X94.987 Y109.799 E.74369
;WIDTH:0.399526
G1 X94.361 Y109.756 E.75232
G1 X93.746 Y109.633 E.76095
G1 X93.152 Y109.429 E.76959
G1 X92.59 Y109.15 E.77822
G1 X92.069 Y108.8 E.78685
;WIDTH:0.399258
G1 X91.598 Y108.385 E.79548
;WIDTH:0.399526
G1 X91.185 Y107.912 E.80412
G1 X90.838 Y107.389 E.81275
;WIDTH:0.399018
G1 X90.562 Y106.825 E.82137
G1 X90.361 Y106.23 E.83
G1 X90.24 Y105.614 E.83862
;WIDTH:0.399902
G1 X90.2 Y104.993 E.84719
G1 X90.2 Y90.389 E1.04825
;WIDTH:0.432327
G1 X90.216 Y90.31 E1.04946
;WIDTH:0.464752
G1 X90.226 Y90.262 E1.05025
G1 X90.418 Y90.204 F7800
;LAYER_CHANGE
;Z:9.68
;HEIGHT:0.110001
G1 Z9.68 F7800
G1 X90.232 Y90.232
G92 E0
G1 F913
G1 X90.31 Y90.216 E.00129
;WIDTH:0.432572
G1 X90.388 Y90.2 E.00248
;WIDTH:0.400392
G1 X109.612 Y90.2 E.26749
;WIDTH:0.432571
G1 X109.69 Y90.216 E.26868
;WIDTH:0.46475
G1 X109.768 Y90.232 E.26997
G1 X109.784 Y90.31 E.27126
;WIDTH:0.432326
G1 X109.8 Y90.389 E.27247
;WIDTH:0.399902
G1 X109.8 Y109.611 E.5371
;WIDTH:0.432326
G1 X109.784 Y109.69 E.53831
;WIDTH:0.46475
G1 X109.768 Y109.768 E.5396
G1 X109.69 Y109.784 E.54089
;WIDTH:0.432571
G1 X109.612 Y109.8 E.54208
;WIDTH:0.400392
G1 X94.987 Y109.799 E.74369
;WIDTH:0.399526
G1 X94.361 Y109.756 E.75232
G1 X93.746 Y109.633 E.76095
G1 X93.152 Y109.429 E.76959
G1 X92.59 Y109.15 E.77822
G1 X92.069 Y108.8 E.78685
;WIDTH:0.399258
G1 X91.598 Y108.385 E.79548
;WIDTH:0.399526
G1 X91.185 Y107.912 E.80412
G1 X90.838 Y107.389 E.81275
;WIDTH:0.399018
G1 X90.562 Y106.825 E.82137
G1 X90.361 Y106.23 E.83
G1 X90.24 Y105.614 E.83862
;WIDTH:0.399902
G1 X90.2 Y104.993 E.84719
G1 X90.2 Y90.389 E1.04825
;WIDTH:0.432327
G1 X90.216 Y90.31 E1.04946
;WIDTH:0.464752
G1 X90.226 Y90.262 E1.05025
G1 X90.418 Y90.204 F7800
;LAYER_CHANGE
;Z:9.79
;HEIGHT:0.11
G1 Z9.79 F7800
G1 X90.232 Y90.232
G92 E0
G1 F913
G1 X90.31 Y90.216 E.00129
;WIDTH:0.432572
G1 X90.388 Y90.2 E.00248
;WIDTH:0.400392
G1 X109.612 Y90.2 E.26749
;WIDTH:0.432571
G1 X109.69 Y90.216 E.26868
;WIDTH:0.46475
G1 X109.768 Y90.232 E.26997
G1 X109.784 Y90.31 E.27126
;WIDTH:0.432326
G1 X109.8 Y90.389 E.27247
;WIDTH:0.399902
G1 X109.8 Y109.611 E.5371
;WIDTH:0.432326
G1 X109.784 Y109.69 E.53831
;WIDTH:0.46475
G1 X109.768 Y109.768 E.5396
G1 X109.69 Y109.784 E.54089
;WIDTH:0.432571
G1 X109.612 Y109.8 E.54208
;WIDTH:0.400392
G1 X94.987 Y109.799 E.74369
;WIDTH:0.399526
G1 X94.361 Y109.756 E.75232
G1 X93.746 Y109.633 E.76095
G1 X93.152 Y109.429 E.76959
G1 X92.59 Y109.15 E.77822
G1 X92.069 Y108.8 E.78685
;WIDTH:0.399258
G1 X91.598 Y108.385 E.79548
;WIDTH:0.399526
G1 X91.185 Y107.912 E.80412
G1 X90.838 Y107.389 E.81275
;WIDTH:0.399018
G1 X90.562 Y106.825 E.82137
G1 X90.361 Y106.23 E.83
G1 X90.24 Y105.614 E.83862
;WIDTH:0.399902
G1 X90.2 Y104.993 E.84719
G1 X90.2 Y90.389 E1.04825
;WIDTH:0.432327
G1 X90.216 Y90.31 E1.04946
;WIDTH:0.464752
G1 X90.226 Y90.262 E1.05025
G1 X90.418 Y90.204 F7800
;LAYER_CHANGE
;Z:9.9
;HEIGHT:0.11
G1 Z9.9 F7800
G1 X90.232 Y90.232
G92 E0
G1 F913
G1 X90.31 Y90.216 E.00129
;WIDTH:0.432572
G1 X90.388 Y90.2 E.00248
;WIDTH:0.400392
G1 X109.612 Y90.2 E.26749
;WIDTH:0.432571
G1 X109.69 Y90.216 E.26868
;WIDTH:0.46475
G1 X109.768 Y90.232 E.26997
G1 X109.784 Y90.31 E.27126
;WIDTH:0.432326
G1 X109.8 Y90.389 E.27247
;WIDTH:0.399902
G1 X109.8 Y109.611 E.5371
;WIDTH:0.432326
G1 X109.784 Y109.69 E.53831
;WIDTH:0.46475
G1 X109.768 Y109.768 E.5396
G1 X109.69 Y109.784 E.54089
;WIDTH:0.432571
G1 X109.612 Y109.8 E.54208
;WIDTH:0.400392
G1 X94.987 Y109.799 E.74369
;WIDTH:0.399526
G1 X94.361 Y109.756 E.75232
G1 X93.746 Y109.633 E.76095
G1 X93.152 Y109.429 E.76959
G1 X92.59 Y109.15 E.77822
G1 X92.069 Y108.8 E.78685
;WIDTH:0.399258
G1 X91.598 Y108.385 E.79548
;WIDTH:0.399526
G1 X91.185 Y107.912 E.80412
G1 X90.838 Y107.389 E.81275
;WIDTH:0.399018
G1 X90.562 Y106.825 E.82137
G1 X90.361 Y106.23 E.83
G1 X90.24 Y105.614 E.83862
;WIDTH:0.399902
G1 X90.2 Y104.993 E.84719
G1 X90.2 Y90.389 E1.04825
;WIDTH:0.432327
G1 X90.216 Y90.31 E1.04946
;WIDTH:0.464752
G1 X90.226 Y90.262 E1.05025
G1 X90.418 Y90.204 F7800
;LAYER_CHANGE
;Z:10.01
;HEIGHT:0.110001
G1 Z10.01 F7800
G1 X90.232 Y90.232
G92 E0
G1 F913
G1 X90.31 Y90.216 E.00129
;WIDTH:0.432572
G1 X90.388 Y90.2 E.00248
;WIDTH:0.400392
G1 X109.612 Y90.2 E.26749
;WIDTH:0.432571
G1 X109.69 Y90.216 E.26868
;WIDTH:0.46475
G1 X109.768 Y90.232 E.26997
G1 X109.784 Y90.31 E.27126
;WIDTH:0.432326
G1 X109.8 Y90.389 E.27247
;WIDTH:0.399902
G1 X109.8 Y109.611 E.5371
;WIDTH:0.432326
G1 X109.784 Y109.69 E.53831
;WIDTH:0.46475
G1 X109.768 Y109.768 E.5396
G1 X109.69 Y109.784 E.54089
;WIDTH:0.432571
G1 X109.612 Y109.8 E.54208
;WIDTH:0.400392
G1 X94.987 Y109.799 E.74369
;WIDTH:0.399526
G1 X94.361 Y109.756 E.75232
G1 X93.746 Y109.633 E.76095
G1 X93.152 Y109.429 E.76959
G1 X92.59 Y109.15 E.77822
G1 X92.069 Y108.8 E.78685
;WIDTH:0.399258
G1 X91.598 Y108.385 E.79548
;WIDTH:0.399526
G1 X91.185 Y107.912 E.80412
G1 X90.838 Y107.389 E.81275
;WIDTH:0.399018
G1 X90.562 Y106.825 E.82137
G1 X90.361 Y106.23 E.83
G1 X90.24 Y105.614 E.83862
;WIDTH:0.399902
G1 X90.2 Y104.993 E.84719
G1 X90.2 Y90.389 E1.04825
;WIDTH:0.432327
G1 X90.216 Y90.31 E1.04946
;WIDTH:0.464752
G1 X90.226 Y90.262 E1.05025
G1 X90.418 Y90.204 F7800
;LAYER_CHANGE
;Z:10.12
;HEIGHT:0.11
G1 Z10.12 F7800
G1 X90.232 Y90.232
G92 E0
G1 F913
G1 X90.31 Y90.216 E.00129
;WIDTH:0.432572
G1 X90.388 Y90.2 E.00248
;WIDTH:0.400392
G1 X109.612 Y90.2 E.26749
;WIDTH:0.432571
G1 X109.69 Y90.216 E.26868
;WIDTH:0.46475
G1 X109.768 Y90.232 E.26997
G1 X109.784 Y90.31 E.27126
;WIDTH:0.432326
G1 X109.8 Y90.389 E.27247
;WIDTH:0.399902
G1 X109.8 Y109.611 E.5371
;WIDTH:0.432326
G1 X109.784 Y109.69 E.53831
;WIDTH:0.46475
G1 X109.768 Y109.768 E.5396
G1 X109.69 Y109.784 E.54089
;WIDTH:0.432571
G1 X109.612 Y109.8 E.54208
;WIDTH:0.400392
G1 X94.987 Y109.799 E.74369
;WIDTH:0.399526
G1 X94.361 Y109.756 E.75232
G1 X93.746 Y109.633 E.76095
G1 X93.152 Y109.429 E.76959
G1 X92.59 Y109.15 E.77822
G1 X92.069 Y108.8 E.78685
;WIDTH:0.39926
G1 X91.598 Y108.385 E.79548
;WIDTH:0.399526
G1 X91.185 Y107.912 E.80412
G1 X90.838 Y107.389 E.81275
;WIDTH:0.399018
G1 X90.562 Y106.825 E.82137
G1 X90.361 Y106.23 E.83
G1 X90.24 Y105.614 E.83862
;WIDTH:0.399902
G1 X90.2 Y104.993 E.84719
G1 X90.2 Y90.389 E1.04825
;WIDTH:0.432327
G1 X90.216 Y90.31 E1.04946
;WIDTH:0.464752
G1 X90.226 Y90.262 E1.05025
G1 X90.418 Y90.204 F7800
;LAYER_CHANGE
;Z:10.23
;HEIGHT:0.11
G1 Z10.23 F7800
G1 X90.232 Y90.232
G92 E0
G1 F913
G1 X90.31 Y90.216 E.00129
;WIDTH:0.432572
G1 X90.388 Y90.2 E.00248
;WIDTH:0.400392
G1 X109.612 Y90.2 E.26749
;WIDTH:0.432571
G1 X109.69 Y90.216 E.26868
;WIDTH:0.46475
G1 X109.768 Y90.232 E.26997
G1 X109.784 Y90.31 E.27126
;WIDTH:0.432326
G1 X109.8 Y90.389 E.27247
;WIDTH:0.399902
G1 X109.8 Y109.611 E.5371
;WIDTH:0.432326
G1 X109.784 Y109.69 E.53831
;WIDTH:0.46475
G1 X109.768 Y109.768 E.5396
G1 X109.69 Y109.784 E.54089
;WIDTH:0.432571
G1 X109.612 Y109.8 E.54208
;WIDTH:0.400392
G1 X94.987 Y109.799 E.74369
;WIDTH:0.399526
G1 X94.361 Y109.756 E.75232
G1 X93.746 Y109.633 E.76095
G1 X93.152 Y109.429 E.76959
G1 X92.59 Y109.15 E.77822
G1 X92.069 Y108.8 E.78685
;WIDTH:0.39926
G1 X91.598 Y108.385 E.79548
;WIDTH:0.399526
G1 X91.185 Y107.912 E.80412
G1 X90.838 Y107.389 E.81275
;WIDTH:0.399018
G1 X90.562 Y106.825 E.82137
G1 X90.361 Y106.23 E.83
G1 X90.24 Y105.614 E.83862
;WIDTH:0.399902
G1 X90.2 Y104.993 E.84719
G1 X90.2 Y90.389 E1.04825
;WIDTH:0.432327
G1 X90.216 Y90.31 E1.04946
;WIDTH:0.464752
G1 X90.226 Y90.262 E1.05025
G1 X90.418 Y90.204 F7800
;LAYER_CHANGE
;Z:10.34
;HEIGHT:0.110001
G1 Z10.34 F7800
G1 X90.232 Y90.232
G92 E0
G1 F913
G1 X90.31 Y90.216 E.00129
;WIDTH:0.432572
G1 X90.388 Y90.2 E.00248
;WIDTH:0.400392
G1 X109.612 Y90.2 E.26749
;WIDTH:0.432571
G1 X109.69 Y90.216 E.26868
;WIDTH:0.46475
G1 X109.768 Y90.232 E.26997
G1 X109.784 Y90.31 E.27126
;WIDTH:0.432326
G1 X109.8 Y90.389 E.27247
;WIDTH:0.399902
G1 X109.8 Y109.611 E.5371
;WIDTH:0.432326
G1 X109.784 Y109.69 E.53831
;WIDTH:0.46475
G1 X109.768 Y109.768 E.5396
G1 X109.69 Y109.784 E.54089
;WIDTH:0.432571
G1 X109.612 Y109.8 E.54208
;WIDTH:0.400392
G1 X94.987 Y109.799 E.74369
;WIDTH:0.399526
G1 X94.361 Y109.756 E.75232
G1 X93.746 Y109.633 E.76095
G1 X93.152 Y109.429 E.76959
G1 X92.59 Y109.15 E.77822
G1 X92.069 Y108.8 E.78685
;WIDTH:0.399258
G1 X91.598 Y108.385 E.79548
;WIDTH:0.399526
G1 X91.185 Y107.912 E.80412
G1 X90.838 Y107.389 E.81275
;WIDTH:0.399018
G1 X90.562 Y106.825 E.82137
G1 X90.361 Y106.23 E.83
G1 X90.24 Y105.614 E.83862
;WIDTH:0.399902
G1 X90.2 Y104.993 E.84719
G1 X90.2 Y90.389 E1.04825
;WIDTH:0.432327
G1 X90.216 Y90.31 E1.04946
;WIDTH:0.464752
G1 X90.226 Y90.262 E1.05025
G1 X90.418 Y90.204 F7800
;LAYER_CHANGE
;Z:10.45
;HEIGHT:0.11
G1 Z10.45 F7800
G1 X90.232 Y90.232
G92 E0
G1 F913
G1 X90.31 Y90.216 E.00129
;WIDTH:0.432572
G1 X90.388 Y90.2 E.00248
;WIDTH:0.400392
G1 X109.612 Y90.2 E.26749
;WIDTH:0.432571
G1 X109.69 Y90.216 E.26868
;WIDTH:0.46475
G1 X109.768 Y90.232 E.26997
G1 X109.784 Y90.31 E.27126
;WIDTH:0.432326
G1 X109.8 Y90.389 E.27247
;WIDTH:0.399902
G1 X109.8 Y109.611 E.5371
;WIDTH:0.432326
G1 X109.784 Y109.69 E.53831
;WIDTH:0.46475
G1 X109.768 Y109.768 E.5396
G1 X109.69 Y109.784 E.54089
;WIDTH:0.432571
G1 X109.612 Y109.8 E.54208
;WIDTH:0.400392
G1 X94.987 Y109.799 E.74369
;WIDTH:0.399526
G1 X94.361 Y109.756 E.75232
G1 X93.746 Y109.633 E.76095
G1 X93.152 Y109.429 E.76959
G1 X92.59 Y109.15 E.77822
G1 X92.069 Y108.8 E.78685
;WIDTH:0.39926
G1 X91.598 Y108.385 E.79548
;WIDTH:0.399526
G1 X91.185 Y107.912 E.80412
G1 X90.838 Y107.389 E.81275
;WIDTH:0.399018
G1 X90.562 Y106.825 E.82137
G1 X90.361 Y106.23 E.83
G1 X90.24 Y105.614 E.83862
;WIDTH:0.399902
G1 X90.2 Y104.993 E.84719
G1 X90.2 Y90.389 E1.04825
;WIDTH:0.432327
G1 X90.216 Y90.31 E1.04946
;WIDTH:0.464752
G1 X90.226 Y90.262 E1.05025
G1 X90.418 Y90.204 F7800
;LAYER_CHANGE
;Z:10.56
;HEIGHT:0.110001
G1 Z10.56 F7800
G1 X90.232 Y90.232
G92 E0
G1 F913
G1 X90.31 Y90.216 E.00129
;WIDTH:0.432572
G1 X90.388 Y90.2 E.00248
;WIDTH:0.400392
G1 X109.612 Y90.2 E.26749
;WIDTH:0.432571
G1 X109.69 Y90.216 E.26868
;WIDTH:0.46475
G1 X109.768 Y90.232 E.26997
G1 X109.784 Y90.31 E.27126
;WIDTH:0.432326
G1 X109.8 Y90.389 E.27247
;WIDTH:0.399902
G1 X109.8 Y109.611 E.5371
;WIDTH:0.432326
G1 X109.784 Y109.69 E.53831
;WIDTH:0.46475
G1 X109.768 Y109.768 E.5396
G1 X109.69 Y109.784 E.54089
;WIDTH:0.432571
G1 X109.612 Y109.8 E.54208
;WIDTH:0.400392
G1 X94.987 Y109.799 E.74369
;WIDTH:0.399526
G1 X94.361 Y109.756 E.75232
G1 X93.746 Y109.633 E.76095
G1 X93.152 Y109.429 E.76959
G1 X92.59 Y109.15 E.77822
G1 X92.069 Y108.8 E.78685
;WIDTH:0.39926
G1 X91.598 Y108.385 E.79548
;WIDTH:0.399526
G1 X91.185 Y107.912 E.80412
G1 X90.838 Y107.389 E.81275
;WIDTH:0.399018
G1 X90.562 Y106.825 E.82137
G1 X90.361 Y106.23 E.83
G1 X90.24 Y105.614 E.83862
;WIDTH:0.399902
G1 X90.2 Y104.993 E.84719
G1 X90.2 Y90.389 E1.04825
;WIDTH:0.432327
G1 X90.216 Y90.31 E1.04946
;WIDTH:0.464752
G1 X90.226 Y90.262 E1.05025
G1 X90.418 Y90.204 F7800
;LAYER_CHANGE
;Z:10.67
;HEIGHT:0.11
G1 Z10.67 F7800
G1 X90.232 Y90.232
G92 E0
G1 F913
G1 X90.31 Y90.216 E.00129
;WIDTH:0.432572
G1 X90.388 Y90.2 E.00248
;WIDTH:0.400392
G1 X109.612 Y90.2 E.26749
;WIDTH:0.432571
G1 X109.69 Y90.216 E.26868
;WIDTH:0.46475
G1 X109.768 Y90.232 E.26997
G1 X109.784 Y90.31 E.27126
;WIDTH:0.432326
G1 X109.8 Y90.389 E.27247
;WIDTH:0.399902
G1 X109.8 Y109.611 E.5371
;WIDTH:0.432326
G1 X109.784 Y109.69 E.53831
;WIDTH:0.46475
G1 X109.768 Y109.768 E.5396
G1 X109.69 Y109.784 E.54089
;WIDTH:0.432571
G1 X109.612 Y109.8 E.54208
;WIDTH:0.400392
G1 X94.987 Y109.799 E.74369
;WIDTH:0.399526
G1 X94.361 Y109.756 E.75232
G1 X93.746 Y109.633 E.76095
G1 X93.152 Y109.429 E.76959
G1 X92.59 Y109.15 E.77822
G1 X92.069 Y108.8 E.78685
;WIDTH:0.39926
G1 X91.598 Y108.385 E.79548
;WIDTH:0.399526
G1 X91.185 Y107.912 E.80412
G1 X90.838 Y107.389 E.81275
;WIDTH:0.399018
G1 X90.562 Y106.825 E.82137
G1 X90.361 Y106.23 E.83
G1 X90.24 Y105.614 E.83862
;WIDTH:0.399902
G1 X90.2 Y104.993 E.84719
G1 X90.2 Y90.389 E1.04825
;WIDTH:0.432327
G1 X90.216 Y90.31 E1.04946
;WIDTH:0.464752
G1 X90.226 Y90.262 E1.05025
G1 X90.418 Y90.204 F7800
;LAYER_CHANGE
;Z:10.78
;HEIGHT:0.11
G1 Z10.78 F7800
G1 X90.232 Y90.232
G92 E0
G1 F913
G1 X90.31 Y90.216 E.00129
;WIDTH:0.432572
G1 X90.388 Y90.2 E.00248
;WIDTH:0.400392
G1 X109.612 Y90.2 E.26749
;WIDTH:0.432571
G1 X109.69 Y90.216 E.26868
;WIDTH:0.46475
G1 X109.768 Y90.232 E.26997
G1 X109.784 Y90.31 E.27126
;WIDTH:0.432326
G1 X109.8 Y90.389 E.27247
;WIDTH:0.399902
G1 X109.8 Y109.611 E.5371
;WIDTH:0.432326
G1 X109.784 Y109.69 E.53831
;WIDTH:0.46475
G1 X109.768 Y109.768 E.5396
G1 X109.69 Y109.784 E.54089
;WIDTH:0.432571
G1 X109.612 Y109.8 E.54208
;WIDTH:0.400392
G1 X94.987 Y109.799 E.74369
;WIDTH:0.399526
G1 X94.361 Y109.756 E.75232
G1 X93.746 Y109.633 E.76095
G1 X93.152 Y109.429 E.76959
G1 X92.59 Y109.15 E.77822
G1 X92.069 Y108.8 E.78685
;WIDTH:0.39926
G1 X91.598 Y108.385 E.79548
;WIDTH:0.399526
G1 X91.185 Y107.912 E.80412
G1 X90.838 Y107.389 E.81275
;WIDTH:0.399018
G1 X90.562 Y106.825 E.82137
G1 X90.361 Y106.23 E.83
G1 X90.24 Y105.614 E.83862
;WIDTH:0.399902
G1 X90.2 Y104.993 E.84719
G1 X90.2 Y90.389 E1.04825
;WIDTH:0.432327
G1 X90.216 Y90.31 E1.04946
;WIDTH:0.464752
G1 X90.226 Y90.262 E1.05025
G1 X90.418 Y90.204 F7800
;LAYER_CHANGE
;Z:10.89
;HEIGHT:0.110001
G1 Z10.89 F7800
G1 X90.232 Y90.232
G92 E0
G1 F913
G1 X90.31 Y90.216 E.00129
;WIDTH:0.432572
G1 X90.388 Y90.2 E.00248
;WIDTH:0.400392
G1 X109.612 Y90.2 E.26749
;WIDTH:0.432571
G1 X109.69 Y90.216 E.26868
;WIDTH:0.46475
G1 X109.768 Y90.232 E.26997
G1 X109.784 Y90.31 E.27126
;WIDTH:0.432326
G1 X109.8 Y90.389 E.27247
;WIDTH:0.399902
G1 X109.8 Y109.611 E.5371
;WIDTH:0.432326
G1 X109.784 Y109.69 E.53831
;WIDTH:0.46475
G1 X109.768 Y109.768 E.5396
G1 X109.69 Y109.784 E.54089
;WIDTH:0.432571
G1 X109.612 Y109.8 E.54208
;WIDTH:0.400392
G1 X94.987 Y109.799 E.74369
;WIDTH:0.399526
G1 X94.361 Y109.756 E.75232
G1 X93.746 Y109.633 E.76095
G1 X93.152 Y109.429 E.76959
G1 X92.59 Y109.15 E.77822
G1 X92.069 Y108.8 E.78685
;WIDTH:0.399258
G1 X91.598 Y108.385 E.79548
;WIDTH:0.399526
G1 X91.185 Y107.912 E.80412
G1 X90.838 Y107.389 E.81275
;WIDTH:0.399018
G1 X90.562 Y106.825 E.82137
G1 X90.361 Y106.23 E.83
G1 X90.24 Y105.614 E.83862
;WIDTH:0.399902
G1 X90.2 Y104.993 E.84719
G1 X90.2 Y90.389 E1.04825
;WIDTH:0.432327
G1 X90.216 Y90.31 E1.04946
;WIDTH:0.464752
G1 X90.226 Y90.262 E1.05025
G1 X90.418 Y90.204 F7800
;LAYER_CHANGE
;Z:11
;HEIGHT:0.11
G1 Z11 F7800
G1 X90.232 Y90.232
G92 E0
G1 F913
G1 X90.31 Y90.216 E.00129
;WIDTH:0.432572
G1 X90.388 Y90.2 E.00248
;WIDTH:0.400392
G1 X109.612 Y90.2 E.26749
;WIDTH:0.432571
G1 X109.69 Y90.216 E.26868
;WIDTH:0.46475
G1 X109.768 Y90.232 E.26997
G1 X109.784 Y90.31 E.27126
;WIDTH:0.432326
G1 X109.8 Y90.389 E.27247
;WIDTH:0.399902
G1 X109.8 Y109.611 E.5371
;WIDTH:0.432326
G1 X109.784 Y109.69 E.53831
;WIDTH:0.46475
G1 X109.768 Y109.768 E.5396
G1 X109.69 Y109.784 E.54089
;WIDTH:0.432571
G1 X109.612 Y109.8 E.54208
;WIDTH:0.400392
G1 X94.987 Y109.799 E.74369
;WIDTH:0.399526
G1 X94.361 Y109.756 E.75232
G1 X93.746 Y109.633 E.76095
G1 X93.152 Y109.429 E.76959
G1 X92.59 Y109.15 E.77822
G1 X92.069 Y108.8 E.78685
;WIDTH:0.399258
G1 X91.598 Y108.385 E.79548
;WIDTH:0.399526
G1 X91.185 Y107.912 E.80412
G1 X90.838 Y107.389 E.81275
;WIDTH:0.399018
G1 X90.562 Y106.825 E.82137
G1 X90.361 Y106.23 E.83
G1 X90.24 Y105.614 E.83862
;WIDTH:0.399902
G1 X90.2 Y104.993 E.84719
G1 X90.2 Y90.389 E1.04825
;WIDTH:0.432327
G1 X90.216 Y90.31 E1.04946
;WIDTH:0.464752
G1 X90.226 Y90.262 E1.05025
G1 X90.418 Y90.204 F7800
;LAYER_CHANGE
;Z:11.11
;HEIGHT:0.11
G1 Z11.11 F7800
G1 X90.232 Y90.232
G92 E0
G1 F913
G1 X90.31 Y90.216 E.00129
;WIDTH:0.432572
G1 X90.388 Y90.2 E.00248
;WIDTH:0.400392
G1 X109.612 Y90.2 E.26749
;WIDTH:0.432571
G1 X109.69 Y90.216 E.26868
;WIDTH:0.46475
G1 X109.768 Y90.232 E.26997
G1 X109.784 Y90.31 E.27126
;WIDTH:0.432326
G1 X109.8 Y90.389 E.27247
;WIDTH:0.399902
G1 X109.8 Y109.611 E.5371
;WIDTH:0.432326
G1 X109.784 Y109.69 E.53831
;WIDTH:0.46475
G1 X109.768 Y109.768 E.5396
G1 X109.69 Y109.784 E.54089
;WIDTH:0.432571
G1 X109.612 Y109.8 E.54208
;WIDTH:0.400392
G1 X94.987 Y109.799 E.74369
;WIDTH:0.399526
G1 X94.361 Y109.756 E.75232
G1 X93.746 Y109.633 E.76095
G1 X93.152 Y109.429 E.76959
G1 X92.59 Y109.15 E.77822
G1 X92.069 Y108.8 E.78685
;WIDTH:0.399258
G1 X91.598 Y108.385 E.79548
;WIDTH:0.399526
G1 X91.185 Y107.912 E.80412
G1 X90.838 Y107.389 E.81275
;WIDTH:0.399018
G1 X90.562 Y106.825 E.82137
G1 X90.361 Y106.23 E.83
G1 X90.24 Y105.614 E.83862
;WIDTH:0.399902
G1 X90.2 Y104.993 E.84719
G1 X90.2 Y90.389 E1.04825
;WIDTH:0.432327
G1 X90.216 Y90.31 E1.04946
;WIDTH:0.464752
G1 X90.226 Y90.262 E1.05025
G1 X90.418 Y90.204 F7800
;LAYER_CHANGE
;Z:11.22
;HEIGHT:0.110001
G1 Z11.22 F7800
G1 X90.232 Y90.232
G92 E0
G1 F913
G1 X90.31 Y90.216 E.00129
;WIDTH:0.432572
G1 X90.388 Y90.2 E.00248
;WIDTH:0.400392
G1 X109.612 Y90.2 E.26749
;WIDTH:0.432571
G1 X109.69 Y90.216 E.26868
;WIDTH:0.46475
G1 X109.768 Y90.232 E.26997
G1 X109.784 Y90.31 E.27126
;WIDTH:0.432326
G1 X109.8 Y90.389 E.27247
;WIDTH:0.399902
G1 X109.8 Y109.611 E.5371
;WIDTH:0.432326
G1 X109.784 Y109.69 E.53831
;WIDTH:0.46475
G1 X109.768 Y109.768 E.5396
G1 X109.69 Y109.784 E.54089
;WIDTH:0.432571
G1 X109.612 Y109.8 E.54208
;WIDTH:0.400392
G1 X94.987 Y109.799 E.74369
;WIDTH:0.399526
G1 X94.361 Y109.756 E.75232
G1 X93.746 Y109.633 E.76095
G1 X93.152 Y109.429 E.76959
G1 X92.59 Y109.15 E.77822
G1 X92.069 Y108.8 E.78685
;WIDTH:0.399258
G1 X91.598 Y108.385 E.79548
;WIDTH:0.399526
G1 X91.185 Y107.912 E.80412
G1 X90.838 Y107.389 E.81275
;WIDTH:0.399018
G1 X90.562 Y106.825 E.82137
G1 X90.361 Y106.23 E.83
G1 X90.24 Y105.614 E.83862
;WIDTH:0.399902
G1 X90.2 Y104.993 E.84719
G1 X90.2 Y90.389 E1.04825
;WIDTH:0.432327
G1 X90.216 Y90.31 E1.04946
;WIDTH:0.464752
G1 X90.226 Y90.262 E1.05025
G1 X90.418 Y90.204 F7800
;LAYER_CHANGE
;Z:11.33
;HEIGHT:0.11
G1 Z11.33 F7800
G1 X90.232 Y90.232
G92 E0
G1 F913
G1 X90.31 Y90.216 E.00129
;WIDTH:0.432572
G1 X90.388 Y90.2 E.00248
;WIDTH:0.400392
G1 X109.612 Y90.2 E.26749
;WIDTH:0.432571
G1 X109.69 Y90.216 E.26868
;WIDTH:0.46475
G1 X109.768 Y90.232 E.26997
G1 X109.784 Y90.31 E.27126
;WIDTH:0.432326
G1 X109.8 Y90.389 E.27247
;WIDTH:0.399902
G1 X109.8 Y109.611 E.5371
;WIDTH:0.432326
G1 X109.784 Y109.69 E.53831
;WIDTH:0.46475
G1 X109.768 Y109.768 E.5396
G1 X109.69 Y109.784 E.54089
;WIDTH:0.432571
G1 X109.612 Y109.8 E.54208
;WIDTH:0.400392
G1 X94.987 Y109.799 E.74369
;WIDTH:0.399526
G1 X94.361 Y109.756 E.75232
G1 X93.746 Y109.633 E.76095
G1 X93.152 Y109.429 E.76959
G1 X92.59 Y109.15 E.77822
G1 X92.069 Y108.8 E.78685
;WIDTH:0.399258
G1 X91.598 Y108.385 E.79548
;WIDTH:0.399526
G1 X91.185 Y107.912 E.80412
G1 X90.838 Y107.389 E.81275
;WIDTH:0.399018
G1 X90.562 Y106.825 E.82137
G1 X90.361 Y106.23 E.83
G1 X90.24 Y105.614 E.83862
;WIDTH:0.399902
G1 X90.2 Y104.993 E.84719
G1 X90.2 Y90.389 E1.04825
;WIDTH:0.432327
G1 X90.216 Y90.31 E1.04946
;WIDTH:0.464752
G1 X90.226 Y90.262 E1.05025
G1 X90.418 Y90.204 F7800
;LAYER_CHANGE
;Z:11.44
;HEIGHT:0.11
G1 Z11.44 F7800
G1 X90.232 Y90.232
G92 E0
G1 F913
G1 X90.31 Y90.216 E.00129
;WIDTH:0.432572
G1 X90.388 Y90.2 E.00248
;WIDTH:0.400392
G1 X109.612 Y90.2 E.26749
;WIDTH:0.432571
G1 X109.69 Y90.216 E.26868
;WIDTH:0.46475
G1 X109.768 Y90.232 E.26997
G1 X109.784 Y90.31 E.27126
;WIDTH:0.432326
G1 X109.8 Y90.389 E.27247
;WIDTH:0.399902
G1 X109.8 Y109.611 E.5371
;WIDTH:0.432326
G1 X109.784 Y109.69 E.53831
;WIDTH:0.46475
G1 X109.768 Y109.768 E.5396
G1 X109.69 Y109.784 E.54089
;WIDTH:0.432571
G1 X109.612 Y109.8 E.54208
;WIDTH:0.400392
G1 X94.987 Y109.799 E.74369
;WIDTH:0.399526
G1 X94.361 Y109.756 E.75232
G1 X93.746 Y109.633 E.76095
G1 X93.152 Y109.429 E.76959
G1 X92.59 Y109.15 E.77822
G1 X92.069 Y108.8 E.78685
;WIDTH:0.399258
G1 X91.598 Y108.385 E.79548
;WIDTH:0.399526
G1 X91.185 Y107.912 E.80412
G1 X90.838 Y107.389 E.81275
;WIDTH:0.399018
G1 X90.562 Y106.825 E.82137
G1 X90.361 Y106.23 E.83
G1 X90.24 Y105.614 E.83862
;WIDTH:0.399902
G1 X90.2 Y104.993 E.84719
G1 X90.2 Y90.389 E1.04825
;WIDTH:0.432327
G1 X90.216 Y90.31 E1.04946
;WIDTH:0.464752
G1 X90.226 Y90.262 E1.05025
G1 X90.418 Y90.204 F7800
;LAYER_CHANGE
;Z:11.55
;HEIGHT:0.110001
G1 Z11.55 F7800
G1 X90.232 Y90.232
G92 E0
G1 F913
G1 X90.31 Y90.216 E.00129
;WIDTH:0.432572
G1 X90.388 Y90.2 E.00248
;WIDTH:0.400392
G1 X109.612 Y90.2 E.26749
;WIDTH:0.432571
G1 X109.69 Y90.216 E.26868
;WIDTH:0.46475
G1 X109.768 Y90.232 E.26997
G1 X109.784 Y90.31 E.27126
;WIDTH:0.432326
G1 X109.8 Y90.389 E.27247
;WIDTH:0.399902
G1 X109.8 Y109.611 E.5371
;WIDTH:0.432326
G1 X109.784 Y109.69 E.53831
;WIDTH:0.46475
G1 X109.768 Y109.768 E.5396
G1 X109.69 Y109.784 E.54089
;WIDTH:0.432571
G1 X109.612 Y109.8 E.54208
;WIDTH:0.400392
G1 X94.987 Y109.799 E.74369
;WIDTH:0.399526
G1 X94.361 Y109.756 E.75232
G1 X93.746 Y109.633 E.76095
G1 X93.152 Y109.429 E.76959
G1 X92.59 Y109.15 E.77822
G1 X92.069 Y108.8 E.78685
;WIDTH:0.399258
G1 X91.598 Y108.385 E.79548
;WIDTH:0.399526
G1 X91.185 Y107.912 E.80412
G1 X90.838 Y107.389 E.81275
;WIDTH:0.399018
G1 X90.562 Y106.825 E.82137
G1 X90.361 Y106.23 E.83
G1 X90.24 Y105.614 E.83862
;WIDTH:0.399902
G1 X90.2 Y104.993 E.84719
G1 X90.2 Y90.389 E1.04825
;WIDTH:0.432327
G1 X90.216 Y90.31 E1.04946
;WIDTH:0.464752
G1 X90.226 Y90.262 E1.05025
G1 X90.418 Y90.204 F7800
;LAYER_CHANGE
;Z:11.66
;HEIGHT:0.11
G1 Z11.66 F7800
G1 X90.232 Y90.232
G92 E0
G1 F913
G1 X90.31 Y90.216 E.00129
;WIDTH:0.432572
G1 X90.388 Y90.2 E.00248
;WIDTH:0.400392
G1 X109.612 Y90.2 E.26749
;WIDTH:0.432571
G1 X109.69 Y90.216 E.26868
;WIDTH:0.46475
G1 X109.768 Y90.232 E.26997
G1 X109.784 Y90.31 E.27126
;WIDTH:0.432326
G1 X109.8 Y90.389 E.27247
;WIDTH:0.399902
G1 X109.8 Y109.611 E.5371
;WIDTH:0.432326
G1 X109.784 Y109.69 E.53831
;WIDTH:0.46475
G1 X109.768 Y109.768 E.5396
G1 X109.69 Y109.784 E.54089
;WIDTH:0.432571
G1 X109.612 Y109.8 E.54208
;WIDTH:0.400392
G1 X94.987 Y109.799 E.74369
;WIDTH:0.399526
G1 X94.361 Y109.756 E.75232
G1 X93.746 Y109.633 E.76095
G1 X93.152 Y109.429 E.76959
G1 X92.59 Y109.15 E.77822
G1 X92.069 Y108.8 E.78685
;WIDTH:0.399258
G1 X91.598 Y108.385 E.79548
;WIDTH:0.399526
G1 X91.185 Y107.912 E.80412
G1 X90.838 Y107.389 E.81275
;WIDTH:0.399018
G1 X90.562 Y106.825 E.82137
G1 X90.361 Y106.23 E.83
G1 X90.24 Y105.614 E.83862
;WIDTH:0.399902
G1 X90.2 Y104.993 E.84719
G1 X90.2 Y90.389 E1.04825
;WIDTH:0.432327
G1 X90.216 Y90.31 E1.04946
;WIDTH:0.464752
G1 X90.226 Y90.262 E1.05025
G1 X90.418 Y90.204 F7800
;LAYER_CHANGE
;Z:11.77
;HEIGHT:0.110001
G1 Z11.77 F7800
G1 X90.232 Y90.232
G92 E0
G1 F913
G1 X90.31 Y90.216 E.00129
;WIDTH:0.432572
G1 X90.388 Y90.2 E.00248
;WIDTH:0.400392
G1 X109.612 Y90.2 E.26749
;WIDTH:0.432571
G1 X109.69 Y90.216 E.26868
;WIDTH:0.46475
G1 X109.768 Y90.232 E.26997
G1 X109.784 Y90.31 E.27126
;WIDTH:0.432326
G1 X109.8 Y90.389 E.27247
;WIDTH:0.399902
G1 X109.8 Y109.611 E.5371
;WIDTH:0.432326
G1 X109.784 Y109.69 E.53831
;WIDTH:0.46475
G1 X109.768 Y109.768 E.5396
G1 X109.69 Y109.784 E.54089
;WIDTH:0.432571
G1 X109.612 Y109.8 E.54208
;WIDTH:0.400392
G1 X94.987 Y109.799 E.74369
;WIDTH:0.399526
G1 X94.361 Y109.756 E.75232
G1 X93.746 Y109.633 E.76095
G1 X93.152 Y109.429 E.76959
G1 X92.59 Y109.15 E.77822
G1 X92.069 Y108.8 E.78685
;WIDTH:0.399258
G1 X91.598 Y108.385 E.79548
;WIDTH:0.399526
G1 X91.185 Y107.912 E.80412
G1 X90.838 Y107.389 E.81275
;WIDTH:0.399018
G1 X90.562 Y106.825 E.82137
G1 X90.361 Y106.23 E.83
G1 X90.24 Y105.614 E.83862
;WIDTH:0.399902
G1 X90.2 Y104.993 E.84719
G1 X90.2 Y90.389 E1.04825
;WIDTH:0.432327
G1 X90.216 Y90.31 E1.04946
;WIDTH:0.464752
G1 X90.226 Y90.262 E1.05025
G1 X90.418 Y90.204 F7800
;LAYER_CHANGE
;Z:11.88
;HEIGHT:0.11
G1 Z11.88 F7800
G1 X90.232 Y90.232
G92 E0
G1 F913
G1 X90.31 Y90.216 E.00129
;WIDTH:0.432572
G1 X90.388 Y90.2 E.00248
;WIDTH:0.400392
G1 X109.612 Y90.2 E.26749
;WIDTH:0.432571
G1 X109.69 Y90.216 E.26868
;WIDTH:0.46475
G1 X109.768 Y90.232 E.26997
G1 X109.784 Y90.31 E.27126
;WIDTH:0.432326
G1 X109.8 Y90.389 E.27247
;WIDTH:0.399902
G1 X109.8 Y109.611 E.5371
;WIDTH:0.432326
G1 X109.784 Y109.69 E.53831
;WIDTH:0.46475
G1 X109.768 Y109.768 E.5396
G1 X109.69 Y109.784 E.54089
;WIDTH:0.432571
G1 X109.612 Y109.8 E.54208
;WIDTH:0.400392
G1 X94.987 Y109.799 E.74369
;WIDTH:0.399526
G1 X94.361 Y109.756 E.75232
G1 X93.746 Y109.633 E.76095
G1 X93.152 Y109.429 E.76959
G1 X92.59 Y109.15 E.77822
G1 X92.069 Y108.8 E.78685
;WIDTH:0.399258
G1 X91.598 Y108.385 E.79548
;WIDTH:0.399526
G1 X91.185 Y107.912 E.80412
G1 X90.838 Y107.389 E.81275
;WIDTH:0.399018
G1 X90.562 Y106.825 E.82137
G1 X90.361 Y106.23 E.83
G1 X90.24 Y105.614 E.83862
;WIDTH:0.399902
G1 X90.2 Y104.993 E.84719
G1 X90.2 Y90.389 E1.04825
;WIDTH:0.432327
G1 X90.216 Y90.31 E1.04946
;WIDTH:0.464752
G1 X90.226 Y90.262 E1.05025
G1 X90.418 Y90.204 F7800
;LAYER_CHANGE
;Z:11.99
;HEIGHT:0.11
G1 Z11.99 F7800
G1 X90.232 Y90.232
G92 E0
G1 F913
G1 X90.31 Y90.216 E.00129
;WIDTH:0.432572
G1 X90.388 Y90.2 E.00248
;WIDTH:0.400392
G1 X109.612 Y90.2 E.26749
;WIDTH:0.432571
G1 X109.69 Y90.216 E.26868
;WIDTH:0.46475
G1 X109.768 Y90.232 E.26997
G1 X109.784 Y90.31 E.27126
;WIDTH:0.432326
G1 X109.8 Y90.389 E.27247
;WIDTH:0.399902
G1 X109.8 Y109.611 E.5371
;WIDTH:0.432326
G1 X109.784 Y109.69 E.53831
;WIDTH:0.46475
G1 X109.768 Y109.768 E.5396
G1 X109.69 Y109.784 E.54089
;WIDTH:0.432571
G1 X109.612 Y109.8 E.54208
;WIDTH:0.400392
G1 X94.987 Y109.799 E.74369
;WIDTH:0.399526
G1 X94.361 Y109.756 E.75232
G1 X93.746 Y109.633 E.76095
G1 X93.152 Y109.429 E.76959
G1 X92.59 Y109.15 E.77822
G1 X92.069 Y108.8 E.78685
;WIDTH:0.39926
G1 X91.598 Y108.385 E.79548
;WIDTH:0.399526
G1 X91.185 Y107.912 E.80412
G1 X90.838 Y107.389 E.81275
;WIDTH:0.399018
G1 X90.562 Y106.825 E.82137
G1 X90.361 Y106.23 E.83
G1 X90.24 Y105.614 E.83862
;WIDTH:0.399902
G1 X90.2 Y104.993 E.84719
G1 X90.2 Y90.389 E1.04825
;WIDTH:0.432327
G1 X90.216 Y90.31 E1.04946
;WIDTH:0.464752
G1 X90.226 Y90.262 E1.05025
G1 X90.418 Y90.204 F7800
;LAYER_CHANGE
;Z:12.1
;HEIGHT:0.110001
G1 Z12.1 F7800
G1 X90.232 Y90.232
G92 E0
G1 F913
G1 X90.31 Y90.216 E.00129
;WIDTH:0.432572
G1 X90.388 Y90.2 E.00248
;WIDTH:0.400392
G1 X109.612 Y90.2 E.26749
;WIDTH:0.432571
G1 X109.69 Y90.216 E.26868
;WIDTH:0.46475
G1 X109.768 Y90.232 E.26997
G1 X109.784 Y90.31 E.27126
;WIDTH:0.432326
G1 X109.8 Y90.389 E.27247
;WIDTH:0.399902
G1 X109.8 Y109.611 E.5371
;WIDTH:0.432326
G1 X109.784 Y109.69 E.53831
;WIDTH:0.46475
G1 X109.768 Y109.768 E.5396
G1 X109.69 Y109.784 E.54089
;WIDTH:0.432571
G1 X109.612 Y109.8 E.54208
;WIDTH:0.400392
G1 X94.987 Y109.799 E.74369
;WIDTH:0.399526
G1 X94.361 Y109.756 E.75232
G1 X93.746 Y109.633 E.76095
G1 X93.152 Y109.429 E.76959
G1 X92.59 Y109.15 E.77822
G1 X92.069 Y108.8 E.78685
;WIDTH:0.39926
G1 X91.598 Y108.385 E.79548
;WIDTH:0.399526
G1 X91.185 Y107.912 E.80412
G1 X90.838 Y107.389 E.81275
;WIDTH:0.399018
G1 X90.562 Y106.825 E.82137
G1 X90.361 Y106.23 E.83
G1 X90.24 Y105.614 E.83862
;WIDTH:0.399902
G1 X90.2 Y104.993 E.84719
G1 X90.2 Y90.389 E1.04825
;WIDTH:0.432327
G1 X90.216 Y90.31 E1.04946
;WIDTH:0.464752
G1 X90.226 Y90.262 E1.05025
G1 X90.418 Y90.204 F7800
;LAYER_CHANGE
;Z:12.21
;HEIGHT:0.11
G1 Z12.21 F7800
G1 X90.232 Y90.232
G92 E0
G1 F913
G1 X90.31 Y90.216 E.00129
;WIDTH:0.432572
G1 X90.388 Y90.2 E.00248
;WIDTH:0.400392
G1 X109.612 Y90.2 E.26749
;WIDTH:0.432571
G1 X109.69 Y90.216 E.26868
;WIDTH:0.46475
G1 X109.768 Y90.232 E.26997
G1 X109.784 Y90.31 E.27126
;WIDTH:0.432326
G1 X109.8 Y90.389 E.27247
;WIDTH:0.399902
G1 X109.8 Y109.611 E.5371
;WIDTH:0.432326
G1 X109.784 Y109.69 E.53831
;WIDTH:0.46475
G1 X109.768 Y109.768 E.5396
G1 X109.69 Y109.784 E.54089
;WIDTH:0.432571
G1 X109.612 Y109.8 E.54208
;WIDTH:0.400392
G1 X94.987 Y109.799 E.74369
;WIDTH:0.399526
G1 X94.361 Y109.756 E.75232
G1 X93.746 Y109.633 E.76095
G1 X93.152 Y109.429 E.76959
G1 X92.59 Y109.15 E.77822
G1 X92.069 Y108.8 E.78685
;WIDTH:0.39926
G1 X91.598 Y108.385 E.79548
;WIDTH:0.399526
G1 X91.185 Y107.912 E.80412
G1 X90.838 Y107.389 E.81275
;WIDTH:0.399018
G1 X90.562 Y106.825 E.82137
G1 X90.361 Y106.23 E.83
G1 X90.24 Y105.614 E.83862
;WIDTH:0.399902
G1 X90.2 Y104.993 E.84719
G1 X90.2 Y90.389 E1.04825
;WIDTH:0.432327
G1 X90.216 Y90.31 E1.04946
;WIDTH:0.464752
G1 X90.226 Y90.262 E1.05025
G1 X90.418 Y90.204 F7800
;LAYER_CHANGE
;Z:12.32
;HEIGHT:0.11
G1 Z12.32 F7800
G1 X90.232 Y90.232
G92 E0
G1 F913
G1 X90.31 Y90.216 E.00129
;WIDTH:0.432572
G1 X90.388 Y90.2 E.00248
;WIDTH:0.400392
G1 X109.612 Y90.2 E.26749
;WIDTH:0.432571
G1 X109.69 Y90.216 E.26868
;WIDTH:0.46475
G1 X109.768 Y90.232 E.26997
G1 X109.784 Y90.31 E.27126
;WIDTH:0.432326
G1 X109.8 Y90.389 E.27247
;WIDTH:0.399902
G1 X109.8 Y109.611 E.5371
;WIDTH:0.432326
G1 X109.784 Y109.69 E.53831
;WIDTH:0.46475
G1 X109.768 Y109.768 E.5396
G1 X109.69 Y109.784 E.54089
;WIDTH:0.432571
G1 X109.612 Y109.8 E.54208
;WIDTH:0.400392
G1 X94.987 Y109.799 E.74369
;WIDTH:0.399526
G1 X94.361 Y109.756 E.75232
G1 X93.746 Y109.633 E.76095
G1 X93.152 Y109.429 E.76959
G1 X92.59 Y109.15 E.77822
G1 X92.069 Y108.8 E.78685
;WIDTH:0.39926
G1 X91.598 Y108.385 E.79548
;WIDTH:0.399526
G1 X91.185 Y107.912 E.80412
G1 X90.838 Y107.389 E.81275
;WIDTH:0.399018
G1 X90.562 Y106.825 E.82137
G1 X90.361 Y106.23 E.83
G1 X90.24 Y105.614 E.83862
;WIDTH:0.399902
G1 X90.2 Y104.993 E.84719
G1 X90.2 Y90.389 E1.04825
;WIDTH:0.432327
G1 X90.216 Y90.31 E1.04946
;WIDTH:0.464752
G1 X90.226 Y90.262 E1.05025
G1 X90.418 Y90.204 F7800
;LAYER_CHANGE
;Z:12.43
;HEIGHT:0.110001
G1 Z12.43 F7800
G1 X90.232 Y90.232
G92 E0
G1 F913
G1 X90.31 Y90.216 E.00129
;WIDTH:0.432572
G1 X90.388 Y90.2 E.00248
;WIDTH:0.400392
G1 X109.612 Y90.2 E.26749
;WIDTH:0.432571
G1 X109.69 Y90.216 E.26868
;WIDTH:0.46475
G1 X109.768 Y90.232 E.26997
G1 X109.784 Y90.31 E.27126
;WIDTH:0.432326
G1 X109.8 Y90.389 E.27247
;WIDTH:0.399902
G1 X109.8 Y109.611 E.5371
;WIDTH:0.432326
G1 X109.784 Y109.69 E.53831
;WIDTH:0.46475
G1 X109.768 Y109.768 E.5396
G1 X109.69 Y109.784 E.54089
;WIDTH:0.432571
G1 X109.612 Y109.8 E.54208
;WIDTH:0.400392
G1 X94.987 Y109.799 E.74369
;WIDTH:0.399526
G1 X94.361 Y109.756 E.75232
G1 X93.746 Y109.633 E.76095
G1 X93.152 Y109.429 E.76959
G1 X92.59 Y109.15 E.77822
G1 X92.069 Y108.8 E.78685
;WIDTH:0.39926
G1 X91.598 Y108.385 E.79548
;WIDTH:0.399526
G1 X91.185 Y107.912 E.80412
G1 X90.838 Y107.389 E.81275
;WIDTH:0.399018
G1 X90.562 Y106.825 E.82137
G1 X90.361 Y106.23 E.83
G1 X90.24 Y105.614 E.83862
;WIDTH:0.399902
G1 X90.2 Y104.993 E.84719
G1 X90.2 Y90.389 E1.04825
;WIDTH:0.432327
G1 X90.216 Y90.31 E1.04946
;WIDTH:0.464752
G1 X90.226 Y90.262 E1.05025
G1 X90.418 Y90.204 F7800
;LAYER_CHANGE
;Z:12.54
;HEIGHT:0.11
G1 Z12.54 F7800
G1 X90.232 Y90.232
G92 E0
G1 F913
G1 X90.31 Y90.216 E.00129
;WIDTH:0.432572
G1 X90.388 Y90.2 E.00248
;WIDTH:0.400392
G1 X109.612 Y90.2 E.26749
;WIDTH:0.432571
G1 X109.69 Y90.216 E.26868
;WIDTH:0.46475
G1 X109.768 Y90.232 E.26997
G1 X109.784 Y90.31 E.27126
;WIDTH:0.432326
G1 X109.8 Y90.389 E.27247
;WIDTH:0.399902
G1 X109.8 Y109.611 E.5371
;WIDTH:0.432326
G1 X109.784 Y109.69 E.53831
;WIDTH:0.46475
G1 X109.768 Y109.768 E.5396
G1 X109.69 Y109.784 E.54089
;WIDTH:0.432571
G1 X109.612 Y109.8 E.54208
;WIDTH:0.400392
G1 X94.987 Y109.799 E.74369
;WIDTH:0.399526
G1 X94.361 Y109.756 E.75232
G1 X93.746 Y109.633 E.76095
G1 X93.152 Y109.429 E.76959
G1 X92.59 Y109.15 E.77822
G1 X92.069 Y108.8 E.78685
;WIDTH:0.39926
G1 X91.598 Y108.385 E.79548
;WIDTH:0.399526
G1 X91.185 Y107.912 E.80412
G1 X90.838 Y107.389 E.81275
;WIDTH:0.399018
G1 X90.562 Y106.825 E.82137
G1 X90.361 Y106.23 E.83
G1 X90.24 Y105.614 E.83862
;WIDTH:0.399902
G1 X90.2 Y104.993 E.84719
G1 X90.2 Y90.389 E1.04825
;WIDTH:0.432327
G1 X90.216 Y90.31 E1.04946
;WIDTH:0.464752
G1 X90.226 Y90.262 E1.05025
G1 X90.418 Y90.204 F7800
;LAYER_CHANGE
;Z:12.65
;HEIGHT:0.11
G1 Z12.65 F7800
G1 X90.232 Y90.232
G92 E0
G1 F913
G1 X90.31 Y90.216 E.00129
;WIDTH:0.432572
G1 X90.388 Y90.2 E.00248
;WIDTH:0.400392
G1 X109.612 Y90.2 E.26749
;WIDTH:0.432571
G1 X109.69 Y90.216 E.26868
;WIDTH:0.46475
G1 X109.768 Y90.232 E.26997
G1 X109.784 Y90.31 E.27126
;WIDTH:0.432326
G1 X109.8 Y90.389 E.27247
;WIDTH:0.399902
G1 X109.8 Y109.611 E.5371
;WIDTH:0.432326
G1 X109.784 Y109.69 E.53831
;WIDTH:0.46475
G1 X109.768 Y109.768 E.5396
G1 X109.69 Y109.784 E.54089
;WIDTH:0.432571
G1 X109.612 Y109.8 E.54208
;WIDTH:0.400392
G1 X94.987 Y109.799 E.74369
;WIDTH:0.399526
G1 X94.361 Y109.756 E.75232
G1 X93.746 Y109.633 E.76095
G1 X93.152 Y109.429 E.76959
G1 X92.59 Y109.15 E.77822
G1 X92.069 Y108.8 E.78685
;WIDTH:0.39926
G1 X91.598 Y108.385 E.79548
;WIDTH:0.399526
G1 X91.185 Y107.912 E.80412
G1 X90.838 Y107.389 E.81275
;WIDTH:0.399018
G1 X90.562 Y106.825 E.82137
G1 X90.361 Y106.23 E.83
G1 X90.24 Y105.614 E.83862
;WIDTH:0.399902
G1 X90.2 Y104.993 E.84719
G1 X90.2 Y90.389 E1.04825
;WIDTH:0.432327
G1 X90.216 Y90.31 E1.04946
;WIDTH:0.464752
G1 X90.226 Y90.262 E1.05025
G1 X90.418 Y90.204 F7800
;LAYER_CHANGE
;Z:12.76
;HEIGHT:0.110001
G1 Z12.76 F7800
G1 X90.232 Y90.232
G92 E0
G1 F913
G1 X90.31 Y90.216 E.00129
;WIDTH:0.432572
G1 X90.388 Y90.2 E.00248
;WIDTH:0.400392
G1 X109.612 Y90.2 E.26749
;WIDTH:0.432571
G1 X109.69 Y90.216 E.26868
;WIDTH:0.46475
G1 X109.768 Y90.232 E.26997
G1 X109.784 Y90.31 E.27126
;WIDTH:0.432326
G1 X109.8 Y90.389 E.27247
;WIDTH:0.399902
G1 X109.8 Y109.611 E.5371
;WIDTH:0.432326
G1 X109.784 Y109.69 E.53831
;WIDTH:0.46475
G1 X109.768 Y109.768 E.5396
G1 X109.69 Y109.784 E.54089
;WIDTH:0.432571
G1 X109.612 Y109.8 E.54208
;WIDTH:0.400392
G1 X94.987 Y109.799 E.74369
;WIDTH:0.399526
G1 X94.361 Y109.756 E.75232
G1 X93.746 Y109.633 E.76095
G1 X93.152 Y109.429 E.76959
G1 X92.59 Y109.15 E.77822
G1 X92.069 Y108.8 E.78685
;WIDTH:0.399258
G1 X91.598 Y108.385 E.79548
;WIDTH:0.399526
G1 X91.185 Y107.912 E.80412
G1 X90.838 Y107.389 E.81275
;WIDTH:0.399018
G1 X90.562 Y106.825 E.82137
G1 X90.361 Y106.23 E.83
G1 X90.24 Y105.614 E.83862
;WIDTH:0.399902
G1 X90.2 Y104.993 E.84719
G1 X90.2 Y90.389 E1.04825
;WIDTH:0.432327
G1 X90.216 Y90.31 E1.04946
;WIDTH:0.464752
G1 X90.226 Y90.262 E1.05025
G1 X90.418 Y90.204 F7800
;LAYER_CHANGE
;Z:12.87
;HEIGHT:0.11
G1 Z12.87 F7800
G1 X90.232 Y90.232
G92 E0
G1 F913
G1 X90.31 Y90.216 E.00129
;WIDTH:0.432572
G1 X90.388 Y90.2 E.00248
;WIDTH:0.400392
G1 X109.612 Y90.2 E.26749
;WIDTH:0.432571
G1 X109.69 Y90.216 E.26868
;WIDTH:0.46475
G1 X109.768 Y90.232 E.26997
G1 X109.784 Y90.31 E.27126
;WIDTH:0.432326
G1 X109.8 Y90.389 E.27247
;WIDTH:0.399902
G1 X109.8 Y109.611 E.5371
;WIDTH:0.432326
G1 X109.784 Y109.69 E.53831
;WIDTH:0.46475
G1 X109.768 Y109.768 E.5396
G1 X109.69 Y109.784 E.54089
;WIDTH:0.432571
G1 X109.612 Y109.8 E.54208
;WIDTH:0.400392
G1 X94.987 Y109.799 E.74369
;WIDTH:0.399526
G1 X94.361 Y109.756 E.75232
G1 X93.746 Y109.633 E.76095
G1 X93.152 Y109.429 E.76959
G1 X92.59 Y109.15 E.77822
G1 X92.069 Y108.8 E.78685
;WIDTH:0.399258
G1 X91.598 Y108.385 E.79548
;WIDTH:0.399526
G1 X91.185 Y107.912 E.80412
G1 X90.838 Y107.389 E.81275
;WIDTH:0.399018
G1 X90.562 Y106.825 E.82137
G1 X90.361 Y106.23 E.83
G1 X90.24 Y105.614 E.83862
;WIDTH:0.399902
G1 X90.2 Y104.993 E.84719
G1 X90.2 Y90.389 E1.04825
;WIDTH:0.432327
G1 X90.216 Y90.31 E1.04946
;WIDTH:0.464752
G1 X90.226 Y90.262 E1.05025
G1 X90.418 Y90.204 F7800
;LAYER_CHANGE
;Z:12.98
;HEIGHT:0.11
G1 Z12.98 F7800
G1 X90.232 Y90.232
G92 E0
G1 F913
G1 X90.31 Y90.216 E.00129
;WIDTH:0.432572
G1 X90.388 Y90.2 E.00248
;WIDTH:0.400392
G1 X109.612 Y90.2 E.26749
;WIDTH:0.432571
G1 X109.69 Y90.216 E.26868
;WIDTH:0.46475
G1 X109.768 Y90.232 E.26997
G1 X109.784 Y90.31 E.27126
;WIDTH:0.432326
G1 X109.8 Y90.389 E.27247
;WIDTH:0.399902
G1 X109.8 Y109.611 E.5371
;WIDTH:0.432326
G1 X109.784 Y109.69 E.53831
;WIDTH:0.46475
G1 X109.768 Y109.768 E.5396
G1 X109.69 Y109.784 E.54089
;WIDTH:0.432571
G1 X109.612 Y109.8 E.54208
;WIDTH:0.400392
G1 X94.987 Y109.799 E.74369
;WIDTH:0.399526
G1 X94.361 Y109.756 E.75232
G1 X93.746 Y109.633 E.76095
G1 X93.152 Y109.429 E.76959
G1 X92.59 Y109.15 E.77822
G1 X92.069 Y108.8 E.78685
;WIDTH:0.399258
G1 X91.598 Y108.385 E.79548
;WIDTH:0.399526
G1 X91.185 Y107.912 E.80412
G1 X90.838 Y107.389 E.81275
;WIDTH:0.399018
G1 X90.562 Y106.825 E.82137
G1 X90.361 Y106.23 E.83
G1 X90.24 Y105.614 E.83862
;WIDTH:0.399902
G1 X90.2 Y104.993 E.84719
G1 X90.2 Y90.389 E1.04825
;WIDTH:0.432327
G1 X90.216 Y90.31 E1.04946
;WIDTH:0.464752
G1 X90.226 Y90.262 E1.05025
G1 X90.418 Y90.204 F7800
;LAYER_CHANGE
;Z:13.09
;HEIGHT:0.110001
G1 Z13.09 F7800
G1 X90.232 Y90.232
G92 E0
G1 F913
G1 X90.31 Y90.216 E.00129
;WIDTH:0.432572
G1 X90.388 Y90.2 E.00248
;WIDTH:0.400392
G1 X109.612 Y90.2 E.26749
;WIDTH:0.432571
G1 X109.69 Y90.216 E.26868
;WIDTH:0.46475
G1 X109.768 Y90.232 E.26997
G1 X109.784 Y90.31 E.27126
;WIDTH:0.432326
G1 X109.8 Y90.389 E.27247
;WIDTH:0.399902
G1 X109.8 Y109.611 E.5371
;WIDTH:0.432326
G1 X109.784 Y109.69 E.53831
;WIDTH:0.46475
G1 X109.768 Y109.768 E.5396
G1 X109.69 Y109.784 E.54089
;WIDTH:0.432571
G1 X109.612 Y109.8 E.54208
;WIDTH:0.400392
G1 X94.987 Y109.799 E.74369
;WIDTH:0.399526
G1 X94.361 Y109.756 E.75232
G1 X93.746 Y109.633 E.76095
G1 X93.152 Y109.429 E.76959
G1 X92.59 Y109.15 E.77822
G1 X92.069 Y108.8 E.78685
;WIDTH:0.399258
G1 X91.598 Y108.385 E.79548
;WIDTH:0.399526
G1 X91.185 Y107.912 E.80412
G1 X90.838 Y107.389 E.81275
;WIDTH:0.399018
G1 X90.562 Y106.825 E.82137
G1 X90.361 Y106.23 E.83
G1 X90.24 Y105.614 E.83862
;WIDTH:0.399902
G1 X90.2 Y104.993 E.84719
G1 X90.2 Y90.389 E1.04825
;WIDTH:0.432327
G1 X90.216 Y90.31 E1.04946
;WIDTH:0.464752
G1 X90.226 Y90.262 E1.05025
G1 X90.418 Y90.204 F7800
;LAYER_CHANGE
;Z:13.2
;HEIGHT:0.11
G1 Z13.2 F7800
G1 X90.232 Y90.232
G92 E0
G1 F913
G1 X90.31 Y90.216 E.00129
;WIDTH:0.432572
G1 X90.388 Y90.2 E.00248
;WIDTH:0.400392
G1 X109.612 Y90.2 E.26749
;WIDTH:0.432571
G1 X109.69 Y90.216 E.26868
;WIDTH:0.46475
G1 X109.768 Y90.232 E.26997
G1 X109.784 Y90.31 E.27126
;WIDTH:0.432326
G1 X109.8 Y90.389 E.27247
;WIDTH:0.399902
G1 X109.8 Y109.611 E.5371
;WIDTH:0.432326
G1 X109.784 Y109.69 E.53831
;WIDTH:0.46475
G1 X109.768 Y109.768 E.5396
G1 X109.69 Y109.784 E.54089
;WIDTH:0.432571
G1 X109.612 Y109.8 E.54208
;WIDTH:0.400392
G1 X94.987 Y109.799 E.74369
;WIDTH:0.399526
G1 X94.361 Y109.756 E.75232
G1 X93.746 Y109.633 E.76095
G1 X93.152 Y109.429 E.76959
G1 X92.59 Y109.15 E.77822
G1 X92.069 Y108.8 E.78685
;WIDTH:0.399258
G1 X91.598 Y108.385 E.79548
;WIDTH:0.399526
G1 X91.185 Y107.912 E.80412
G1 X90.838 Y107.389 E.81275
;WIDTH:0.399018
G1 X90.562 Y106.825 E.82137
G1 X90.361 Y106.23 E.83
G1 X90.24 Y105.614 E.83862
;WIDTH:0.399902
G1 X90.2 Y104.993 E.84719
G1 X90.2 Y90.389 E1.04825
;WIDTH:0.432327
G1 X90.216 Y90.31 E1.04946
;WIDTH:0.464752
G1 X90.226 Y90.262 E1.05025
G1 X90.418 Y90.204 F7800
;LAYER_CHANGE
;Z:13.31
;HEIGHT:0.110001
G1 Z13.31 F7800
G1 X90.232 Y90.232
G92 E0
G1 F913
G1 X90.31 Y90.216 E.00129
;WIDTH:0.432572
G1 X90.388 Y90.2 E.00248
;WIDTH:0.400392
G1 X109.612 Y90.2 E.26749
;WIDTH:0.432571
G1 X109.69 Y90.216 E.26868
;WIDTH:0.46475
G1 X109.768 Y90.232 E.26997
G1 X109.784 Y90.31 E.27126
;WIDTH:0.432326
G1 X109.8 Y90.389 E.27247
;WIDTH:0.399902
G1 X109.8 Y109.611 E.5371
;WIDTH:0.432326
G1 X109.784 Y109.69 E.53831
;WIDTH:0.46475
G1 X109.768 Y109.768 E.5396
G1 X109.69 Y109.784 E.54089
;WIDTH:0.432571
G1 X109.612 Y109.8 E.54208
;WIDTH:0.400392
G1 X94.987 Y109.799 E.74369
;WIDTH:0.399526
G1 X94.361 Y109.756 E.75232
G1 X93.746 Y109.633 E.76095
G1 X93.152 Y109.429 E.76959
G1 X92.59 Y109.15 E.77822
G1 X92.069 Y108.8 E.78685
;WIDTH:0.399258
G1 X91.598 Y108.385 E.79548
;WIDTH:0.399526
G1 X91.185 Y107.912 E.80412
G1 X90.838 Y107.389 E.81275
;WIDTH:0.399018
G1 X90.562 Y106.825 E.82137
G1 X90.361 Y106.23 E.83
G1 X90.24 Y105.614 E.83862
;WIDTH:0.399902
G1 X90.2 Y104.993 E.84719
G1 X90.2 Y90.389 E1.04825
;WIDTH:0.432327
G1 X90.216 Y90.31 E1.04946
;WIDTH:0.464752
G1 X90.226 Y90.262 E1.05025
G1 X90.418 Y90.204 F7800
;LAYER_CHANGE
;Z:13.42
;HEIGHT:0.11
G1 Z13.42 F7800
G1 X90.232 Y90.232
G92 E0
G1 F913
G1 X90.31 Y90.216 E.00129
;WIDTH:0.432572
G1 X90.388 Y90.2 E.00248
;WIDTH:0.400392
G1 X109.612 Y90.2 E.26749
;WIDTH:0.432571
G1 X109.69 Y90.216 E.26868
;WIDTH:0.46475
G1 X109.768 Y90.232 E.26997
G1 X109.784 Y90.31 E.27126
;WIDTH:0.432326
G1 X109.8 Y90.389 E.27247
;WIDTH:0.399902
G1 X109.8 Y109.611 E.5371
;WIDTH:0.432326
G1 X109.784 Y109.69 E.53831
;WIDTH:0.46475
G1 X109.768 Y109.768 E.5396
G1 X109.69 Y109.784 E.54089
;WIDTH:0.432571
G1 X109.612 Y109.8 E.54208
;WIDTH:0.400392
G1 X94.987 Y109.799 E.74369
;WIDTH:0.399526
G1 X94.361 Y109.756 E.75232
G1 X93.746 Y109.633 E.76095
G1 X93.152 Y109.429 E.76959
G1 X92.59 Y109.15 E.77822
G1 X92.069 Y108.8 E.78685
;WIDTH:0.39926
G1 X91.598 Y108.385 E.79548
;WIDTH:0.399526
G1 X91.185 Y107.912 E.80412
G1 X90.838 Y107.389 E.81275
;WIDTH:0.399018
G1 X90.562 Y106.825 E.82137
G1 X90.361 Y106.23 E.83
G1 X90.24 Y105.614 E.83862
;WIDTH:0.399902
G1 X90.2 Y104.993 E.84719
G1 X90.2 Y90.389 E1.04825
;WIDTH:0.432327
G1 X90.216 Y90.31 E1.04946
;WIDTH:0.464752
G1 X90.226 Y90.262 E1.05025
G1 X90.418 Y90.204 F7800
;LAYER_CHANGE
;Z:13.53
;HEIGHT:0.11
G1 Z13.53 F7800
G1 X90.232 Y90.232
G92 E0
G1 F913
G1 X90.31 Y90.216 E.00129
;WIDTH:0.432572
G1 X90.388 Y90.2 E.00248
;WIDTH:0.400392
G1 X109.612 Y90.2 E.26749
;WIDTH:0.432571
G1 X109.69 Y90.216 E.26868
;WIDTH:0.46475
G1 X109.768 Y90.232 E.26997
G1 X109.784 Y90.31 E.27126
;WIDTH:0.432326
G1 X109.8 Y90.389 E.27247
;WIDTH:0.399902
G1 X109.8 Y109.611 E.5371
;WIDTH:0.432326
G1 X109.784 Y109.69 E.53831
;WIDTH:0.46475
G1 X109.768 Y109.768 E.5396
G1 X109.69 Y109.784 E.54089
;WIDTH:0.432571
G1 X109.612 Y109.8 E.54208
;WIDTH:0.400392
G1 X94.987 Y109.799 E.74369
;WIDTH:0.399526
G1 X94.361 Y109.756 E.75232
G1 X93.746 Y109.633 E.76095
G1 X93.152 Y109.429 E.76959
G1 X92.59 Y109.15 E.77822
G1 X92.069 Y108.8 E.78685
;WIDTH:0.39926
G1 X91.598 Y108.385 E.79548
;WIDTH:0.399526
G1 X91.185 Y107.912 E.80412
G1 X90.838 Y107.389 E.81275
;WIDTH:0.399018
G1 X90.562 Y106.825 E.82137
G1 X90.361 Y106.23 E.83
G1 X90.24 Y105.614 E.83862
;WIDTH:0.399902
G1 X90.2 Y104.993 E.84719
G1 X90.2 Y90.389 E1.04825
;WIDTH:0.432327
G1 X90.216 Y90.31 E1.04946
;WIDTH:0.464752
G1 X90.226 Y90.262 E1.05025
G1 X90.418 Y90.204 F7800
;LAYER_CHANGE
;Z:13.64
;HEIGHT:0.110001
G1 Z13.64 F7800
G1 X90.232 Y90.232
G92 E0
G1 F913
G1 X90.31 Y90.216 E.00129
;WIDTH:0.432572
G1 X90.388 Y90.2 E.00248
;WIDTH:0.400392
G1 X109.612 Y90.2 E.26749
;WIDTH:0.432571
G1 X109.69 Y90.216 E.26868
;WIDTH:0.46475
G1 X109.768 Y90.232 E.26997
G1 X109.784 Y90.31 E.27126
;WIDTH:0.432326
G1 X109.8 Y90.389 E.27247
;WIDTH:0.399902
G1 X109.8 Y109.611 E.5371
;WIDTH:0.432326
G1 X109.784 Y109.69 E.53831
;WIDTH:0.46475
G1 X109.768 Y109.768 E.5396
G1 X109.69 Y109.784 E.54089
;WIDTH:0.432571
G1 X109.612 Y109.8 E.54208
;WIDTH:0.400392
G1 X94.987 Y109.799 E.74369
;WIDTH:0.399526
G1 X94.361 Y109.756 E.75232
G1 X93.746 Y109.633 E.76095
G1 X93.152 Y109.429 E.76959
G1 X92.59 Y109.15 E.77822
G1 X92.069 Y108.8 E.78685
;WIDTH:0.39926
G1 X91.598 Y108.385 E.79548
;WIDTH:0.399526
G1 X91.185 Y107.912 E.80412
G1 X90.838 Y107.389 E.81275
;WIDTH:0.399018
G1 X90.562 Y106.825 E.82137
G1 X90.361 Y106.23 E.83
G1 X90.24 Y105.614 E.83862
;WIDTH:0.399902
G1 X90.2 Y104.993 E.84719
G1 X90.2 Y90.389 E1.04825
;WIDTH:0.432327
G1 X90.216 Y90.31 E1.04946
;WIDTH:0.464752
G1 X90.226 Y90.262 E1.05025
G1 X90.418 Y90.204 F7800
;LAYER_CHANGE
;Z:13.75
;HEIGHT:0.11
G1 Z13.75 F7800
G1 X90.232 Y90.232
G92 E0
G1 F913
G1 X90.31 Y90.216 E.00129
;WIDTH:0.432572
G1 X90.388 Y90.2 E.00248
;WIDTH:0.400392
G1 X109.612 Y90.2 E.26749
;WIDTH:0.432571
G1 X109.69 Y90.216 E.26868
;WIDTH:0.46475
G1 X109.768 Y90.232 E.26997
G1 X109.784 Y90.31 E.27126
;WIDTH:0.432326
G1 X109.8 Y90.389 E.27247
;WIDTH:0.399902
G1 X109.8 Y109.611 E.5371
;WIDTH:0.432326
G1 X109.784 Y109.69 E.53831
;WIDTH:0.46475
G1 X109.768 Y109.768 E.5396
G1 X109.69 Y109.784 E.54089
;WIDTH:0.432571
G1 X109.612 Y109.8 E.54208
;WIDTH:0.400392
G1 X94.987 Y109.799 E.74369
;WIDTH:0.399526
G1 X94.361 Y109.756 E.75232
G1 X93.746 Y109.633 E.76095
G1 X93.152 Y109.429 E.76959
G1 X92.59 Y109.15 E.77822
G1 X92.069 Y108.8 E.78685
;WIDTH:0.39926
G1 X91.598 Y108.385 E.79548
;WIDTH:0.399526
G1 X91.185 Y107.912 E.80412
G1 X90.838 Y107.389 E.81275
;WIDTH:0.399018
G1 X90.562 Y106.825 E.82137
G1 X90.361 Y106.23 E.83
G1 X90.24 Y105.614 E.83862
;WIDTH:0.399902
G1 X90.2 Y104.993 E.84719
G1 X90.2 Y90.389 E1.04825
;WIDTH:0.432327
G1 X90.216 Y90.31 E1.04946
;WIDTH:0.464752
G1 X90.226 Y90.262 E1.05025
G1 X90.418 Y90.204 F7800
;LAYER_CHANGE
;Z:13.86
;HEIGHT:0.11
G1 Z13.86 F7800
G1 X90.232 Y90.232
G92 E0
G1 F913
G1 X90.31 Y90.216 E.00129
;WIDTH:0.432572
G1 X90.388 Y90.2 E.00248
;WIDTH:0.400392
G1 X109.612 Y90.2 E.26749
;WIDTH:0.432571
G1 X109.69 Y90.216 E.26868
;WIDTH:0.46475
G1 X109.768 Y90.232 E.26997
G1 X109.784 Y90.31 E.27126
;WIDTH:0.432326
G1 X109.8 Y90.389 E.27247
;WIDTH:0.399902
G1 X109.8 Y109.611 E.5371
;WIDTH:0.432326
G1 X109.784 Y109.69 E.53831
;WIDTH:0.46475
G1 X109.768 Y109.768 E.5396
G1 X109.69 Y109.784 E.54089
;WIDTH:0.432571
G1 X109.612 Y109.8 E.54208
;WIDTH:0.400392
G1 X94.987 Y109.799 E.74369
;WIDTH:0.399526
G1 X94.361 Y109.756 E.75232
G1 X93.746 Y109.633 E.76095
G1 X93.152 Y109.429 E.76959
G1 X92.59 Y109.15 E.77822
G1 X92.069 Y108.8 E.78685
;WIDTH:0.39926
G1 X91.598 Y108.385 E.79548
;WIDTH:0.399526
G1 X91.185 Y107.912 E.80412
G1 X90.838 Y107.389 E.81275
;WIDTH:0.399018
G1 X90.562 Y106.825 E.82137
G1 X90.361 Y106.23 E.83
G1 X90.24 Y105.614 E.83862
;WIDTH:0.399902
G1 X90.2 Y104.993 E.84719
G1 X90.2 Y90.389 E1.04825
;WIDTH:0.432327
G1 X90.216 Y90.31 E1.04946
;WIDTH:0.464752
G1 X90.226 Y90.262 E1.05025
G1 X90.418 Y90.204 F7800
;LAYER_CHANGE
;Z:13.97
;HEIGHT:0.110001
G1 Z13.97 F7800
G1 X90.232 Y90.232
G92 E0
G1 F913
G1 X90.31 Y90.216 E.00129
;WIDTH:0.432572
G1 X90.388 Y90.2 E.00248
;WIDTH:0.400392
G1 X109.612 Y90.2 E.26749
;WIDTH:0.432571
G1 X109.69 Y90.216 E.26868
;WIDTH:0.46475
G1 X109.768 Y90.232 E.26997
G1 X109.784 Y90.31 E.27126
;WIDTH:0.432326
G1 X109.8 Y90.389 E.27247
;WIDTH:0.399902
G1 X109.8 Y109.611 E.5371
;WIDTH:0.432326
G1 X109.784 Y109.69 E.53831
;WIDTH:0.46475
G1 X109.768 Y109.768 E.5396
G1 X109.69 Y109.784 E.54089
;WIDTH:0.432571
G1 X109.612 Y109.8 E.54208
;WIDTH:0.400392
G1 X94.987 Y109.799 E.74369
;WIDTH:0.399526
G1 X94.361 Y109.756 E.75232
G1 X93.746 Y109.633 E.76095
G1 X93.152 Y109.429 E.76959
G1 X92.59 Y109.15 E.77822
G1 X92.069 Y108.8 E.78685
;WIDTH:0.399258
G1 X91.598 Y108.385 E.79548
;WIDTH:0.399526
G1 X91.185 Y107.912 E.80412
G1 X90.838 Y107.389 E.81275
;WIDTH:0.399018
G1 X90.562 Y106.825 E.82137
G1 X90.361 Y106.23 E.83
G1 X90.24 Y105.614 E.83862
;WIDTH:0.399902
G1 X90.2 Y104.993 E.84719
G1 X90.2 Y90.389 E1.04825
;WIDTH:0.432327
G1 X90.216 Y90.31 E1.04946
;WIDTH:0.464752
G1 X90.226 Y90.262 E1.05025
G1 X90.418 Y90.204 F7800
;LAYER_CHANGE
;Z:14.08
;HEIGHT:0.11
G1 Z14.08 F7800
G1 X90.232 Y90.232
G92 E0
G1 F913
G1 X90.31 Y90.216 E.00129
;WIDTH:0.432572
G1 X90.388 Y90.2 E.00248
;WIDTH:0.400392
G1 X109.612 Y90.2 E.26749
;WIDTH:0.432571
G1 X109.69 Y90.216 E.26868
;WIDTH:0.46475
G1 X109.768 Y90.232 E.26997
G1 X109.784 Y90.31 E.27126
;WIDTH:0.432326
G1 X109.8 Y90.389 E.27247
;WIDTH:0.399902
G1 X109.8 Y109.611 E.5371
;WIDTH:0.432326
G1 X109.784 Y109.69 E.53831
;WIDTH:0.46475
G1 X109.768 Y109.768 E.5396
G1 X109.69 Y109.784 E.54089
;WIDTH:0.432571
G1 X109.612 Y109.8 E.54208
;WIDTH:0.400392
G1 X94.987 Y109.799 E.74369
;WIDTH:0.399526
G1 X94.361 Y109.756 E.75232
G1 X93.746 Y109.633 E.76095
G1 X93.152 Y109.429 E.76959
G1 X92.59 Y109.15 E.77822
G1 X92.069 Y108.8 E.78685
;WIDTH:0.39926
G1 X91.598 Y108.385 E.79548
;WIDTH:0.399526
G1 X91.185 Y107.912 E.80412
G1 X90.838 Y107.389 E.81275
;WIDTH:0.399018
G1 X90.562 Y106.825 E.82137
G1 X90.361 Y106.23 E.83
G1 X90.24 Y105.614 E.83862
;WIDTH:0.399902
G1 X90.2 Y104.993 E.84719
G1 X90.2 Y90.389 E1.04825
;WIDTH:0.432327
G1 X90.216 Y90.31 E1.04946
;WIDTH:0.464752
G1 X90.226 Y90.262 E1.05025
G1 X90.418 Y90.204 F7800
;LAYER_CHANGE
;Z:14.19
;HEIGHT:0.11
G1 Z14.19 F7800
G1 X90.232 Y90.232
G92 E0
G1 F913
G1 X90.31 Y90.216 E.00129
;WIDTH:0.432572
G1 X90.388 Y90.2 E.00248
;WIDTH:0.400392
G1 X109.612 Y90.2 E.26749
;WIDTH:0.432571
G1 X109.69 Y90.216 E.26868
;WIDTH:0.46475
G1 X109.768 Y90.232 E.26997
G1 X109.784 Y90.31 E.27126
;WIDTH:0.432326
G1 X109.8 Y90.389 E.27247
;WIDTH:0.399902
G1 X109.8 Y109.611 E.5371
;WIDTH:0.432326
G1 X109.784 Y109.69 E.53831
;WIDTH:0.46475
G1 X109.768 Y109.768 E.5396
G1 X109.69 Y109.784 E.54089
;WIDTH:0.432571
G1 X109.612 Y109.8 E.54208
;WIDTH:0.400392
G1 X94.987 Y109.799 E.74369
;WIDTH:0.399526
G1 X94.361 Y109.756 E.75232
G1 X93.746 Y109.633 E.76095
G1 X93.152 Y109.429 E.76959
G1 X92.59 Y109.15 E.77822
G1 X92.069 Y108.8 E.78685
;WIDTH:0.39926
G1 X91.598 Y108.385 E.79548
;WIDTH:0.399526
G1 X91.185 Y107.912 E.80412
G1 X90.838 Y107.389 E.81275
;WIDTH:0.399018
G1 X90.562 Y106.825 E.82137
G1 X90.361 Y106.23 E.83
G1 X90.24 Y105.614 E.83862
;WIDTH:0.399902
G1 X90.2 Y104.993 E.84719
G1 X90.2 Y90.389 E1.04825
;WIDTH:0.432327
G1 X90.216 Y90.31 E1.04946
;WIDTH:0.464752
G1 X90.226 Y90.262 E1.05025
G1 X90.418 Y90.204 F7800
;LAYER_CHANGE
;Z:14.3
;HEIGHT:0.110001
G1 Z14.3 F7800
G1 X90.232 Y90.232
G92 E0
G1 F913
G1 X90.31 Y90.216 E.00129
;WIDTH:0.432572
G1 X90.388 Y90.2 E.00248
;WIDTH:0.400392
G1 X109.612 Y90.2 E.26749
;WIDTH:0.432571
G1 X109.69 Y90.216 E.26868
;WIDTH:0.46475
G1 X109.768 Y90.232 E.26997
G1 X109.784 Y90.31 E.27126
;WIDTH:0.432326
G1 X109.8 Y90.389 E.27247
;WIDTH:0.399902
G1 X109.8 Y109.611 E.5371
;WIDTH:0.432326
G1 X109.784 Y109.69 E.53831
;WIDTH:0.46475
G1 X109.768 Y109.768 E.5396
G1 X109.69 Y109.784 E.54089
;WIDTH:0.432571
G1 X109.612 Y109.8 E.54208
;WIDTH:0.400392
G1 X94.987 Y109.799 E.74369
;WIDTH:0.399526
G1 X94.361 Y109.756 E.75232
G1 X93.746 Y109.633 E.76095
G1 X93.152 Y109.429 E.76959
G1 X92.59 Y109.15 E.77822
G1 X92.069 Y108.8 E.78685
;WIDTH:0.39926
G1 X91.598 Y108.385 E.79548
;WIDTH:0.399526
G1 X91.185 Y107.912 E.80412
G1 X90.838 Y107.389 E.81275
;WIDTH:0.399018
G1 X90.562 Y106.825 E.82137
G1 X90.361 Y106.23 E.83
G1 X90.24 Y105.614 E.83862
;WIDTH:0.399902
G1 X90.2 Y104.993 E.84719
G1 X90.2 Y90.389 E1.04825
;WIDTH:0.432327
G1 X90.216 Y90.31 E1.04946
;WIDTH:0.464752
G1 X90.226 Y90.262 E1.05025
G1 X90.418 Y90.204 F7800
;LAYER_CHANGE
;Z:14.41
;HEIGHT:0.11
G1 Z14.41 F7800
G1 X90.232 Y90.232
G92 E0
G1 F913
G1 X90.31 Y90.216 E.00129
;WIDTH:0.432572
G1 X90.388 Y90.2 E.00248
;WIDTH:0.400392
G1 X109.612 Y90.2 E.26749
;WIDTH:0.432571
G1 X109.69 Y90.216 E.26868
;WIDTH:0.46475
G1 X109.768 Y90.232 E.26997
G1 X109.784 Y90.31 E.27126
;WIDTH:0.432326
G1 X109.8 Y90.389 E.27247
;WIDTH:0.399902
G1 X109.8 Y109.611 E.5371
;WIDTH:0.432326
G1 X109.784 Y109.69 E.53831
;WIDTH:0.46475
G1 X109.768 Y109.768 E.5396
G1 X109.69 Y109.784 E.54089
;WIDTH:0.432571
G1 X109.612 Y109.8 E.54208
;WIDTH:0.400392
G1 X94.987 Y109.799 E.74369
;WIDTH:0.399526
G1 X94.361 Y109.756 E.75232
G1 X93.746 Y109.633 E.76095
G1 X93.152 Y109.429 E.76959
G1 X92.59 Y109.15 E.77822
G1 X92.069 Y108.8 E.78685
;WIDTH:0.399258
G1 X91.598 Y108.385 E.79548
;WIDTH:0.399526
G1 X91.185 Y107.912 E.80412
G1 X90.838 Y107.389 E.81275
;WIDTH:0.399018
G1 X90.562 Y106.825 E.82137
G1 X90.361 Y106.23 E.83
G1 X90.24 Y105.614 E.83862
;WIDTH:0.399902
G1 X90.2 Y104.993 E.84719
G1 X90.2 Y90.389 E1.04825
;WIDTH:0.432327
G1 X90.216 Y90.31 E1.04946
;WIDTH:0.464752
G1 X90.226 Y90.262 E1.05025
G1 X90.418 Y90.204 F7800
;LAYER_CHANGE
;Z:14.52
;HEIGHT:0.110001
G1 Z14.52 F7800
G1 X90.232 Y90.232
G92 E0
G1 F913
G1 X90.31 Y90.216 E.00129
;WIDTH:0.432572
G1 X90.388 Y90.2 E.00248
;WIDTH:0.400392
G1 X109.612 Y90.2 E.26749
;WIDTH:0.432571
G1 X109.69 Y90.216 E.26868
;WIDTH:0.46475
G1 X109.768 Y90.232 E.26997
G1 X109.784 Y90.31 E.27126
;WIDTH:0.432326
G1 X109.8 Y90.389 E.27247
;WIDTH:0.399902
G1 X109.8 Y109.611 E.5371
;WIDTH:0.432326
G1 X109.784 Y109.69 E.53831
;WIDTH:0.46475
G1 X109.768 Y109.768 E.5396
G1 X109.69 Y109.784 E.54089
;WIDTH:0.432571
G1 X109.612 Y109.8 E.54208
;WIDTH:0.400392
G1 X94.987 Y109.799 E.74369
;WIDTH:0.399526
G1 X94.361 Y109.756 E.75232
G1 X93.746 Y109.633 E.76095
G1 X93.152 Y109.429 E.76959
G1 X92.59 Y109.15 E.77822
G1 X92.069 Y108.8 E.78685
;WIDTH:0.39926
G1 X91.598 Y108.385 E.79548
;WIDTH:0.399526
G1 X91.185 Y107.912 E.80412
G1 X90.838 Y107.389 E.81275
;WIDTH:0.399018
G1 X90.562 Y106.825 E.82137
G1 X90.361 Y106.23 E.83
G1 X90.24 Y105.614 E.83862
;WIDTH:0.399902
G1 X90.2 Y104.993 E.84719
G1 X90.2 Y90.389 E1.04825
;WIDTH:0.432327
G1 X90.216 Y90.31 E1.04946
;WIDTH:0.464752
G1 X90.226 Y90.262 E1.05025
G1 X90.418 Y90.204 F7800
;LAYER_CHANGE
;Z:14.63
;HEIGHT:0.11
G1 Z14.63 F7800
G1 X90.232 Y90.232
G92 E0
G1 F913
G1 X90.31 Y90.216 E.00129
;WIDTH:0.432572
G1 X90.388 Y90.2 E.00248
;WIDTH:0.400392
G1 X109.612 Y90.2 E.26749
;WIDTH:0.432571
G1 X109.69 Y90.216 E.26868
;WIDTH:0.46475
G1 X109.768 Y90.232 E.26997
G1 X109.784 Y90.31 E.27126
;WIDTH:0.432326
G1 X109.8 Y90.389 E.27247
;WIDTH:0.399902
G1 X109.8 Y109.611 E.5371
;WIDTH:0.432326
G1 X109.784 Y109.69 E.53831
;WIDTH:0.46475
G1 X109.768 Y109.768 E.5396
G1 X109.69 Y109.784 E.54089
;WIDTH:0.432571
G1 X109.612 Y109.8 E.54208
;WIDTH:0.400392
G1 X94.987 Y109.799 E.74369
;WIDTH:0.399526
G1 X94.361 Y109.756 E.75232
G1 X93.746 Y109.633 E.76095
G1 X93.152 Y109.429 E.76959
G1 X92.59 Y109.15 E.77822
G1 X92.069 Y108.8 E.78685
;WIDTH:0.399258
G1 X91.598 Y108.385 E.79548
;WIDTH:0.399526
G1 X91.185 Y107.912 E.80412
G1 X90.838 Y107.389 E.81275
;WIDTH:0.399018
G1 X90.562 Y106.825 E.82137
G1 X90.361 Y106.23 E.83
G1 X90.24 Y105.614 E.83862
;WIDTH:0.399902
G1 X90.2 Y104.993 E.84719
G1 X90.2 Y90.389 E1.04825
;WIDTH:0.432327
G1 X90.216 Y90.31 E1.04946
;WIDTH:0.464752
G1 X90.226 Y90.262 E1.05025
G1 X90.418 Y90.204 F7800
;LAYER_CHANGE
;Z:14.74
;HEIGHT:0.11
G1 Z14.74 F7800
G1 X90.232 Y90.232
G92 E0
G1 F913
G1 X90.31 Y90.216 E.00129
;WIDTH:0.432572
G1 X90.388 Y90.2 E.00248
;WIDTH:0.400392
G1 X109.612 Y90.2 E.26749
;WIDTH:0.432571
G1 X109.69 Y90.216 E.26868
;WIDTH:0.46475
G1 X109.768 Y90.232 E.26997
G1 X109.784 Y90.31 E.27126
;WIDTH:0.432326
G1 X109.8 Y90.389 E.27247
;WIDTH:0.399902
G1 X109.8 Y109.611 E.5371
;WIDTH:0.432326
G1 X109.784 Y109.69 E.53831
;WIDTH:0.46475
G1 X109.768 Y109.768 E.5396
G1 X109.69 Y109.784 E.54089
;WIDTH:0.432571
G1 X109.612 Y109.8 E.54208
;WIDTH:0.400392
G1 X94.987 Y109.799 E.74369
;WIDTH:0.399526
G1 X94.361 Y109.756 E.75232
G1 X93.746 Y109.633 E.76095
G1 X93.152 Y109.429 E.76959
G1 X92.59 Y109.15 E.77822
G1 X92.069 Y108.8 E.78685
;WIDTH:0.39926
G1 X91.598 Y108.385 E.79548
;WIDTH:0.399526
G1 X91.185 Y107.912 E.80412
G1 X90.838 Y107.389 E.81275
;WIDTH:0.399018
G1 X90.562 Y106.825 E.82137
G1 X90.361 Y106.23 E.83
G1 X90.24 Y105.614 E.83862
;WIDTH:0.399902
G1 X90.2 Y104.993 E.84719
G1 X90.2 Y90.389 E1.04825
;WIDTH:0.432327
G1 X90.216 Y90.31 E1.04946
;WIDTH:0.464752
G1 X90.226 Y90.262 E1.05025
G1 X90.418 Y90.204 F7800
;LAYER_CHANGE
;Z:14.85
;HEIGHT:0.110001
G1 Z14.85 F7800
G1 X90.232 Y90.232
G92 E0
G1 F913
G1 X90.31 Y90.216 E.00129
;WIDTH:0.432572
G1 X90.388 Y90.2 E.00248
;WIDTH:0.400392
G1 X109.612 Y90.2 E.26749
;WIDTH:0.432571
G1 X109.69 Y90.216 E.26868
;WIDTH:0.46475
G1 X109.768 Y90.232 E.26997
G1 X109.784 Y90.31 E.27126
;WIDTH:0.432326
G1 X109.8 Y90.389 E.27247
;WIDTH:0.399902
G1 X109.8 Y109.611 E.5371
;WIDTH:0.432326
G1 X109.784 Y109.69 E.53831
;WIDTH:0.46475
G1 X109.768 Y109.768 E.5396
G1 X109.69 Y109.784 E.54089
;WIDTH:0.432571
G1 X109.612 Y109.8 E.54208
;WIDTH:0.400392
G1 X94.987 Y109.799 E.74369
;WIDTH:0.399526
G1 X94.361 Y109.756 E.75232
G1 X93.746 Y109.633 E.76095
G1 X93.152 Y109.429 E.76959
G1 X92.59 Y109.15 E.77822
G1 X92.069 Y108.8 E.78685
;WIDTH:0.39926
G1 X91.598 Y108.385 E.79548
;WIDTH:0.399526
G1 X91.185 Y107.912 E.80412
G1 X90.838 Y107.389 E.81275
;WIDTH:0.399018
G1 X90.562 Y106.825 E.82137
G1 X90.361 Y106.23 E.83
G1 X90.24 Y105.614 E.83862
;WIDTH:0.399902
G1 X90.2 Y104.993 E.84719
G1 X90.2 Y90.389 E1.04825
;WIDTH:0.432327
G1 X90.216 Y90.31 E1.04946
;WIDTH:0.464752
G1 X90.226 Y90.262 E1.05025
G1 X90.418 Y90.204 F7800
;LAYER_CHANGE
;Z:14.96
;HEIGHT:0.11
G1 Z14.96 F7800
G1 X90.232 Y90.232
G92 E0
G1 F913
G1 X90.31 Y90.216 E.00129
;WIDTH:0.432572
G1 X90.388 Y90.2 E.00248
;WIDTH:0.400392
G1 X109.612 Y90.2 E.26749
;WIDTH:0.432571
G1 X109.69 Y90.216 E.26868
;WIDTH:0.46475
G1 X109.768 Y90.232 E.26997
G1 X109.784 Y90.31 E.27126
;WIDTH:0.432326
G1 X109.8 Y90.389 E.27247
;WIDTH:0.399902
G1 X109.8 Y109.611 E.5371
;WIDTH:0.432326
G1 X109.784 Y109.69 E.53831
;WIDTH:0.46475
G1 X109.768 Y109.768 E.5396
G1 X109.69 Y109.784 E.54089
;WIDTH:0.432571
G1 X109.612 Y109.8 E.54208
;WIDTH:0.400392
G1 X94.987 Y109.799 E.74369
;WIDTH:0.399526
G1 X94.361 Y109.756 E.75232
G1 X93.746 Y109.633 E.76095
G1 X93.152 Y109.429 E.76959
G1 X92.59 Y109.15 E.77822
G1 X92.069 Y108.8 E.78685
;WIDTH:0.39926
G1 X91.598 Y108.385 E.79548
;WIDTH:0.399528
G1 X91.185 Y107.912 E.80412
G1 X90.838 Y107.389 E.81275
;WIDTH:0.399018
G1 X90.562 Y106.825 E.82137
G1 X90.361 Y106.23 E.83
G1 X90.24 Y105.614 E.83862
;WIDTH:0.399902
G1 X90.2 Y104.993 E.84719
G1 X90.2 Y90.389 E1.04825
;WIDTH:0.432327
G1 X90.216 Y90.31 E1.04946
;WIDTH:0.464752
G1 X90.226 Y90.262 E1.05025
G1 X90.418 Y90.204 F7800
G1 E-.94975 F2400
G92 E0
M107
;TYPE:Custom
; Filament-specific end gcode 
;END gcode for filament
M104 S0 ; turn off temperature
G28 X0  ; home X axis
M84     ; disable motors
; objects_info = {"objects":[]}
; filament used [mm] = 144.54
; filament used [cm3] = 0.35
; total filament used [g] = 0.00
; total filament cost = 0.00
; total filament used for wipe tower [g] = 0.00
; estimated printing time (normal mode) = 11m 35s
; estimated printing time (silent mode) = 11m 36s
; estimated first layer printing time (normal mode) = 9s
; estimated first layer printing time (silent mode) = 9s

; prusaslicer_config = begin
; arc_fitting = disabled
; autoemit_temperature_commands = 1
; avoid_crossing_curled_overhangs = 0
; avoid_crossing_perimeters = 0
; avoid_crossing_perimeters_max_detour = 0
; bed_custom_model = 
; bed_custom_texture = 
; bed_shape = 0x0,200x0,200x200,0x200
; bed_temperature = 65
; before_layer_gcode = 
; between_objects_gcode = 
; binary_gcode = 0
; bottom_fill_pattern = monotonic
; bottom_solid_layers = 3
; bottom_solid_min_thickness = 0
; bridge_acceleration = 0
; bridge_angle = 0
; bridge_fan_speed = 100
; bridge_flow_ratio = 1
; bridge_speed = 60
; brim_separation = 0
; brim_type = no_brim
; brim_width = 5
; color_change_gcode = M600
; complete_objects = 0
; cooling = 1
; cooling_tube_length = 5
; cooling_tube_retraction = 91.5
; default_acceleration = 0
; default_filament_profile = 
; default_print_profile = 
; deretract_speed = 0
; disable_fan_first_layers = 3
; dont_support_bridges = 1
; draft_shield = disabled
; duplicate_distance = 6
; elefant_foot_compensation = 0
; enable_dynamic_fan_speeds = 0
; enable_dynamic_overhang_speeds = 0
; end_filament_gcode = "; Filament-specific end gcode \n;END gcode for filament\n"
; end_gcode = M104 S0 ; turn off temperature\nG28 X0  ; home X axis\nM84     ; disable motors\n
; external_perimeter_acceleration = 0
; external_perimeter_extrusion_width = 0.45
; external_perimeter_speed = 50%
; external_perimeters_first = 0
; extra_loading_move = -2
; extra_perimeters = 1
; extra_perimeters_on_overhangs = 0
; extruder_clearance_height = 20
; extruder_clearance_radius = 20
; extruder_colour = ""
; extruder_offset = 0x0
; extrusion_axis = E
; extrusion_multiplier = 0.8
; extrusion_width = 0.45
; fan_always_on = 0
; fan_below_layer_time = 60
; filament_colour = #29B2B2
; filament_cooling_final_speed = 3.4
; filament_cooling_initial_speed = 2.2
; filament_cooling_moves = 4
; filament_cost = 0
; filament_density = 0
; filament_diameter = 1.75
; filament_load_time = 0
; filament_loading_speed = 28
; filament_loading_speed_start = 3
; filament_max_volumetric_speed = 0
; filament_minimal_purge_on_wipe_tower = 15
; filament_multitool_ramming = 0
; filament_multitool_ramming_flow = 10
; filament_multitool_ramming_volume = 10
; filament_notes = ""
; filament_purge_multiplier = 100%
; filament_ramming_parameters = "120 100 6.6 6.8 7.2 7.6 7.9 8.2 8.7 9.4 9.9 10.0| 0.05 6.6 0.45 6.8 0.95 7.8 1.45 8.3 1.95 9.7 2.45 10 2.95 7.6 3.45 7.6 3.95 7.6 4.45 7.6 4.95 7.6"
; filament_settings_id = 3D_Home_PLA_RED
; filament_soluble = 0
; filament_spool_weight = 0
; filament_stamping_distance = 0
; filament_stamping_loading_speed = 20
; filament_toolchange_delay = 0
; filament_type = PLA
; filament_unload_time = 0
; filament_unloading_speed = 90
; filament_unloading_speed_start = 100
; filament_vendor = (Unknown)
; fill_angle = 45
; fill_density = 20%
; fill_pattern = stars
; first_layer_acceleration = 0
; first_layer_acceleration_over_raft = 0
; first_layer_bed_temperature = 65
; first_layer_extrusion_width = 0.42
; first_layer_height = 0.11
; first_layer_speed = 30
; first_layer_speed_over_raft = 30
; first_layer_temperature = 200
; full_fan_speed_layer = 0
; fuzzy_skin = none
; fuzzy_skin_point_dist = 0.8
; fuzzy_skin_thickness = 0.3
; gap_fill_enabled = 1
; gap_fill_speed = 20
; gcode_comments = 0
; gcode_flavor = marlin
; gcode_label_objects = disabled
; gcode_resolution = 0.0125
; gcode_substitutions = 
; high_current_on_filament_swap = 0
; host_type = prusalink
; infill_acceleration = 0
; infill_anchor = 600%
; infill_anchor_max = 50
; infill_every_layers = 1
; infill_extruder = 1
; infill_extrusion_width = 0.45
; infill_first = 0
; infill_overlap = 25%
; infill_speed = 80
; interface_shells = 0
; ironing = 0
; ironing_flowrate = 15%
; ironing_spacing = 0.1
; ironing_speed = 15
; ironing_type = top
; layer_gcode = 
; layer_height = 0.11
; machine_limits_usage = time_estimate_only
; machine_max_acceleration_e = 10000,5000
; machine_max_acceleration_extruding = 1500,1250
; machine_max_acceleration_retracting = 1500,1250
; machine_max_acceleration_travel = 1500,1250
; machine_max_acceleration_x = 9000,1000
; machine_max_acceleration_y = 9000,1000
; machine_max_acceleration_z = 500,200
; machine_max_feedrate_e = 120,120
; machine_max_feedrate_x = 500,200
; machine_max_feedrate_y = 500,200
; machine_max_feedrate_z = 12,12
; machine_max_jerk_e = 2.5,2.5
; machine_max_jerk_x = 10,10
; machine_max_jerk_y = 10,10
; machine_max_jerk_z = 0.2,0.4
; machine_min_extruding_rate = 0,0
; machine_min_travel_rate = 0,0
; max_fan_speed = 100
; max_layer_height = 0
; max_print_height = 300
; max_print_speed = 80
; max_volumetric_extrusion_rate_slope_negative = 0
; max_volumetric_extrusion_rate_slope_positive = 0
; max_volumetric_speed = 0
; min_bead_width = 85%
; min_fan_speed = 35
; min_feature_size = 25%
; min_layer_height = 0.07
; min_print_speed = 10
; min_skirt_length = 0
; mmu_segmented_region_interlocking_depth = 0
; mmu_segmented_region_max_width = 0
; multimaterial_purging = 140
; notes = 
; nozzle_diameter = 0.2
; only_retract_when_crossing_perimeters = 0
; ooze_prevention = 0
; output_filename_format = [input_filename_base].gcode
; overhang_fan_speed_0 = 0
; overhang_fan_speed_1 = 0
; overhang_fan_speed_2 = 0
; overhang_fan_speed_3 = 0
; overhang_speed_0 = 15
; overhang_speed_1 = 15
; overhang_speed_2 = 20
; overhang_speed_3 = 25
; overhangs = 1
; parking_pos_retraction = 92
; pause_print_gcode = M601
; perimeter_acceleration = 0
; perimeter_extruder = 1
; perimeter_extrusion_width = 0.45
; perimeter_generator = arachne
; perimeter_speed = 60
; perimeters = 3
; physical_printer_settings_id = 
; post_process = 
; print_settings_id = goofoo_02
; printer_model = 
; printer_notes = 
; printer_settings_id = goofoo_02
; printer_technology = FFF
; printer_variant = 
; printer_vendor = 
; raft_contact_distance = 0.1
; raft_expansion = 1.5
; raft_first_layer_density = 90%
; raft_first_layer_expansion = 3
; raft_layers = 0
; remaining_times = 0
; resolution = 0
; retract_before_travel = 2
; retract_before_wipe = 0%
; retract_layer_change = 0
; retract_length = 2
; retract_length_toolchange = 10
; retract_lift = 0
; retract_lift_above = 0
; retract_lift_below = 0
; retract_restart_extra = 0
; retract_restart_extra_toolchange = 0
; retract_speed = 40
; seam_position = aligned
; silent_mode = 1
; single_extruder_multi_material = 0
; single_extruder_multi_material_priming = 1
; skirt_distance = 6
; skirt_height = 1
; skirts = 1
; slice_closing_radius = 0.049
; slicing_mode = regular
; slowdown_below_layer_time = 5
; small_perimeter_speed = 15
; solid_infill_acceleration = 0
; solid_infill_below_area = 70
; solid_infill_every_layers = 0
; solid_infill_extruder = 1
; solid_infill_extrusion_width = 0.45
; solid_infill_speed = 20
; spiral_vase = 0
; staggered_inner_seams = 0
; standby_temperature_delta = -5
; start_filament_gcode = "; Filament gcode\n"
; start_gcode = G28 ; home all axes\nG1 Z5 F5000 ; lift nozzle\n
; support_material = 0
; support_material_angle = 0
; support_material_auto = 0
; support_material_bottom_contact_distance = 0
; support_material_bottom_interface_layers = -1
; support_material_buildplate_only = 0
; support_material_closing_radius = 2
; support_material_contact_distance = 0.2
; support_material_enforce_layers = 0
; support_material_extruder = 1
; support_material_extrusion_width = 0.4
; support_material_interface_contact_loops = 0
; support_material_interface_extruder = 1
; support_material_interface_layers = 3
; support_material_interface_pattern = rectilinear
; support_material_interface_spacing = 0
; support_material_interface_speed = 100%
; support_material_pattern = rectilinear
; support_material_spacing = 2.5
; support_material_speed = 60
; support_material_style = grid
; support_material_synchronize_layers = 0
; support_material_threshold = 0
; support_material_with_sheath = 1
; support_material_xy_spacing = 50%
; support_tree_angle = 40
; support_tree_angle_slow = 25
; support_tree_branch_diameter = 2
; support_tree_branch_diameter_angle = 5
; support_tree_branch_diameter_double_wall = 3
; support_tree_branch_distance = 1
; support_tree_tip_diameter = 0.8
; support_tree_top_rate = 15%
; temperature = 200
; template_custom_gcode = 
; thick_bridges = 1
; thin_walls = 1
; thumbnails = 
; thumbnails_format = PNG
; toolchange_gcode = 
; top_fill_pattern = monotonic
; top_infill_extrusion_width = 0.4
; top_solid_infill_acceleration = 0
; top_solid_infill_speed = 15
; top_solid_layers = 3
; top_solid_min_thickness = 0
; travel_acceleration = 0
; travel_lift_before_obstacle = 0
; travel_max_lift = 0
; travel_ramping_lift = 0
; travel_slope = 0
; travel_speed = 130
; travel_speed_z = 0
; use_firmware_retraction = 0
; use_relative_e_distances = 0
; use_volumetric_e = 0
; variable_layer_height = 1
; wall_distribution_count = 1
; wall_transition_angle = 10
; wall_transition_filter_deviation = 25%
; wall_transition_length = 100%
; wipe = 0
; wipe_into_infill = 0
; wipe_into_objects = 0
; wipe_tower = 0
; wipe_tower_acceleration = 0
; wipe_tower_bridging = 10
; wipe_tower_brim_width = 2
; wipe_tower_cone_angle = 0
; wipe_tower_extra_flow = 100%
; wipe_tower_extra_spacing = 100%
; wipe_tower_extruder = 0
; wipe_tower_no_sparse_layers = 0
; wipe_tower_rotation_angle = 0
; wipe_tower_width = 60
; wipe_tower_x = 180
; wipe_tower_y = 140
; wiping_volumes_matrix = 0
; wiping_volumes_use_custom_matrix = 0
; xy_size_compensation = 0
; z_offset = 0
; prusaslicer_config = end
