; generated by PrusaSlicer 2.7.4 on 2025-09-22 at 11:13:34 UTC

; 

; external perimeters extrusion width = 0.45mm
; perimeters extrusion width = 0.45mm
; infill extrusion width = 0.45mm
; solid infill extrusion width = 0.45mm
; top infill extrusion width = 0.40mm
; first layer extrusion width = 0.42mm

M190 S65 ; set bed temperature and wait for it to be reached
M104 S200 ; set temperature
;TYPE:Custom
G28 ; home all axes
G1 Z5 F5000 ; lift nozzle
M109 S200 ; set temperature and wait for it to be reached
G21 ; set units to millimeters
G90 ; use absolute coordinates
M82 ; use absolute distances for extrusion
G92 E0
; Filament gcode
M107
;LAYER_CHANGE
;Z:0.4
;HEIGHT:0.4
G1 E-2 F2400
G1 Z.4 F7800
G1 X130.203 Y130.863
G1 E0 F2400
;TYPE:Skirt/Brim
;WIDTH:0.42
G1 F1800
G1 X131.945 Y129.451 E.09969
G1 X135 Y128.666 E.23992
G1 X155 Y128.666 E1.12905
G1 X157.207 Y129.063 E1.22874
G1 X159.137 Y130.203 E1.32839
G1 X160.549 Y131.945 E1.42808
G1 X161.334 Y135 E1.56831
G1 X161.334 Y155 E2.45744
G1 X160.937 Y157.207 E2.55713
G1 X159.797 Y159.137 E2.65678
G1 X158.055 Y160.549 E2.75647
G1 X155 Y161.334 E2.8967
G1 X135 Y161.334 E3.78583
G1 X132.793 Y160.937 E3.88552
G1 X130.863 Y159.797 E3.98517
G1 X129.451 Y158.055 E4.08486
G1 X128.666 Y155 E4.22509
G1 X128.666 Y135 E5.11422
G1 X129.063 Y132.793 E5.21391
G1 X130.173 Y130.915 E5.31089
G1 E3.31089 F2400
G92 E0
G1 X130.173 Y130.915 F7800
G92 E0
G1 X154.122 Y154.122
G1 E2 F2400
;TYPE:Perimeter
;WIDTH:0.42
G1 F1800
G1 X135.878 Y154.122 E2.81107
G1 X135.878 Y135.878 E3.62214
G1 X154.122 Y135.878 E4.43321
G1 X154.122 Y145 E4.83874
G1 X154.122 Y154.062 E5.24161
G1 X154.122 Y154.062 F7800
G1 X154.456 Y154.456
G1 F1800
G1 X135.544 Y154.456 E6.08237
G1 X135.544 Y135.544 E6.92313
G1 X154.456 Y135.544 E7.76389
G1 X154.456 Y145 E8.18427
G1 X154.456 Y154.396 E8.60199
G1 X154.456 Y154.396 F7800
G1 X154.79 Y154.79
;TYPE:External perimeter
G1 F1800
G1 X135.21 Y154.79 E9.47245
G1 X135.21 Y135.21 E10.34291
G1 X154.79 Y135.21 E11.21337
G1 X154.79 Y145 E11.6486
G1 X154.79 Y154.73 E12.08116
G1 X154.394 Y154.789 F7800
G1 E10.08116 F2400
G92 E0
G1 X154.021 Y136.659 F7800
G1 E2 F2400
;TYPE:Solid infill
;WIDTH:0.422205
G1 F1800
G1 X153.492 Y136.129 E2.03351
G1 X153.016 Y136.129 E2.05481
G1 X153.871 Y136.984 E2.10892
G1 X153.871 Y137.46 E2.13022
G1 X152.54 Y136.129 E2.21445
G1 X152.065 Y136.129 E2.23571
G1 X153.871 Y137.935 E2.35
G1 X153.871 Y138.411 E2.3713
G1 X151.589 Y136.129 E2.51572
G1 X151.113 Y136.129 E2.53702
G1 X153.871 Y138.887 E2.71156
G1 X153.871 Y139.363 E2.73286
G1 X150.637 Y136.129 E2.93753
G1 X150.162 Y136.129 E2.95879
G1 X153.871 Y139.838 E3.19352
G1 X153.871 Y140.314 E3.21482
G1 X149.686 Y136.129 E3.47967
G1 X149.21 Y136.129 E3.50097
G1 X153.871 Y140.79 E3.79595
G1 X153.871 Y141.265 E3.81721
G1 X148.735 Y136.129 E4.14225
G1 X148.259 Y136.129 E4.16355
G1 X153.871 Y141.741 E4.51871
G1 X153.871 Y142.217 E4.54001
G1 X147.783 Y136.129 E4.9253
G1 X147.308 Y136.129 E4.94656
G1 X153.871 Y142.692 E5.36191
G1 X153.871 Y143.168 E5.38321
G1 X146.832 Y136.129 E5.82868
G1 X146.356 Y136.129 E5.84998
G1 X153.871 Y143.644 E6.32558
G1 X153.871 Y144.119 E6.34684
G1 X145.881 Y136.129 E6.8525
G1 X145.405 Y136.129 E6.8738
G1 X153.871 Y144.595 E7.40958
G1 X153.871 Y145.071 E7.43088
G1 X144.929 Y136.129 E7.99678
G1 X144.453 Y136.129 E8.01808
G1 X153.871 Y145.547 E8.61411
G1 X153.871 Y146.022 E8.63537
G1 X143.978 Y136.129 E9.26146
G1 X143.502 Y136.129 E9.28276
G1 X153.871 Y146.498 E9.93897
G1 X153.871 Y146.974 E9.96027
G1 X143.026 Y136.129 E10.64661
G1 X142.551 Y136.129 E10.66787
G1 X153.871 Y147.449 E11.38427
G1 X153.871 Y147.925 E11.40557
G1 X142.075 Y136.129 E12.15209
G1 X141.599 Y136.129 E12.17339
G1 X153.871 Y148.401 E12.95004
G1 X153.871 Y148.876 E12.9713
G1 X141.124 Y136.129 E13.77801
G1 X140.648 Y136.129 E13.79931
G1 X153.871 Y149.352 E14.63614
G1 X153.871 Y149.828 E14.65744
G1 X140.172 Y136.129 E15.5244
G1 X139.697 Y136.129 E15.54566
G1 X153.871 Y150.303 E16.44268
G1 X153.871 Y150.779 E16.46398
G1 X139.221 Y136.129 E17.39112
G1 X138.745 Y136.129 E17.41242
G1 X153.871 Y151.255 E18.36969
G1 X153.871 Y151.73 E18.39095
G1 X138.27 Y136.129 E19.37828
G1 X137.794 Y136.129 E19.39958
G1 X153.871 Y152.206 E20.41703
G1 X153.871 Y152.682 E20.43833
G1 X137.318 Y136.129 E21.48591
G1 X136.842 Y136.129 E21.50721
G1 X153.871 Y153.158 E22.58491
G1 X153.871 Y153.633 E22.60617
G1 X136.367 Y136.129 E23.71393
G1 X136.129 Y136.129 E23.72458
G1 X136.129 Y136.367 E23.73523
G1 X153.633 Y153.871 E24.84299
G1 X153.158 Y153.871 E24.86425
G1 X136.129 Y136.842 E25.94195
G1 X136.129 Y137.318 E25.96325
G1 X152.682 Y153.871 E27.01083
G1 X152.206 Y153.871 E27.03213
G1 X136.129 Y137.794 E28.04958
G1 X136.129 Y138.27 E28.07088
G1 X151.73 Y153.871 E29.05821
G1 X151.255 Y153.871 E29.07947
G1 X136.129 Y138.745 E30.03674
G1 X136.129 Y139.221 E30.05804
G1 X150.779 Y153.871 E30.98518
G1 X150.303 Y153.871 E31.00648
G1 X136.129 Y139.697 E31.9035
G1 X136.129 Y140.172 E31.92476
G1 X149.828 Y153.871 E32.79172
G1 X149.352 Y153.871 E32.81302
G1 X136.129 Y140.648 E33.64985
G1 X136.129 Y141.124 E33.67115
G1 X148.876 Y153.871 E34.47786
G1 X148.401 Y153.871 E34.49912
G1 X136.129 Y141.599 E35.27577
G1 X136.129 Y142.075 E35.29707
G1 X147.925 Y153.871 E36.04359
G1 X147.449 Y153.871 E36.06489
G1 X136.129 Y142.551 E36.78129
G1 X136.129 Y143.026 E36.80255
G1 X146.974 Y153.871 E37.48889
G1 X146.498 Y153.871 E37.51019
G1 X136.129 Y143.502 E38.1664
G1 X136.129 Y143.978 E38.1877
G1 X146.022 Y153.871 E38.81379
G1 X145.546 Y153.871 E38.83509
G1 X136.129 Y144.454 E39.43106
G1 X136.129 Y144.929 E39.45232
G1 X145.071 Y153.871 E40.01822
G1 X144.595 Y153.871 E40.03952
G1 X136.129 Y145.405 E40.5753
G1 X136.129 Y145.881 E40.5966
G1 X144.119 Y153.871 E41.10226
G1 X143.644 Y153.871 E41.12352
G1 X136.129 Y146.356 E41.59912
G1 X136.129 Y146.832 E41.62042
G1 X143.168 Y153.871 E42.06589
G1 X142.692 Y153.871 E42.08719
G1 X136.129 Y147.308 E42.50254
G1 X136.129 Y147.783 E42.5238
G1 X142.217 Y153.871 E42.90909
G1 X141.741 Y153.871 E42.93039
G1 X136.129 Y148.259 E43.28555
G1 X136.129 Y148.735 E43.30685
G1 X141.265 Y153.871 E43.63189
G1 X140.79 Y153.871 E43.65315
G1 X136.129 Y149.21 E43.94813
G1 X136.129 Y149.686 E43.96943
G1 X140.314 Y153.871 E44.23428
G1 X139.838 Y153.871 E44.25558
G1 X136.129 Y150.162 E44.49031
G1 X136.129 Y150.638 E44.51161
G1 X139.362 Y153.871 E44.71621
G1 X138.887 Y153.871 E44.73747
G1 X136.129 Y151.113 E44.91201
G1 X136.129 Y151.589 E44.93331
G1 X138.411 Y153.871 E45.07773
G1 X137.935 Y153.871 E45.09903
G1 X136.129 Y152.065 E45.21332
G1 X136.129 Y152.54 E45.23458
G1 X137.46 Y153.871 E45.31881
G1 X136.984 Y153.871 E45.34011
G1 X136.129 Y153.016 E45.39422
G1 X136.129 Y153.492 E45.41552
G1 X136.659 Y154.021 E45.44903
;LAYER_CHANGE
;Z:0.78
;HEIGHT:0.38
G1 Z.78 F7800
G1 E43.44903 F2400
G92 E0
G1 X136.659 Y154.021 Z.78 F7800
G1 X154.038 Y154.038
G1 E2 F2400
G92 E0
;TYPE:Perimeter
;WIDTH:0.45
G1 F3600
G1 X135.962 Y154.038 E.84176
G1 X135.962 Y135.962 E1.68352
G1 X154.038 Y135.962 E2.52528
G1 X154.038 Y145 E2.94616
G1 X154.038 Y153.978 E3.36425
G1 X154.038 Y153.978 F7800
G1 X154.407 Y154.407
G1 F3600
G1 X135.593 Y154.407 E4.24038
G1 X135.593 Y135.593 E5.11651
G1 X154.407 Y135.593 E5.99264
G1 X154.407 Y145 E6.4307
G1 X154.407 Y154.347 E6.86597
G1 X154.407 Y154.347 F7800
G1 X154.775 Y154.775
;TYPE:External perimeter
G1 F1800
G1 X135.225 Y154.775 E7.77637
G1 X135.225 Y135.225 E8.68677
G1 X154.775 Y135.225 E9.59717
G1 X154.775 Y145 E10.05237
G1 X154.775 Y154.715 E10.50478
G1 X154.379 Y154.774 F7800
G1 E8.50478 F2400
G92 E0
G1 X136.338 Y136.268 F7800
G1 E2 F2400
;TYPE:Solid infill
;WIDTH:0.539395
G1 F1200
G1 X136.298 Y136.228 E2.00327
G1 X136.242 Y136.242 E2.00661
G1 X136.228 Y136.298 E2.00995
G1 X136.268 Y136.338 E2.01322
G1 X136.323 Y136.323 E2.01652
;WIDTH:0.45
G1 X136.238 Y136.912 E2.04423
G1 X136.912 Y136.238 E2.08862
G1 X137.083 Y136.111 E2.09854
;WIDTH:0.421549
G1 X137.042 Y136.122 E2.10036
G1 X137.023 Y136.051 E2.10352
G1 X137.094 Y136.07 E2.10668
;WIDTH:0.45
G1 X137.433 Y136.238 E2.1243
G1 X136.238 Y137.433 E2.203
G1 X136.238 Y137.954 E2.22726
G1 X137.954 Y136.238 E2.34027
G1 X138.475 Y136.238 E2.36453
G1 X136.238 Y138.475 E2.51185
G1 X136.238 Y138.996 E2.53611
G1 X138.996 Y136.238 E2.71774
G1 X139.517 Y136.238 E2.742
G1 X136.238 Y139.517 E2.95795
G1 X136.238 Y140.038 E2.98221
G1 X140.038 Y136.238 E3.23247
G1 X140.559 Y136.238 E3.25673
G1 X136.238 Y140.559 E3.5413
G1 X136.238 Y141.08 E3.56556
G1 X141.08 Y136.238 E3.88444
G1 X141.602 Y136.238 E3.90875
G1 X136.238 Y141.602 E4.26201
G1 X136.238 Y142.123 E4.28627
G1 X142.123 Y136.238 E4.67384
G1 X142.644 Y136.238 E4.6981
G1 X136.238 Y142.644 E5.11998
G1 X136.238 Y143.165 E5.14424
G1 X143.165 Y136.238 E5.60043
G1 X143.686 Y136.238 E5.62469
G1 X136.238 Y143.686 E6.11519
G1 X136.238 Y144.207 E6.13945
G1 X144.207 Y136.238 E6.66426
G1 X144.728 Y136.238 E6.68852
G1 X136.238 Y144.728 E7.24765
G1 X136.238 Y145.249 E7.27191
G1 X145.249 Y136.238 E7.86535
G1 X145.77 Y136.238 E7.88961
G1 X136.238 Y145.77 E8.51736
G1 X136.238 Y146.291 E8.54162
G1 X146.291 Y136.238 E9.20368
G1 X146.812 Y136.238 E9.22794
G1 X136.238 Y146.812 E9.92431
G1 X136.238 Y147.333 E9.94857
G1 X147.333 Y136.238 E10.67925
G1 X147.854 Y136.238 E10.70351
G1 X136.238 Y147.854 E11.46851
G1 X136.238 Y148.375 E11.49277
G1 X148.375 Y136.238 E12.29208
G1 X148.897 Y136.238 E12.31639
G1 X136.238 Y148.896 E13.15004
G1 X136.238 Y149.418 E13.17435
G1 X149.418 Y136.238 E14.04235
G1 X149.939 Y136.238 E14.06661
G1 X136.238 Y149.939 E14.96892
G1 X136.238 Y150.46 E14.99318
G1 X150.46 Y136.238 E15.9298
G1 X150.981 Y136.238 E15.95406
G1 X136.238 Y150.981 E16.92499
G1 X136.238 Y151.502 E16.94925
G1 X151.502 Y136.238 E17.95449
G1 X152.023 Y136.238 E17.97875
G1 X136.238 Y152.023 E19.0183
G1 X136.238 Y152.544 E19.04256
G1 X152.544 Y136.238 E20.11643
G1 X153.065 Y136.238 E20.14069
G1 X136.238 Y153.065 E21.24887
G1 X136.238 Y153.065 F7800
G1 X136.182 Y153.878
;WIDTH:0.421549
G1 F1200
G1 X136.141 Y153.889 E21.25069
G1 X136.122 Y153.818 E21.25385
G1 X136.193 Y153.837 E21.25701
;WIDTH:0.45
G1 X136.238 Y153.586 E21.26888
G1 X153.586 Y136.238 E22.41137
G1 X153.762 Y136.584 E22.42945
G1 X136.584 Y153.762 E23.56074
G1 X137.105 Y153.762 E23.585
G1 X153.762 Y137.105 E24.68198
G1 X153.762 Y137.626 E24.70624
G1 X137.626 Y153.762 E25.76891
G1 X138.147 Y153.762 E25.79317
G1 X153.762 Y138.147 E26.82153
G1 X153.762 Y138.668 E26.84579
G1 X138.668 Y153.762 E27.83984
G1 X139.189 Y153.762 E27.8641
G1 X153.762 Y139.189 E28.82383
G1 X153.762 Y139.71 E28.84809
G1 X139.71 Y153.762 E29.77351
G1 X140.231 Y153.762 E29.79777
G1 X153.762 Y140.231 E30.68888
G1 X153.762 Y140.752 E30.71314
G1 X140.752 Y153.762 E31.56994
G1 X141.273 Y153.762 E31.5942
G1 X153.762 Y141.273 E32.41669
G1 X153.762 Y141.794 E32.44095
G1 X141.794 Y153.762 E33.22913
G1 X142.315 Y153.762 E33.25339
G1 X153.762 Y142.315 E34.00726
G1 X153.762 Y142.836 E34.03152
G1 X142.836 Y153.762 E34.75107
G1 X143.358 Y153.762 E34.77538
G1 X153.762 Y143.358 E35.46056
G1 X153.762 Y143.879 E35.48482
G1 X143.879 Y153.762 E36.13569
G1 X144.4 Y153.762 E36.15995
G1 X153.762 Y144.4 E36.7765
G1 X153.762 Y144.921 E36.80076
G1 X144.921 Y153.762 E37.383
G1 X145.442 Y153.762 E37.40726
G1 X153.762 Y145.442 E37.95519
G1 X153.762 Y145.963 E37.97945
G1 X145.963 Y153.762 E38.49307
G1 X146.484 Y153.762 E38.51733
G1 X153.762 Y146.484 E38.99664
G1 X153.762 Y147.005 E39.0209
G1 X147.005 Y153.762 E39.4659
G1 X147.526 Y153.762 E39.49016
G1 X153.762 Y147.526 E39.90084
G1 X153.762 Y148.047 E39.9251
G1 X148.047 Y153.762 E40.30147
G1 X148.568 Y153.762 E40.32573
G1 X153.762 Y148.568 E40.66779
G1 X153.762 Y149.089 E40.69205
G1 X149.089 Y153.762 E40.9998
G1 X149.61 Y153.762 E41.02406
G1 X153.762 Y149.61 E41.2975
G1 X153.762 Y150.131 E41.32176
G1 X150.131 Y153.762 E41.56089
G1 X150.653 Y153.762 E41.5852
G1 X153.762 Y150.653 E41.78995
G1 X153.762 Y151.174 E41.81421
G1 X151.174 Y153.762 E41.98465
G1 X151.695 Y153.762 E42.00891
G1 X153.762 Y151.695 E42.14504
G1 X153.762 Y152.216 E42.1693
G1 X152.216 Y153.762 E42.27112
G1 X152.737 Y153.762 E42.29538
G1 X153.762 Y152.737 E42.36288
G1 X153.96 Y153.105 E42.38234
;WIDTH:0.421549
G1 X153.889 Y153.086 E42.3855
G1 X153.908 Y153.157 E42.38866
G1 X153.949 Y153.146 E42.39048
;WIDTH:0.45
G1 X153.762 Y153.258 E42.40063
G1 X153.258 Y153.762 E42.43382
;LAYER_CHANGE
;Z:1.16
;HEIGHT:0.38
G1 Z1.16 F7800
G1 X154.038 Y154.038
G92 E0
;TYPE:Perimeter
G1 F3600
G1 X135.962 Y154.038 E.84176
G1 X135.962 Y135.962 E1.68352
G1 X154.038 Y135.962 E2.52528
G1 X154.038 Y145 E2.94616
G1 X154.038 Y153.978 E3.36425
G1 X154.038 Y153.978 F7800
G1 X154.407 Y154.407
G1 F3600
G1 X135.593 Y154.407 E4.24038
G1 X135.593 Y135.593 E5.11651
G1 X154.407 Y135.593 E5.99264
G1 X154.407 Y145 E6.4307
G1 X154.407 Y154.347 E6.86597
G1 X154.407 Y154.347 F7800
G1 X154.775 Y154.775
;TYPE:External perimeter
G1 F1800
G1 X135.225 Y154.775 E7.77637
G1 X135.225 Y135.225 E8.68677
G1 X154.775 Y135.225 E9.59717
G1 X154.775 Y145 E10.05237
G1 X154.775 Y154.715 E10.50478
G1 X154.379 Y154.774 F7800
G1 E8.50478 F2400
G92 E0
G1 X136.268 Y153.662 F7800
G1 E2 F2400
;TYPE:Solid infill
;WIDTH:0.539395
G1 F1200
G1 X136.228 Y153.702 E2.00327
G1 X136.242 Y153.758 E2.00661
G1 X136.298 Y153.772 E2.00995
G1 X136.338 Y153.732 E2.01322
G1 X136.323 Y153.677 E2.01652
;WIDTH:0.45
G1 X136.238 Y153.088 E2.04423
G1 X136.912 Y153.762 E2.08862
G1 X137.433 Y153.762 E2.11288
G1 X136.238 Y152.567 E2.19158
G1 X136.238 Y152.046 E2.21584
G1 X137.954 Y153.762 E2.32885
G1 X138.475 Y153.762 E2.35311
G1 X136.238 Y151.525 E2.50043
G1 X136.238 Y151.004 E2.52469
G1 X138.996 Y153.762 E2.70632
G1 X139.517 Y153.762 E2.73058
G1 X136.238 Y150.483 E2.94653
G1 X136.238 Y149.962 E2.97079
G1 X140.038 Y153.762 E3.22105
G1 X140.559 Y153.762 E3.24531
G1 X136.238 Y149.441 E3.52988
G1 X136.238 Y148.92 E3.55414
G1 X141.08 Y153.762 E3.87302
G1 X141.602 Y153.762 E3.89733
G1 X136.238 Y148.398 E4.25059
G1 X136.238 Y147.877 E4.27485
G1 X142.123 Y153.762 E4.66242
G1 X142.644 Y153.762 E4.68668
G1 X136.238 Y147.356 E5.10856
G1 X136.238 Y146.835 E5.13282
G1 X143.165 Y153.762 E5.58901
G1 X143.686 Y153.762 E5.61327
G1 X136.238 Y146.314 E6.10377
G1 X136.238 Y145.793 E6.12803
G1 X144.207 Y153.762 E6.65284
G1 X144.728 Y153.762 E6.6771
G1 X136.238 Y145.272 E7.23623
G1 X136.238 Y144.751 E7.26049
G1 X145.249 Y153.762 E7.85393
G1 X145.77 Y153.762 E7.87819
G1 X136.238 Y144.23 E8.50594
G1 X136.238 Y143.709 E8.5302
G1 X146.291 Y153.762 E9.19226
G1 X146.812 Y153.762 E9.21652
G1 X136.238 Y143.188 E9.91289
G1 X136.238 Y142.667 E9.93715
G1 X147.333 Y153.762 E10.66783
G1 X147.854 Y153.762 E10.69209
G1 X136.238 Y142.146 E11.45709
G1 X136.238 Y141.625 E11.48135
G1 X148.375 Y153.762 E12.28066
G1 X148.896 Y153.762 E12.30492
G1 X136.238 Y141.104 E13.13854
G1 X136.238 Y140.582 E13.16285
G1 X149.418 Y153.762 E14.03085
G1 X149.939 Y153.762 E14.05511
G1 X136.238 Y140.061 E14.95742
G1 X136.238 Y139.54 E14.98168
G1 X150.46 Y153.762 E15.9183
G1 X150.981 Y153.762 E15.94256
G1 X136.238 Y139.019 E16.91349
G1 X136.238 Y138.498 E16.93775
G1 X151.502 Y153.762 E17.94299
G1 X152.023 Y153.762 E17.96725
G1 X136.238 Y137.977 E19.0068
G1 X136.238 Y137.456 E19.03106
G1 X152.544 Y153.762 E20.10493
G1 X153.065 Y153.762 E20.12919
G1 X136.238 Y136.935 E21.23737
G1 X136.238 Y136.935 F7800
G1 X136.141 Y136.111
;WIDTH:0.421549
G1 F1200
G1 X136.122 Y136.182 E21.24053
G1 X136.193 Y136.163 E21.24369
G1 X136.182 Y136.122 E21.24551
;WIDTH:0.45
G1 X136.238 Y136.414 E21.25936
G1 X153.586 Y153.762 E22.40185
G1 X153.837 Y153.807 E22.41372
;WIDTH:0.421549
G1 X153.818 Y153.878 E22.41688
G1 X153.889 Y153.859 E22.42004
G1 X153.878 Y153.818 E22.42186
;WIDTH:0.45
G1 X153.762 Y153.416 E22.44134
G1 X136.584 Y136.238 E23.57263
G1 X137.105 Y136.238 E23.59689
G1 X153.762 Y152.895 E24.69387
G1 X153.762 Y152.374 E24.71813
G1 X137.626 Y136.238 E25.7808
G1 X138.147 Y136.238 E25.80506
G1 X153.762 Y151.853 E26.83342
G1 X153.762 Y151.332 E26.85768
G1 X138.668 Y136.238 E27.85173
G1 X139.189 Y136.238 E27.87599
G1 X153.762 Y150.811 E28.83572
G1 X153.762 Y150.29 E28.85998
G1 X139.71 Y136.238 E29.7854
G1 X140.231 Y136.238 E29.80966
G1 X153.762 Y149.769 E30.70077
G1 X153.762 Y149.248 E30.72503
G1 X140.752 Y136.238 E31.58183
G1 X141.273 Y136.238 E31.60609
G1 X153.762 Y148.727 E32.42858
G1 X153.762 Y148.206 E32.45284
G1 X141.794 Y136.238 E33.24102
G1 X142.315 Y136.238 E33.26528
G1 X153.762 Y147.685 E34.01915
G1 X153.762 Y147.164 E34.04341
G1 X142.836 Y136.238 E34.76296
G1 X143.358 Y136.238 E34.78727
G1 X153.762 Y146.642 E35.47245
G1 X153.762 Y146.121 E35.49671
G1 X143.879 Y136.238 E36.14758
G1 X144.4 Y136.238 E36.17184
G1 X153.762 Y145.6 E36.78839
G1 X153.762 Y145.079 E36.81265
G1 X144.921 Y136.238 E37.39489
G1 X145.442 Y136.238 E37.41915
G1 X153.762 Y144.558 E37.96708
G1 X153.762 Y144.037 E37.99134
G1 X145.963 Y136.238 E38.50496
G1 X146.484 Y136.238 E38.52922
G1 X153.762 Y143.516 E39.00853
G1 X153.762 Y142.995 E39.03279
G1 X147.005 Y136.238 E39.47779
G1 X147.526 Y136.238 E39.50205
G1 X153.762 Y142.474 E39.91273
G1 X153.762 Y141.953 E39.93699
G1 X148.047 Y136.238 E40.31336
G1 X148.568 Y136.238 E40.33762
G1 X153.762 Y141.432 E40.67968
G1 X153.762 Y140.911 E40.70394
G1 X149.089 Y136.238 E41.01169
G1 X149.61 Y136.238 E41.03595
G1 X153.762 Y140.39 E41.30939
G1 X153.762 Y139.869 E41.33365
G1 X150.131 Y136.238 E41.57278
G1 X150.653 Y136.238 E41.59709
G1 X153.762 Y139.347 E41.80184
G1 X153.762 Y138.826 E41.8261
G1 X151.174 Y136.238 E41.99654
G1 X151.695 Y136.238 E42.0208
G1 X153.762 Y138.305 E42.15693
G1 X153.762 Y137.784 E42.18119
G1 X152.216 Y136.238 E42.28301
G1 X152.737 Y136.238 E42.30727
G1 X153.762 Y137.263 E42.37477
G1 X153.908 Y136.843 E42.39548
;WIDTH:0.421549
G1 X153.889 Y136.914 E42.39864
G1 X153.96 Y136.895 E42.4018
G1 X153.949 Y136.854 E42.40362
;WIDTH:0.45
G1 X153.762 Y136.742 E42.41377
G1 X153.258 Y136.238 E42.44696
G1 X153.146 Y136.051 E42.45711
;WIDTH:0.421549
G1 X153.157 Y136.092 E42.45893
G1 X153.086 Y136.111 E42.46209
G1 X153.105 Y136.04 E42.46525
M106 S244.8
;LAYER_CHANGE
;Z:1.54
;HEIGHT:0.38
G1 Z1.54 F7800
G1 E40.46525 F2400
G92 E0
G1 X153.105 Y136.04 Z1.54 F7800
G1 X154.038 Y154.038
G1 E2 F2400
G92 E0
;TYPE:Perimeter
;WIDTH:0.45
G1 F3600
G1 X135.962 Y154.038 E.84176
G1 X135.962 Y135.962 E1.68352
G1 X154.038 Y135.962 E2.52528
G1 X154.038 Y145 E2.94616
G1 X154.038 Y153.978 E3.36425
G1 X154.038 Y153.978 F7800
G1 X154.407 Y154.407
G1 F3600
G1 X135.593 Y154.407 E4.24038
G1 X135.593 Y135.593 E5.11651
G1 X154.407 Y135.593 E5.99264
G1 X154.407 Y145 E6.4307
G1 X154.407 Y154.347 E6.86597
G1 X154.407 Y154.347 F7800
G1 X154.775 Y154.775
;TYPE:External perimeter
G1 F1800
G1 X135.225 Y154.775 E7.77637
G1 X135.225 Y135.225 E8.68677
G1 X154.775 Y135.225 E9.59717
G1 X154.775 Y145 E10.05237
G1 X154.775 Y154.715 E10.50478
G1 X154.379 Y154.774 F7800
G1 E8.50478 F2400
G92 E0
G1 X153.762 Y149.024 F7800
G1 E2 F2400
;TYPE:Internal infill
;WIDTH:0.45
G1 F4800
G1 X153.762 Y151.235 E2.10296
G1 X144.331 Y153.762 E2.55764
G1 X142.652 Y153.762 E2.63583
G1 X147.348 Y136.238 E3.48068
G1 X145.669 Y136.238 E3.55887
G1 X136.238 Y138.765 E4.01355
G1 X136.238 Y136.238 E4.13123
G1 X153.762 Y153.762 E5.28531
G1 X148.374 Y153.762 E5.53622
G1 X153.069 Y136.238 E6.38106
G1 X151.87 Y136.238 E6.4369
G1 X153.762 Y138.13 E6.5615
G1 X153.762 Y139.791 E6.63885
G1 X136.238 Y144.487 E7.4837
G1 X136.238 Y144.054 E7.50386
G1 X145.946 Y153.762 E8.1432
G1 X148.156 Y153.762 E8.24612
G1 E6.24612 F2400
G92 E0
G1 X148.156 Y153.762 F7800
G1 X141.844 Y136.238
G1 E2 F2400
G1 F4800
G1 X144.054 Y136.238 E2.10292
G1 X153.762 Y145.946 E2.74226
G1 X153.762 Y145.513 E2.76242
G1 X136.238 Y150.209 E3.60727
G1 X136.238 Y151.87 E3.68462
G1 X138.13 Y153.762 E3.80922
G1 X136.931 Y153.762 E3.86506
G1 X141.626 Y136.238 E4.7099
G1 X139.415 Y136.238 E4.81286
;LAYER_CHANGE
;Z:1.92
;HEIGHT:0.38
G1 Z1.92 F7800
G1 E2.81286 F2400
G92 E0
G1 X139.415 Y136.238 Z1.92 F7800
G1 X154.038 Y154.038
G1 E2 F2400
G92 E0
;TYPE:Perimeter
;WIDTH:0.45
G1 F3600
G1 X135.962 Y154.038 E.84176
G1 X135.962 Y135.962 E1.68352
G1 X154.038 Y135.962 E2.52528
G1 X154.038 Y145 E2.94616
G1 X154.038 Y153.978 E3.36425
G1 X154.038 Y153.978 F7800
G1 X154.407 Y154.407
G1 F3600
G1 X135.593 Y154.407 E4.24038
G1 X135.593 Y135.593 E5.11651
G1 X154.407 Y135.593 E5.99264
G1 X154.407 Y145 E6.4307
G1 X154.407 Y154.347 E6.86597
G1 X154.407 Y154.347 F7800
G1 X154.775 Y154.775
;TYPE:External perimeter
G1 F1800
G1 X135.225 Y154.775 E7.77637
G1 X135.225 Y135.225 E8.68677
G1 X154.775 Y135.225 E9.59717
G1 X154.775 Y145 E10.05237
G1 X154.775 Y154.715 E10.50478
G1 X154.379 Y154.774 F7800
G1 E8.50478 F2400
G92 E0
G1 X153.762 Y149.024 F7800
G1 E2 F2400
;TYPE:Internal infill
;WIDTH:0.45
G1 F4800
G1 X153.762 Y151.235 E2.10296
G1 X144.331 Y153.762 E2.55764
G1 X142.652 Y153.762 E2.63583
G1 X147.348 Y136.238 E3.48068
G1 X145.669 Y136.238 E3.55887
G1 X136.238 Y138.765 E4.01355
G1 X136.238 Y136.238 E4.13123
G1 X153.762 Y153.762 E5.28531
G1 X148.374 Y153.762 E5.53622
G1 X153.069 Y136.238 E6.38106
G1 X151.87 Y136.238 E6.4369
G1 X153.762 Y138.13 E6.5615
G1 X153.762 Y139.791 E6.63885
G1 X136.238 Y144.487 E7.4837
G1 X136.238 Y144.054 E7.50386
G1 X145.946 Y153.762 E8.1432
G1 X148.156 Y153.762 E8.24612
G1 E6.24612 F2400
G92 E0
G1 X148.156 Y153.762 F7800
G1 X141.844 Y136.238
G1 E2 F2400
G1 F4800
G1 X144.054 Y136.238 E2.10292
G1 X153.762 Y145.946 E2.74226
G1 X153.762 Y145.513 E2.76242
G1 X136.238 Y150.209 E3.60727
G1 X136.238 Y151.87 E3.68462
G1 X138.13 Y153.762 E3.80922
G1 X136.931 Y153.762 E3.86506
G1 X141.626 Y136.238 E4.7099
G1 X139.415 Y136.238 E4.81286
;LAYER_CHANGE
;Z:2.3
;HEIGHT:0.38
G1 Z2.3 F7800
G1 E2.81286 F2400
G92 E0
G1 X139.415 Y136.238 Z2.3 F7800
G1 X154.038 Y154.038
G1 E2 F2400
G92 E0
;TYPE:Perimeter
;WIDTH:0.45
G1 F3600
G1 X135.962 Y154.038 E.84176
G1 X135.962 Y135.962 E1.68352
G1 X154.038 Y135.962 E2.52528
G1 X154.038 Y145 E2.94616
G1 X154.038 Y153.978 E3.36425
G1 X154.038 Y153.978 F7800
G1 X154.407 Y154.407
G1 F3600
G1 X135.593 Y154.407 E4.24038
G1 X135.593 Y135.593 E5.11651
G1 X154.407 Y135.593 E5.99264
G1 X154.407 Y145 E6.4307
G1 X154.407 Y154.347 E6.86597
G1 X154.407 Y154.347 F7800
G1 X154.775 Y154.775
;TYPE:External perimeter
G1 F1800
G1 X135.225 Y154.775 E7.77637
G1 X135.225 Y135.225 E8.68677
G1 X154.775 Y135.225 E9.59717
G1 X154.775 Y145 E10.05237
G1 X154.775 Y154.715 E10.50478
G1 X154.379 Y154.774 F7800
G1 E8.50478 F2400
G92 E0
G1 X153.762 Y149.024 F7800
G1 E2 F2400
;TYPE:Internal infill
;WIDTH:0.45
G1 F4800
G1 X153.762 Y151.235 E2.10296
G1 X144.331 Y153.762 E2.55764
G1 X142.652 Y153.762 E2.63583
G1 X147.348 Y136.238 E3.48068
G1 X145.669 Y136.238 E3.55887
G1 X136.238 Y138.765 E4.01355
G1 X136.238 Y136.238 E4.13123
G1 X153.762 Y153.762 E5.28531
G1 X148.374 Y153.762 E5.53622
G1 X153.069 Y136.238 E6.38106
G1 X151.87 Y136.238 E6.4369
G1 X153.762 Y138.13 E6.5615
G1 X153.762 Y139.791 E6.63885
G1 X136.238 Y144.487 E7.4837
G1 X136.238 Y144.054 E7.50386
G1 X145.946 Y153.762 E8.1432
G1 X148.156 Y153.762 E8.24612
G1 E6.24612 F2400
G92 E0
G1 X148.156 Y153.762 F7800
G1 X141.844 Y136.238
G1 E2 F2400
G1 F4800
G1 X144.054 Y136.238 E2.10292
G1 X153.762 Y145.946 E2.74226
G1 X153.762 Y145.513 E2.76242
G1 X136.238 Y150.209 E3.60727
G1 X136.238 Y151.87 E3.68462
G1 X138.13 Y153.762 E3.80922
G1 X136.931 Y153.762 E3.86506
G1 X141.626 Y136.238 E4.7099
G1 X139.415 Y136.238 E4.81286
;LAYER_CHANGE
;Z:2.68
;HEIGHT:0.38
G1 Z2.68 F7800
G1 E2.81286 F2400
G92 E0
G1 X139.415 Y136.238 Z2.68 F7800
G1 X154.038 Y154.038
G1 E2 F2400
G92 E0
;TYPE:Perimeter
;WIDTH:0.45
G1 F3600
G1 X135.962 Y154.038 E.84176
G1 X135.962 Y135.962 E1.68352
G1 X154.038 Y135.962 E2.52528
G1 X154.038 Y145 E2.94616
G1 X154.038 Y153.978 E3.36425
G1 X154.038 Y153.978 F7800
G1 X154.407 Y154.407
G1 F3600
G1 X135.593 Y154.407 E4.24038
G1 X135.593 Y135.593 E5.11651
G1 X154.407 Y135.593 E5.99264
G1 X154.407 Y145 E6.4307
G1 X154.407 Y154.347 E6.86597
G1 X154.407 Y154.347 F7800
G1 X154.775 Y154.775
;TYPE:External perimeter
G1 F1800
G1 X135.225 Y154.775 E7.77637
G1 X135.225 Y135.225 E8.68677
G1 X154.775 Y135.225 E9.59717
G1 X154.775 Y145 E10.05237
G1 X154.775 Y154.715 E10.50478
G1 X154.379 Y154.774 F7800
G1 E8.50478 F2400
G92 E0
G1 X153.762 Y149.024 F7800
G1 E2 F2400
;TYPE:Internal infill
;WIDTH:0.45
G1 F4800
G1 X153.762 Y151.235 E2.10296
G1 X144.331 Y153.762 E2.55764
G1 X142.652 Y153.762 E2.63583
G1 X147.348 Y136.238 E3.48068
G1 X145.669 Y136.238 E3.55887
G1 X136.238 Y138.765 E4.01355
G1 X136.238 Y136.238 E4.13123
G1 X153.762 Y153.762 E5.28531
G1 X148.374 Y153.762 E5.53622
G1 X153.069 Y136.238 E6.38106
G1 X151.87 Y136.238 E6.4369
G1 X153.762 Y138.13 E6.5615
G1 X153.762 Y139.791 E6.63885
G1 X136.238 Y144.487 E7.4837
G1 X136.238 Y144.054 E7.50386
G1 X145.946 Y153.762 E8.1432
G1 X148.156 Y153.762 E8.24612
G1 E6.24612 F2400
G92 E0
G1 X148.156 Y153.762 F7800
G1 X141.844 Y136.238
G1 E2 F2400
G1 F4800
G1 X144.054 Y136.238 E2.10292
G1 X153.762 Y145.946 E2.74226
G1 X153.762 Y145.513 E2.76242
G1 X136.238 Y150.209 E3.60727
G1 X136.238 Y151.87 E3.68462
G1 X138.13 Y153.762 E3.80922
G1 X136.931 Y153.762 E3.86506
G1 X141.626 Y136.238 E4.7099
G1 X139.415 Y136.238 E4.81286
;LAYER_CHANGE
;Z:3.06
;HEIGHT:0.38
G1 Z3.06 F7800
G1 E2.81286 F2400
G92 E0
G1 X139.415 Y136.238 Z3.06 F7800
G1 X154.038 Y154.038
G1 E2 F2400
G92 E0
;TYPE:Perimeter
;WIDTH:0.45
G1 F3600
G1 X135.962 Y154.038 E.84176
G1 X135.962 Y135.962 E1.68352
G1 X154.038 Y135.962 E2.52528
G1 X154.038 Y145 E2.94616
G1 X154.038 Y153.978 E3.36425
G1 X154.038 Y153.978 F7800
G1 X154.407 Y154.407
G1 F3600
G1 X135.593 Y154.407 E4.24038
G1 X135.593 Y135.593 E5.11651
G1 X154.407 Y135.593 E5.99264
G1 X154.407 Y145 E6.4307
G1 X154.407 Y154.347 E6.86597
G1 X154.407 Y154.347 F7800
G1 X154.775 Y154.775
;TYPE:External perimeter
G1 F1800
G1 X135.225 Y154.775 E7.77637
G1 X135.225 Y135.225 E8.68677
G1 X154.775 Y135.225 E9.59717
G1 X154.775 Y145 E10.05237
G1 X154.775 Y154.715 E10.50478
G1 X154.379 Y154.774 F7800
G1 E8.50478 F2400
G92 E0
G1 X153.762 Y149.024 F7800
G1 E2 F2400
;TYPE:Internal infill
;WIDTH:0.45
G1 F4800
G1 X153.762 Y151.235 E2.10296
G1 X144.331 Y153.762 E2.55764
G1 X142.652 Y153.762 E2.63583
G1 X147.348 Y136.238 E3.48068
G1 X145.669 Y136.238 E3.55887
G1 X136.238 Y138.765 E4.01355
G1 X136.238 Y136.238 E4.13123
G1 X153.762 Y153.762 E5.28531
G1 X148.374 Y153.762 E5.53622
G1 X153.069 Y136.238 E6.38106
G1 X151.87 Y136.238 E6.4369
G1 X153.762 Y138.13 E6.5615
G1 X153.762 Y139.791 E6.63885
G1 X136.238 Y144.487 E7.4837
G1 X136.238 Y144.054 E7.50386
G1 X145.946 Y153.762 E8.1432
G1 X148.156 Y153.762 E8.24612
G1 E6.24612 F2400
G92 E0
G1 X148.156 Y153.762 F7800
G1 X141.844 Y136.238
G1 E2 F2400
G1 F4800
G1 X144.054 Y136.238 E2.10292
G1 X153.762 Y145.946 E2.74226
G1 X153.762 Y145.513 E2.76242
G1 X136.238 Y150.209 E3.60727
G1 X136.238 Y151.87 E3.68462
G1 X138.13 Y153.762 E3.80922
G1 X136.931 Y153.762 E3.86506
G1 X141.626 Y136.238 E4.7099
G1 X139.415 Y136.238 E4.81286
;LAYER_CHANGE
;Z:3.44
;HEIGHT:0.38
G1 Z3.44 F7800
G1 E2.81286 F2400
G92 E0
G1 X139.415 Y136.238 Z3.44 F7800
G1 X154.038 Y154.038
G1 E2 F2400
G92 E0
;TYPE:Perimeter
;WIDTH:0.45
G1 F3600
G1 X135.962 Y154.038 E.84176
G1 X135.962 Y135.962 E1.68352
G1 X154.038 Y135.962 E2.52528
G1 X154.038 Y145 E2.94616
G1 X154.038 Y153.978 E3.36425
G1 X154.038 Y153.978 F7800
G1 X154.407 Y154.407
G1 F3600
G1 X135.593 Y154.407 E4.24038
G1 X135.593 Y135.593 E5.11651
G1 X154.407 Y135.593 E5.99264
G1 X154.407 Y145 E6.4307
G1 X154.407 Y154.347 E6.86597
G1 X154.407 Y154.347 F7800
G1 X154.775 Y154.775
;TYPE:External perimeter
G1 F1800
G1 X135.225 Y154.775 E7.77637
G1 X135.225 Y135.225 E8.68677
G1 X154.775 Y135.225 E9.59717
G1 X154.775 Y145 E10.05237
G1 X154.775 Y154.715 E10.50478
G1 X154.379 Y154.774 F7800
G1 E8.50478 F2400
G92 E0
G1 X153.762 Y149.024 F7800
G1 E2 F2400
;TYPE:Internal infill
;WIDTH:0.45
G1 F4800
G1 X153.762 Y151.235 E2.10296
G1 X144.331 Y153.762 E2.55764
G1 X142.652 Y153.762 E2.63583
G1 X147.348 Y136.238 E3.48068
G1 X145.669 Y136.238 E3.55887
G1 X136.238 Y138.765 E4.01355
G1 X136.238 Y136.238 E4.13123
G1 X153.762 Y153.762 E5.28531
G1 X148.374 Y153.762 E5.53622
G1 X153.069 Y136.238 E6.38106
G1 X151.87 Y136.238 E6.4369
G1 X153.762 Y138.13 E6.5615
G1 X153.762 Y139.791 E6.63885
G1 X136.238 Y144.487 E7.4837
G1 X136.238 Y144.054 E7.50386
G1 X145.946 Y153.762 E8.1432
G1 X148.156 Y153.762 E8.24612
G1 E6.24612 F2400
G92 E0
G1 X148.156 Y153.762 F7800
G1 X141.844 Y136.238
G1 E2 F2400
G1 F4800
G1 X144.054 Y136.238 E2.10292
G1 X153.762 Y145.946 E2.74226
G1 X153.762 Y145.513 E2.76242
G1 X136.238 Y150.209 E3.60727
G1 X136.238 Y151.87 E3.68462
G1 X138.13 Y153.762 E3.80922
G1 X136.931 Y153.762 E3.86506
G1 X141.626 Y136.238 E4.7099
G1 X139.415 Y136.238 E4.81286
;LAYER_CHANGE
;Z:3.82
;HEIGHT:0.38
G1 Z3.82 F7800
G1 E2.81286 F2400
G92 E0
G1 X139.415 Y136.238 Z3.82 F7800
G1 X154.038 Y154.038
G1 E2 F2400
G92 E0
;TYPE:Perimeter
;WIDTH:0.45
G1 F3600
G1 X135.962 Y154.038 E.84176
G1 X135.962 Y135.962 E1.68352
G1 X154.038 Y135.962 E2.52528
G1 X154.038 Y145 E2.94616
G1 X154.038 Y153.978 E3.36425
G1 X154.038 Y153.978 F7800
G1 X154.407 Y154.407
G1 F3600
G1 X135.593 Y154.407 E4.24038
G1 X135.593 Y135.593 E5.11651
G1 X154.407 Y135.593 E5.99264
G1 X154.407 Y145 E6.4307
G1 X154.407 Y154.347 E6.86597
G1 X154.407 Y154.347 F7800
G1 X154.775 Y154.775
;TYPE:External perimeter
G1 F1800
G1 X135.225 Y154.775 E7.77637
G1 X135.225 Y135.225 E8.68677
G1 X154.775 Y135.225 E9.59717
G1 X154.775 Y145 E10.05237
G1 X154.775 Y154.715 E10.50478
G1 X154.379 Y154.774 F7800
G1 E8.50478 F2400
G92 E0
G1 X153.762 Y149.024 F7800
G1 E2 F2400
;TYPE:Internal infill
;WIDTH:0.45
G1 F4800
G1 X153.762 Y151.235 E2.10296
G1 X144.331 Y153.762 E2.55764
G1 X142.652 Y153.762 E2.63583
G1 X147.348 Y136.238 E3.48068
G1 X145.669 Y136.238 E3.55887
G1 X136.238 Y138.765 E4.01355
G1 X136.238 Y136.238 E4.13123
G1 X153.762 Y153.762 E5.28531
G1 X148.374 Y153.762 E5.53622
G1 X153.069 Y136.238 E6.38106
G1 X151.87 Y136.238 E6.4369
G1 X153.762 Y138.13 E6.5615
G1 X153.762 Y139.791 E6.63885
G1 X136.238 Y144.487 E7.4837
G1 X136.238 Y144.054 E7.50386
G1 X145.946 Y153.762 E8.1432
G1 X148.156 Y153.762 E8.24612
G1 E6.24612 F2400
G92 E0
G1 X148.156 Y153.762 F7800
G1 X141.844 Y136.238
G1 E2 F2400
G1 F4800
G1 X144.054 Y136.238 E2.10292
G1 X153.762 Y145.946 E2.74226
G1 X153.762 Y145.513 E2.76242
G1 X136.238 Y150.209 E3.60727
G1 X136.238 Y151.87 E3.68462
G1 X138.13 Y153.762 E3.80922
G1 X136.931 Y153.762 E3.86506
G1 X141.626 Y136.238 E4.7099
G1 X139.415 Y136.238 E4.81286
;LAYER_CHANGE
;Z:4.2
;HEIGHT:0.38
G1 Z4.2 F7800
G1 E2.81286 F2400
G92 E0
G1 X139.415 Y136.238 Z4.2 F7800
G1 X154.038 Y154.038
G1 E2 F2400
G92 E0
;TYPE:Perimeter
;WIDTH:0.45
G1 F3600
G1 X135.962 Y154.038 E.84176
G1 X135.962 Y135.962 E1.68352
G1 X154.038 Y135.962 E2.52528
G1 X154.038 Y145 E2.94616
G1 X154.038 Y153.978 E3.36425
G1 X154.038 Y153.978 F7800
G1 X154.407 Y154.407
G1 F3600
G1 X135.593 Y154.407 E4.24038
G1 X135.593 Y135.593 E5.11651
G1 X154.407 Y135.593 E5.99264
G1 X154.407 Y145 E6.4307
G1 X154.407 Y154.347 E6.86597
G1 X154.407 Y154.347 F7800
G1 X154.775 Y154.775
;TYPE:External perimeter
G1 F1800
G1 X135.225 Y154.775 E7.77637
G1 X135.225 Y135.225 E8.68677
G1 X154.775 Y135.225 E9.59717
G1 X154.775 Y145 E10.05237
G1 X154.775 Y154.715 E10.50478
G1 X154.379 Y154.774 F7800
G1 E8.50478 F2400
G92 E0
G1 X153.762 Y149.024 F7800
G1 E2 F2400
;TYPE:Internal infill
;WIDTH:0.45
G1 F4800
G1 X153.762 Y151.235 E2.10296
G1 X144.331 Y153.762 E2.55764
G1 X142.652 Y153.762 E2.63583
G1 X147.348 Y136.238 E3.48068
G1 X145.669 Y136.238 E3.55887
G1 X136.238 Y138.765 E4.01355
G1 X136.238 Y136.238 E4.13123
G1 X153.762 Y153.762 E5.28531
G1 X148.374 Y153.762 E5.53622
G1 X153.069 Y136.238 E6.38106
G1 X151.87 Y136.238 E6.4369
G1 X153.762 Y138.13 E6.5615
G1 X153.762 Y139.791 E6.63885
G1 X136.238 Y144.487 E7.4837
G1 X136.238 Y144.054 E7.50386
G1 X145.946 Y153.762 E8.1432
G1 X148.156 Y153.762 E8.24612
G1 E6.24612 F2400
G92 E0
G1 X148.156 Y153.762 F7800
G1 X141.844 Y136.238
G1 E2 F2400
G1 F4800
G1 X144.054 Y136.238 E2.10292
G1 X153.762 Y145.946 E2.74226
G1 X153.762 Y145.513 E2.76242
G1 X136.238 Y150.209 E3.60727
G1 X136.238 Y151.87 E3.68462
G1 X138.13 Y153.762 E3.80922
G1 X136.931 Y153.762 E3.86506
G1 X141.626 Y136.238 E4.7099
G1 X139.415 Y136.238 E4.81286
;LAYER_CHANGE
;Z:4.58
;HEIGHT:0.38
G1 Z4.58 F7800
G1 E2.81286 F2400
G92 E0
G1 X139.415 Y136.238 Z4.58 F7800
G1 X154.038 Y154.038
G1 E2 F2400
G92 E0
;TYPE:Perimeter
;WIDTH:0.45
G1 F3600
G1 X135.962 Y154.038 E.84176
G1 X135.962 Y135.962 E1.68352
G1 X154.038 Y135.962 E2.52528
G1 X154.038 Y145 E2.94616
G1 X154.038 Y153.978 E3.36425
G1 X154.038 Y153.978 F7800
G1 X154.407 Y154.407
G1 F3600
G1 X135.593 Y154.407 E4.24038
G1 X135.593 Y135.593 E5.11651
G1 X154.407 Y135.593 E5.99264
G1 X154.407 Y145 E6.4307
G1 X154.407 Y154.347 E6.86597
G1 X154.407 Y154.347 F7800
G1 X154.775 Y154.775
;TYPE:External perimeter
G1 F1800
G1 X135.225 Y154.775 E7.77637
G1 X135.225 Y135.225 E8.68677
G1 X154.775 Y135.225 E9.59717
G1 X154.775 Y145 E10.05237
G1 X154.775 Y154.715 E10.50478
G1 X154.379 Y154.774 F7800
G1 E8.50478 F2400
G92 E0
G1 X153.762 Y149.024 F7800
G1 E2 F2400
;TYPE:Internal infill
;WIDTH:0.45
G1 F4800
G1 X153.762 Y151.235 E2.10296
G1 X144.331 Y153.762 E2.55764
G1 X142.652 Y153.762 E2.63583
G1 X147.348 Y136.238 E3.48068
G1 X145.669 Y136.238 E3.55887
G1 X136.238 Y138.765 E4.01355
G1 X136.238 Y136.238 E4.13123
G1 X153.762 Y153.762 E5.28531
G1 X148.374 Y153.762 E5.53622
G1 X153.069 Y136.238 E6.38106
G1 X151.87 Y136.238 E6.4369
G1 X153.762 Y138.13 E6.5615
G1 X153.762 Y139.791 E6.63885
G1 X136.238 Y144.487 E7.4837
G1 X136.238 Y144.054 E7.50386
G1 X145.946 Y153.762 E8.1432
G1 X148.156 Y153.762 E8.24612
G1 E6.24612 F2400
G92 E0
G1 X148.156 Y153.762 F7800
G1 X141.844 Y136.238
G1 E2 F2400
G1 F4800
G1 X144.054 Y136.238 E2.10292
G1 X153.762 Y145.946 E2.74226
G1 X153.762 Y145.513 E2.76242
G1 X136.238 Y150.209 E3.60727
G1 X136.238 Y151.87 E3.68462
G1 X138.13 Y153.762 E3.80922
G1 X136.931 Y153.762 E3.86506
G1 X141.626 Y136.238 E4.7099
G1 X139.415 Y136.238 E4.81286
;LAYER_CHANGE
;Z:4.96
;HEIGHT:0.38
G1 Z4.96 F7800
G1 E2.81286 F2400
G92 E0
G1 X139.415 Y136.238 Z4.96 F7800
G1 X154.038 Y154.038
G1 E2 F2400
G92 E0
;TYPE:Perimeter
;WIDTH:0.45
G1 F3600
G1 X135.962 Y154.038 E.84176
G1 X135.962 Y135.962 E1.68352
G1 X154.038 Y135.962 E2.52528
G1 X154.038 Y145 E2.94616
G1 X154.038 Y153.978 E3.36425
G1 X154.038 Y153.978 F7800
G1 X154.407 Y154.407
G1 F3600
G1 X135.593 Y154.407 E4.24038
G1 X135.593 Y135.593 E5.11651
G1 X154.407 Y135.593 E5.99264
G1 X154.407 Y145 E6.4307
G1 X154.407 Y154.347 E6.86597
G1 X154.407 Y154.347 F7800
G1 X154.775 Y154.775
;TYPE:External perimeter
G1 F1800
G1 X135.225 Y154.775 E7.77637
G1 X135.225 Y135.225 E8.68677
G1 X154.775 Y135.225 E9.59717
G1 X154.775 Y145 E10.05237
G1 X154.775 Y154.715 E10.50478
G1 X154.379 Y154.774 F7800
G1 E8.50478 F2400
G92 E0
G1 X153.762 Y149.024 F7800
G1 E2 F2400
;TYPE:Internal infill
;WIDTH:0.45
G1 F4800
G1 X153.762 Y151.235 E2.10296
G1 X144.331 Y153.762 E2.55764
G1 X142.652 Y153.762 E2.63583
G1 X147.348 Y136.238 E3.48068
G1 X145.669 Y136.238 E3.55887
G1 X136.238 Y138.765 E4.01355
G1 X136.238 Y136.238 E4.13123
G1 X153.762 Y153.762 E5.28531
G1 X148.374 Y153.762 E5.53622
G1 X153.069 Y136.238 E6.38106
G1 X151.87 Y136.238 E6.4369
G1 X153.762 Y138.13 E6.5615
G1 X153.762 Y139.791 E6.63885
G1 X136.238 Y144.487 E7.4837
G1 X136.238 Y144.054 E7.50386
G1 X145.946 Y153.762 E8.1432
G1 X148.156 Y153.762 E8.24612
G1 E6.24612 F2400
G92 E0
G1 X148.156 Y153.762 F7800
G1 X141.844 Y136.238
G1 E2 F2400
G1 F4800
G1 X144.054 Y136.238 E2.10292
G1 X153.762 Y145.946 E2.74226
G1 X153.762 Y145.513 E2.76242
G1 X136.238 Y150.209 E3.60727
G1 X136.238 Y151.87 E3.68462
G1 X138.13 Y153.762 E3.80922
G1 X136.931 Y153.762 E3.86506
G1 X141.626 Y136.238 E4.7099
G1 X139.415 Y136.238 E4.81286
;LAYER_CHANGE
;Z:5.34
;HEIGHT:0.38
G1 Z5.34 F7800
G1 E2.81286 F2400
G92 E0
G1 X139.415 Y136.238 Z5.34 F7800
G1 X154.038 Y154.038
G1 E2 F2400
G92 E0
;TYPE:Perimeter
;WIDTH:0.45
G1 F3600
G1 X135.962 Y154.038 E.84176
G1 X135.962 Y135.962 E1.68352
G1 X154.038 Y135.962 E2.52528
G1 X154.038 Y145 E2.94616
G1 X154.038 Y153.978 E3.36425
G1 X154.038 Y153.978 F7800
G1 X154.407 Y154.407
G1 F3600
G1 X135.593 Y154.407 E4.24038
G1 X135.593 Y135.593 E5.11651
G1 X154.407 Y135.593 E5.99264
G1 X154.407 Y145 E6.4307
G1 X154.407 Y154.347 E6.86597
G1 X154.407 Y154.347 F7800
G1 X154.775 Y154.775
;TYPE:External perimeter
G1 F1800
G1 X135.225 Y154.775 E7.77637
G1 X135.225 Y135.225 E8.68677
G1 X154.775 Y135.225 E9.59717
G1 X154.775 Y145 E10.05237
G1 X154.775 Y154.715 E10.50478
G1 X154.379 Y154.774 F7800
G1 E8.50478 F2400
G92 E0
G1 X153.762 Y149.024 F7800
G1 E2 F2400
;TYPE:Internal infill
;WIDTH:0.45
G1 F4800
G1 X153.762 Y151.235 E2.10296
G1 X144.331 Y153.762 E2.55764
G1 X142.652 Y153.762 E2.63583
G1 X147.348 Y136.238 E3.48068
G1 X145.669 Y136.238 E3.55887
G1 X136.238 Y138.765 E4.01355
G1 X136.238 Y136.238 E4.13123
G1 X153.762 Y153.762 E5.28531
G1 X148.374 Y153.762 E5.53622
G1 X153.069 Y136.238 E6.38106
G1 X151.87 Y136.238 E6.4369
G1 X153.762 Y138.13 E6.5615
G1 X153.762 Y139.791 E6.63885
G1 X136.238 Y144.487 E7.4837
G1 X136.238 Y144.054 E7.50386
G1 X145.946 Y153.762 E8.1432
G1 X148.156 Y153.762 E8.24612
G1 E6.24612 F2400
G92 E0
G1 X148.156 Y153.762 F7800
G1 X141.844 Y136.238
G1 E2 F2400
G1 F4800
G1 X144.054 Y136.238 E2.10292
G1 X153.762 Y145.946 E2.74226
G1 X153.762 Y145.513 E2.76242
G1 X136.238 Y150.209 E3.60727
G1 X136.238 Y151.87 E3.68462
G1 X138.13 Y153.762 E3.80922
G1 X136.931 Y153.762 E3.86506
G1 X141.626 Y136.238 E4.7099
G1 X139.415 Y136.238 E4.81286
;LAYER_CHANGE
;Z:5.72
;HEIGHT:0.38
G1 Z5.72 F7800
G1 E2.81286 F2400
G92 E0
G1 X139.415 Y136.238 Z5.72 F7800
G1 X154.038 Y154.038
G1 E2 F2400
G92 E0
;TYPE:Perimeter
;WIDTH:0.45
G1 F3600
G1 X135.962 Y154.038 E.84176
G1 X135.962 Y135.962 E1.68352
G1 X154.038 Y135.962 E2.52528
G1 X154.038 Y145 E2.94616
G1 X154.038 Y153.978 E3.36425
G1 X154.038 Y153.978 F7800
G1 X154.407 Y154.407
G1 F3600
G1 X135.593 Y154.407 E4.24038
G1 X135.593 Y135.593 E5.11651
G1 X154.407 Y135.593 E5.99264
G1 X154.407 Y145 E6.4307
G1 X154.407 Y154.347 E6.86597
G1 X154.407 Y154.347 F7800
G1 X154.775 Y154.775
;TYPE:External perimeter
G1 F1800
G1 X135.225 Y154.775 E7.77637
G1 X135.225 Y135.225 E8.68677
G1 X154.775 Y135.225 E9.59717
G1 X154.775 Y145 E10.05237
G1 X154.775 Y154.715 E10.50478
G1 X154.379 Y154.774 F7800
G1 E8.50478 F2400
G92 E0
G1 X153.762 Y149.024 F7800
G1 E2 F2400
;TYPE:Internal infill
;WIDTH:0.45
G1 F4800
G1 X153.762 Y151.235 E2.10296
G1 X144.331 Y153.762 E2.55764
G1 X142.652 Y153.762 E2.63583
G1 X147.348 Y136.238 E3.48068
G1 X145.669 Y136.238 E3.55887
G1 X136.238 Y138.765 E4.01355
G1 X136.238 Y136.238 E4.13123
G1 X153.762 Y153.762 E5.28531
G1 X148.374 Y153.762 E5.53622
G1 X153.069 Y136.238 E6.38106
G1 X151.87 Y136.238 E6.4369
G1 X153.762 Y138.13 E6.5615
G1 X153.762 Y139.791 E6.63885
G1 X136.238 Y144.487 E7.4837
G1 X136.238 Y144.054 E7.50386
G1 X145.946 Y153.762 E8.1432
G1 X148.156 Y153.762 E8.24612
G1 E6.24612 F2400
G92 E0
G1 X148.156 Y153.762 F7800
G1 X141.844 Y136.238
G1 E2 F2400
G1 F4800
G1 X144.054 Y136.238 E2.10292
G1 X153.762 Y145.946 E2.74226
G1 X153.762 Y145.513 E2.76242
G1 X136.238 Y150.209 E3.60727
G1 X136.238 Y151.87 E3.68462
G1 X138.13 Y153.762 E3.80922
G1 X136.931 Y153.762 E3.86506
G1 X141.626 Y136.238 E4.7099
G1 X139.415 Y136.238 E4.81286
;LAYER_CHANGE
;Z:6.1
;HEIGHT:0.38
G1 Z6.1 F7800
G1 E2.81286 F2400
G92 E0
G1 X139.415 Y136.238 Z6.1 F7800
G1 X154.038 Y154.038
G1 E2 F2400
G92 E0
;TYPE:Perimeter
;WIDTH:0.45
G1 F3600
G1 X135.962 Y154.038 E.84176
G1 X135.962 Y135.962 E1.68352
G1 X154.038 Y135.962 E2.52528
G1 X154.038 Y145 E2.94616
G1 X154.038 Y153.978 E3.36425
G1 X154.038 Y153.978 F7800
G1 X154.407 Y154.407
G1 F3600
G1 X135.593 Y154.407 E4.24038
G1 X135.593 Y135.593 E5.11651
G1 X154.407 Y135.593 E5.99264
G1 X154.407 Y145 E6.4307
G1 X154.407 Y154.347 E6.86597
G1 X154.407 Y154.347 F7800
G1 X154.775 Y154.775
;TYPE:External perimeter
G1 F1800
G1 X135.225 Y154.775 E7.77637
G1 X135.225 Y135.225 E8.68677
G1 X154.775 Y135.225 E9.59717
G1 X154.775 Y145 E10.05237
G1 X154.775 Y154.715 E10.50478
G1 X154.379 Y154.774 F7800
G1 E8.50478 F2400
G92 E0
G1 X153.762 Y149.024 F7800
G1 E2 F2400
;TYPE:Internal infill
;WIDTH:0.45
G1 F4800
G1 X153.762 Y151.235 E2.10296
G1 X144.331 Y153.762 E2.55764
G1 X142.652 Y153.762 E2.63583
G1 X147.348 Y136.238 E3.48068
G1 X145.669 Y136.238 E3.55887
G1 X136.238 Y138.765 E4.01355
G1 X136.238 Y136.238 E4.13123
G1 X153.762 Y153.762 E5.28531
G1 X148.374 Y153.762 E5.53622
G1 X153.069 Y136.238 E6.38106
G1 X151.87 Y136.238 E6.4369
G1 X153.762 Y138.13 E6.5615
G1 X153.762 Y139.791 E6.63885
G1 X136.238 Y144.487 E7.4837
G1 X136.238 Y144.054 E7.50386
G1 X145.946 Y153.762 E8.1432
G1 X148.156 Y153.762 E8.24612
G1 E6.24612 F2400
G92 E0
G1 X148.156 Y153.762 F7800
G1 X141.844 Y136.238
G1 E2 F2400
G1 F4800
G1 X144.054 Y136.238 E2.10292
G1 X153.762 Y145.946 E2.74226
G1 X153.762 Y145.513 E2.76242
G1 X136.238 Y150.209 E3.60727
G1 X136.238 Y151.87 E3.68462
G1 X138.13 Y153.762 E3.80922
G1 X136.931 Y153.762 E3.86506
G1 X141.626 Y136.238 E4.7099
G1 X139.415 Y136.238 E4.81286
;LAYER_CHANGE
;Z:6.48
;HEIGHT:0.38
G1 Z6.48 F7800
G1 E2.81286 F2400
G92 E0
G1 X139.415 Y136.238 Z6.48 F7800
G1 X154.038 Y154.038
G1 E2 F2400
G92 E0
;TYPE:Perimeter
;WIDTH:0.45
G1 F3600
G1 X135.962 Y154.038 E.84176
G1 X135.962 Y135.962 E1.68352
G1 X154.038 Y135.962 E2.52528
G1 X154.038 Y145 E2.94616
G1 X154.038 Y153.978 E3.36425
G1 X154.038 Y153.978 F7800
G1 X154.407 Y154.407
G1 F3600
G1 X135.593 Y154.407 E4.24038
G1 X135.593 Y135.593 E5.11651
G1 X154.407 Y135.593 E5.99264
G1 X154.407 Y145 E6.4307
G1 X154.407 Y154.347 E6.86597
G1 X154.407 Y154.347 F7800
G1 X154.775 Y154.775
;TYPE:External perimeter
G1 F1800
G1 X135.225 Y154.775 E7.77637
G1 X135.225 Y135.225 E8.68677
G1 X154.775 Y135.225 E9.59717
G1 X154.775 Y145 E10.05237
G1 X154.775 Y154.715 E10.50478
G1 X154.379 Y154.774 F7800
G1 E8.50478 F2400
G92 E0
G1 X153.762 Y149.024 F7800
G1 E2 F2400
;TYPE:Internal infill
;WIDTH:0.45
G1 F4800
G1 X153.762 Y151.235 E2.10296
G1 X144.331 Y153.762 E2.55764
G1 X142.652 Y153.762 E2.63583
G1 X147.348 Y136.238 E3.48068
G1 X145.669 Y136.238 E3.55887
G1 X136.238 Y138.765 E4.01355
G1 X136.238 Y136.238 E4.13123
G1 X153.762 Y153.762 E5.28531
G1 X148.374 Y153.762 E5.53622
G1 X153.069 Y136.238 E6.38106
G1 X151.87 Y136.238 E6.4369
G1 X153.762 Y138.13 E6.5615
G1 X153.762 Y139.791 E6.63885
G1 X136.238 Y144.487 E7.4837
G1 X136.238 Y144.054 E7.50386
G1 X145.946 Y153.762 E8.1432
G1 X148.156 Y153.762 E8.24612
G1 E6.24612 F2400
G92 E0
G1 X148.156 Y153.762 F7800
G1 X141.844 Y136.238
G1 E2 F2400
G1 F4800
G1 X144.054 Y136.238 E2.10292
G1 X153.762 Y145.946 E2.74226
G1 X153.762 Y145.513 E2.76242
G1 X136.238 Y150.209 E3.60727
G1 X136.238 Y151.87 E3.68462
G1 X138.13 Y153.762 E3.80922
G1 X136.931 Y153.762 E3.86506
G1 X141.626 Y136.238 E4.7099
G1 X139.415 Y136.238 E4.81286
;LAYER_CHANGE
;Z:6.86
;HEIGHT:0.38
G1 Z6.86 F7800
G1 E2.81286 F2400
G92 E0
G1 X139.415 Y136.238 Z6.86 F7800
G1 X154.038 Y154.038
G1 E2 F2400
G92 E0
;TYPE:Perimeter
;WIDTH:0.45
G1 F3600
G1 X135.962 Y154.038 E.84176
G1 X135.962 Y135.962 E1.68352
G1 X154.038 Y135.962 E2.52528
G1 X154.038 Y145 E2.94616
G1 X154.038 Y153.978 E3.36425
G1 X154.038 Y153.978 F7800
G1 X154.407 Y154.407
G1 F3600
G1 X135.593 Y154.407 E4.24038
G1 X135.593 Y135.593 E5.11651
G1 X154.407 Y135.593 E5.99264
G1 X154.407 Y145 E6.4307
G1 X154.407 Y154.347 E6.86597
G1 X154.407 Y154.347 F7800
G1 X154.775 Y154.775
;TYPE:External perimeter
G1 F1800
G1 X135.225 Y154.775 E7.77637
G1 X135.225 Y135.225 E8.68677
G1 X154.775 Y135.225 E9.59717
G1 X154.775 Y145 E10.05237
G1 X154.775 Y154.715 E10.50478
G1 X154.379 Y154.774 F7800
G1 E8.50478 F2400
G92 E0
G1 X153.762 Y149.024 F7800
G1 E2 F2400
;TYPE:Internal infill
;WIDTH:0.45
G1 F4800
G1 X153.762 Y151.235 E2.10296
G1 X144.331 Y153.762 E2.55764
G1 X142.652 Y153.762 E2.63583
G1 X147.348 Y136.238 E3.48068
G1 X145.669 Y136.238 E3.55887
G1 X136.238 Y138.765 E4.01355
G1 X136.238 Y136.238 E4.13123
G1 X153.762 Y153.762 E5.28531
G1 X148.374 Y153.762 E5.53622
G1 X153.069 Y136.238 E6.38106
G1 X151.87 Y136.238 E6.4369
G1 X153.762 Y138.13 E6.5615
G1 X153.762 Y139.791 E6.63885
G1 X136.238 Y144.487 E7.4837
G1 X136.238 Y144.054 E7.50386
G1 X145.946 Y153.762 E8.1432
G1 X148.156 Y153.762 E8.24612
G1 E6.24612 F2400
G92 E0
G1 X148.156 Y153.762 F7800
G1 X141.844 Y136.238
G1 E2 F2400
G1 F4800
G1 X144.054 Y136.238 E2.10292
G1 X153.762 Y145.946 E2.74226
G1 X153.762 Y145.513 E2.76242
G1 X136.238 Y150.209 E3.60727
G1 X136.238 Y151.87 E3.68462
G1 X138.13 Y153.762 E3.80922
G1 X136.931 Y153.762 E3.86506
G1 X141.626 Y136.238 E4.7099
G1 X139.415 Y136.238 E4.81286
;LAYER_CHANGE
;Z:7.24
;HEIGHT:0.38
G1 Z7.24 F7800
G1 E2.81286 F2400
G92 E0
G1 X139.415 Y136.238 Z7.24 F7800
G1 X154.038 Y154.038
G1 E2 F2400
G92 E0
;TYPE:Perimeter
;WIDTH:0.45
G1 F3600
G1 X135.962 Y154.038 E.84176
G1 X135.962 Y135.962 E1.68352
G1 X154.038 Y135.962 E2.52528
G1 X154.038 Y145 E2.94616
G1 X154.038 Y153.978 E3.36425
G1 X154.038 Y153.978 F7800
G1 X154.407 Y154.407
G1 F3600
G1 X135.593 Y154.407 E4.24038
G1 X135.593 Y135.593 E5.11651
G1 X154.407 Y135.593 E5.99264
G1 X154.407 Y145 E6.4307
G1 X154.407 Y154.347 E6.86597
G1 X154.407 Y154.347 F7800
G1 X154.775 Y154.775
;TYPE:External perimeter
G1 F1800
G1 X135.225 Y154.775 E7.77637
G1 X135.225 Y135.225 E8.68677
G1 X154.775 Y135.225 E9.59717
G1 X154.775 Y145 E10.05237
G1 X154.775 Y154.715 E10.50478
G1 X154.379 Y154.774 F7800
G1 E8.50478 F2400
G92 E0
G1 X153.762 Y149.024 F7800
G1 E2 F2400
;TYPE:Internal infill
;WIDTH:0.45
G1 F4800
G1 X153.762 Y151.235 E2.10296
G1 X144.331 Y153.762 E2.55764
G1 X142.652 Y153.762 E2.63583
G1 X147.348 Y136.238 E3.48068
G1 X145.669 Y136.238 E3.55887
G1 X136.238 Y138.765 E4.01355
G1 X136.238 Y136.238 E4.13123
G1 X153.762 Y153.762 E5.28531
G1 X148.374 Y153.762 E5.53622
G1 X153.069 Y136.238 E6.38106
G1 X151.87 Y136.238 E6.4369
G1 X153.762 Y138.13 E6.5615
G1 X153.762 Y139.791 E6.63885
G1 X136.238 Y144.487 E7.4837
G1 X136.238 Y144.054 E7.50386
G1 X145.946 Y153.762 E8.1432
G1 X148.156 Y153.762 E8.24612
G1 E6.24612 F2400
G92 E0
G1 X148.156 Y153.762 F7800
G1 X141.844 Y136.238
G1 E2 F2400
G1 F4800
G1 X144.054 Y136.238 E2.10292
G1 X153.762 Y145.946 E2.74226
G1 X153.762 Y145.513 E2.76242
G1 X136.238 Y150.209 E3.60727
G1 X136.238 Y151.87 E3.68462
G1 X138.13 Y153.762 E3.80922
G1 X136.931 Y153.762 E3.86506
G1 X141.626 Y136.238 E4.7099
G1 X139.415 Y136.238 E4.81286
;LAYER_CHANGE
;Z:7.62
;HEIGHT:0.38
G1 Z7.62 F7800
G1 E2.81286 F2400
G92 E0
G1 X139.415 Y136.238 Z7.62 F7800
G1 X154.038 Y154.038
G1 E2 F2400
G92 E0
;TYPE:Perimeter
;WIDTH:0.45
G1 F3600
G1 X135.962 Y154.038 E.84176
G1 X135.962 Y135.962 E1.68352
G1 X154.038 Y135.962 E2.52528
G1 X154.038 Y145 E2.94616
G1 X154.038 Y153.978 E3.36425
G1 X154.038 Y153.978 F7800
G1 X154.407 Y154.407
G1 F3600
G1 X135.593 Y154.407 E4.24038
G1 X135.593 Y135.593 E5.11651
G1 X154.407 Y135.593 E5.99264
G1 X154.407 Y145 E6.4307
G1 X154.407 Y154.347 E6.86597
G1 X154.407 Y154.347 F7800
G1 X154.775 Y154.775
;TYPE:External perimeter
G1 F1800
G1 X135.225 Y154.775 E7.77637
G1 X135.225 Y135.225 E8.68677
G1 X154.775 Y135.225 E9.59717
G1 X154.775 Y145 E10.05237
G1 X154.775 Y154.715 E10.50478
G1 X154.379 Y154.774 F7800
G1 E8.50478 F2400
G92 E0
G1 X153.762 Y149.024 F7800
G1 E2 F2400
;TYPE:Internal infill
;WIDTH:0.45
G1 F4800
G1 X153.762 Y151.235 E2.10296
G1 X144.331 Y153.762 E2.55764
G1 X142.652 Y153.762 E2.63583
G1 X147.348 Y136.238 E3.48068
G1 X145.669 Y136.238 E3.55887
G1 X136.238 Y138.765 E4.01355
G1 X136.238 Y136.238 E4.13123
G1 X153.762 Y153.762 E5.28531
G1 X148.374 Y153.762 E5.53622
G1 X153.069 Y136.238 E6.38106
G1 X151.87 Y136.238 E6.4369
G1 X153.762 Y138.13 E6.5615
G1 X153.762 Y139.791 E6.63885
G1 X136.238 Y144.487 E7.4837
G1 X136.238 Y144.054 E7.50386
G1 X145.946 Y153.762 E8.1432
G1 X148.156 Y153.762 E8.24612
G1 E6.24612 F2400
G92 E0
G1 X148.156 Y153.762 F7800
G1 X141.844 Y136.238
G1 E2 F2400
G1 F4800
G1 X144.054 Y136.238 E2.10292
G1 X153.762 Y145.946 E2.74226
G1 X153.762 Y145.513 E2.76242
G1 X136.238 Y150.209 E3.60727
G1 X136.238 Y151.87 E3.68462
G1 X138.13 Y153.762 E3.80922
G1 X136.931 Y153.762 E3.86506
G1 X141.626 Y136.238 E4.7099
G1 X139.415 Y136.238 E4.81286
;LAYER_CHANGE
;Z:8
;HEIGHT:0.38
G1 Z8 F7800
G1 E2.81286 F2400
G92 E0
G1 X139.415 Y136.238 Z8 F7800
G1 X154.038 Y154.038
G1 E2 F2400
G92 E0
;TYPE:Perimeter
;WIDTH:0.45
G1 F3600
G1 X135.962 Y154.038 E.84176
G1 X135.962 Y135.962 E1.68352
G1 X154.038 Y135.962 E2.52528
G1 X154.038 Y145 E2.94616
G1 X154.038 Y153.978 E3.36425
G1 X154.038 Y153.978 F7800
G1 X154.407 Y154.407
G1 F3600
G1 X135.593 Y154.407 E4.24038
G1 X135.593 Y135.593 E5.11651
G1 X154.407 Y135.593 E5.99264
G1 X154.407 Y145 E6.4307
G1 X154.407 Y154.347 E6.86597
G1 X154.407 Y154.347 F7800
G1 X154.775 Y154.775
;TYPE:External perimeter
G1 F1800
G1 X135.225 Y154.775 E7.77637
G1 X135.225 Y135.225 E8.68677
G1 X154.775 Y135.225 E9.59717
G1 X154.775 Y145 E10.05237
G1 X154.775 Y154.715 E10.50478
G1 X154.379 Y154.774 F7800
G1 E8.50478 F2400
G92 E0
G1 X153.762 Y149.024 F7800
G1 E2 F2400
;TYPE:Internal infill
;WIDTH:0.45
G1 F4800
G1 X153.762 Y151.235 E2.10296
G1 X144.331 Y153.762 E2.55764
G1 X142.652 Y153.762 E2.63583
G1 X147.348 Y136.238 E3.48068
G1 X145.669 Y136.238 E3.55887
G1 X136.238 Y138.765 E4.01355
G1 X136.238 Y136.238 E4.13123
G1 X153.762 Y153.762 E5.28531
G1 X148.374 Y153.762 E5.53622
G1 X153.069 Y136.238 E6.38106
G1 X151.87 Y136.238 E6.4369
G1 X153.762 Y138.13 E6.5615
G1 X153.762 Y139.791 E6.63885
G1 X136.238 Y144.487 E7.4837
G1 X136.238 Y144.054 E7.50386
G1 X145.946 Y153.762 E8.1432
G1 X148.156 Y153.762 E8.24612
G1 E6.24612 F2400
G92 E0
G1 X148.156 Y153.762 F7800
G1 X141.844 Y136.238
G1 E2 F2400
G1 F4800
G1 X144.054 Y136.238 E2.10292
G1 X153.762 Y145.946 E2.74226
G1 X153.762 Y145.513 E2.76242
G1 X136.238 Y150.209 E3.60727
G1 X136.238 Y151.87 E3.68462
G1 X138.13 Y153.762 E3.80922
G1 X136.931 Y153.762 E3.86506
G1 X141.626 Y136.238 E4.7099
G1 X139.415 Y136.238 E4.81286
;LAYER_CHANGE
;Z:8.38
;HEIGHT:0.38
G1 Z8.38 F7800
G1 E2.81286 F2400
G92 E0
G1 X139.415 Y136.238 Z8.38 F7800
G1 X154.038 Y154.038
G1 E2 F2400
G92 E0
;TYPE:Perimeter
;WIDTH:0.45
G1 F3600
G1 X135.962 Y154.038 E.84176
G1 X135.962 Y135.962 E1.68352
G1 X154.038 Y135.962 E2.52528
G1 X154.038 Y145 E2.94616
G1 X154.038 Y153.978 E3.36425
G1 X154.038 Y153.978 F7800
G1 X154.407 Y154.407
G1 F3600
G1 X135.593 Y154.407 E4.24038
G1 X135.593 Y135.593 E5.11651
G1 X154.407 Y135.593 E5.99264
G1 X154.407 Y145 E6.4307
G1 X154.407 Y154.347 E6.86597
G1 X154.407 Y154.347 F7800
G1 X154.775 Y154.775
;TYPE:External perimeter
G1 F1800
G1 X135.225 Y154.775 E7.77637
G1 X135.225 Y135.225 E8.68677
G1 X154.775 Y135.225 E9.59717
G1 X154.775 Y145 E10.05237
G1 X154.775 Y154.715 E10.50478
G1 X154.379 Y154.774 F7800
G1 E8.50478 F2400
G92 E0
G1 X153.762 Y149.024 F7800
G1 E2 F2400
;TYPE:Internal infill
;WIDTH:0.45
G1 F4800
G1 X153.762 Y151.235 E2.10296
G1 X144.331 Y153.762 E2.55764
G1 X142.652 Y153.762 E2.63583
G1 X147.348 Y136.238 E3.48068
G1 X145.669 Y136.238 E3.55887
G1 X136.238 Y138.765 E4.01355
G1 X136.238 Y136.238 E4.13123
G1 X153.762 Y153.762 E5.28531
G1 X148.374 Y153.762 E5.53622
G1 X153.069 Y136.238 E6.38106
G1 X151.87 Y136.238 E6.4369
G1 X153.762 Y138.13 E6.5615
G1 X153.762 Y139.791 E6.63885
G1 X136.238 Y144.487 E7.4837
G1 X136.238 Y144.054 E7.50386
G1 X145.946 Y153.762 E8.1432
G1 X148.156 Y153.762 E8.24612
G1 E6.24612 F2400
G92 E0
G1 X148.156 Y153.762 F7800
G1 X141.844 Y136.238
G1 E2 F2400
G1 F4800
G1 X144.054 Y136.238 E2.10292
G1 X153.762 Y145.946 E2.74226
G1 X153.762 Y145.513 E2.76242
G1 X136.238 Y150.209 E3.60727
G1 X136.238 Y151.87 E3.68462
G1 X138.13 Y153.762 E3.80922
G1 X136.931 Y153.762 E3.86506
G1 X141.626 Y136.238 E4.7099
G1 X139.415 Y136.238 E4.81286
;LAYER_CHANGE
;Z:8.76
;HEIGHT:0.38
G1 Z8.76 F7800
G1 E2.81286 F2400
G92 E0
G1 X139.415 Y136.238 Z8.76 F7800
G1 X154.038 Y154.038
G1 E2 F2400
G92 E0
;TYPE:Perimeter
;WIDTH:0.45
G1 F3600
G1 X135.962 Y154.038 E.84176
G1 X135.962 Y135.962 E1.68352
G1 X154.038 Y135.962 E2.52528
G1 X154.038 Y145 E2.94616
G1 X154.038 Y153.978 E3.36425
G1 X154.038 Y153.978 F7800
G1 X154.407 Y154.407
G1 F3600
G1 X135.593 Y154.407 E4.24038
G1 X135.593 Y135.593 E5.11651
G1 X154.407 Y135.593 E5.99264
G1 X154.407 Y145 E6.4307
G1 X154.407 Y154.347 E6.86597
G1 X154.407 Y154.347 F7800
G1 X154.775 Y154.775
;TYPE:External perimeter
G1 F1800
G1 X135.225 Y154.775 E7.77637
G1 X135.225 Y135.225 E8.68677
G1 X154.775 Y135.225 E9.59717
G1 X154.775 Y145 E10.05237
G1 X154.775 Y154.715 E10.50478
G1 X154.379 Y154.774 F7800
G1 E8.50478 F2400
G92 E0
G1 X153.762 Y149.024 F7800
G1 E2 F2400
;TYPE:Internal infill
;WIDTH:0.45
G1 F4800
G1 X153.762 Y151.235 E2.10296
G1 X144.331 Y153.762 E2.55764
G1 X142.652 Y153.762 E2.63583
G1 X147.348 Y136.238 E3.48068
G1 X145.669 Y136.238 E3.55887
G1 X136.238 Y138.765 E4.01355
G1 X136.238 Y136.238 E4.13123
G1 X153.762 Y153.762 E5.28531
G1 X148.374 Y153.762 E5.53622
G1 X153.069 Y136.238 E6.38106
G1 X151.87 Y136.238 E6.4369
G1 X153.762 Y138.13 E6.5615
G1 X153.762 Y139.791 E6.63885
G1 X136.238 Y144.487 E7.4837
G1 X136.238 Y144.054 E7.50386
G1 X145.946 Y153.762 E8.1432
G1 X148.156 Y153.762 E8.24612
G1 E6.24612 F2400
G92 E0
G1 X148.156 Y153.762 F7800
G1 X141.844 Y136.238
G1 E2 F2400
G1 F4800
G1 X144.054 Y136.238 E2.10292
G1 X153.762 Y145.946 E2.74226
G1 X153.762 Y145.513 E2.76242
G1 X136.238 Y150.209 E3.60727
G1 X136.238 Y151.87 E3.68462
G1 X138.13 Y153.762 E3.80922
G1 X136.931 Y153.762 E3.86506
G1 X141.626 Y136.238 E4.7099
G1 X139.415 Y136.238 E4.81286
;LAYER_CHANGE
;Z:9.14
;HEIGHT:0.38
G1 Z9.14 F7800
G1 E2.81286 F2400
G92 E0
G1 X139.415 Y136.238 Z9.14 F7800
G1 X154.038 Y154.038
G1 E2 F2400
G92 E0
;TYPE:Perimeter
;WIDTH:0.45
G1 F3600
G1 X135.962 Y154.038 E.84176
G1 X135.962 Y135.962 E1.68352
G1 X154.038 Y135.962 E2.52528
G1 X154.038 Y145 E2.94616
G1 X154.038 Y153.978 E3.36425
G1 X154.038 Y153.978 F7800
G1 X154.407 Y154.407
G1 F3600
G1 X135.593 Y154.407 E4.24038
G1 X135.593 Y135.593 E5.11651
G1 X154.407 Y135.593 E5.99264
G1 X154.407 Y145 E6.4307
G1 X154.407 Y154.347 E6.86597
G1 X154.407 Y154.347 F7800
G1 X154.775 Y154.775
;TYPE:External perimeter
G1 F1800
G1 X135.225 Y154.775 E7.77637
G1 X135.225 Y135.225 E8.68677
G1 X154.775 Y135.225 E9.59717
G1 X154.775 Y145 E10.05237
G1 X154.775 Y154.715 E10.50478
G1 X154.379 Y154.774 F7800
G1 E8.50478 F2400
G92 E0
G1 X153.762 Y149.024 F7800
G1 E2 F2400
;TYPE:Internal infill
;WIDTH:0.45
G1 F4800
G1 X153.762 Y151.235 E2.10296
G1 X144.331 Y153.762 E2.55764
G1 X142.652 Y153.762 E2.63583
G1 X147.348 Y136.238 E3.48068
G1 X145.669 Y136.238 E3.55887
G1 X136.238 Y138.765 E4.01355
G1 X136.238 Y136.238 E4.13123
G1 X153.762 Y153.762 E5.28531
G1 X148.374 Y153.762 E5.53622
G1 X153.069 Y136.238 E6.38106
G1 X151.87 Y136.238 E6.4369
G1 X153.762 Y138.13 E6.5615
G1 X153.762 Y139.791 E6.63885
G1 X136.238 Y144.487 E7.4837
G1 X136.238 Y144.054 E7.50386
G1 X145.946 Y153.762 E8.1432
G1 X148.156 Y153.762 E8.24612
G1 E6.24612 F2400
G92 E0
G1 X148.156 Y153.762 F7800
G1 X141.844 Y136.238
G1 E2 F2400
G1 F4800
G1 X144.054 Y136.238 E2.10292
G1 X153.762 Y145.946 E2.74226
G1 X153.762 Y145.513 E2.76242
G1 X136.238 Y150.209 E3.60727
G1 X136.238 Y151.87 E3.68462
G1 X138.13 Y153.762 E3.80922
G1 X136.931 Y153.762 E3.86506
G1 X141.626 Y136.238 E4.7099
G1 X139.415 Y136.238 E4.81286
;LAYER_CHANGE
;Z:9.52
;HEIGHT:0.38
G1 Z9.52 F7800
G1 E2.81286 F2400
G92 E0
G1 X139.415 Y136.238 Z9.52 F7800
G1 X154.038 Y154.038
G1 E2 F2400
G92 E0
;TYPE:Perimeter
;WIDTH:0.45
G1 F3600
G1 X135.962 Y154.038 E.84176
G1 X135.962 Y135.962 E1.68352
G1 X154.038 Y135.962 E2.52528
G1 X154.038 Y145 E2.94616
G1 X154.038 Y153.978 E3.36425
G1 X154.038 Y153.978 F7800
G1 X154.407 Y154.407
G1 F3600
G1 X135.593 Y154.407 E4.24038
G1 X135.593 Y135.593 E5.11651
G1 X154.407 Y135.593 E5.99264
G1 X154.407 Y145 E6.4307
G1 X154.407 Y154.347 E6.86597
G1 X154.407 Y154.347 F7800
G1 X154.775 Y154.775
;TYPE:External perimeter
G1 F1800
G1 X135.225 Y154.775 E7.77637
G1 X135.225 Y135.225 E8.68677
G1 X154.775 Y135.225 E9.59717
G1 X154.775 Y145 E10.05237
G1 X154.775 Y154.715 E10.50478
G1 X154.379 Y154.774 F7800
G1 E8.50478 F2400
G92 E0
G1 X153.762 Y149.024 F7800
G1 E2 F2400
;TYPE:Internal infill
;WIDTH:0.45
G1 F4800
G1 X153.762 Y151.235 E2.10296
G1 X144.331 Y153.762 E2.55764
G1 X142.652 Y153.762 E2.63583
G1 X147.348 Y136.238 E3.48068
G1 X145.669 Y136.238 E3.55887
G1 X136.238 Y138.765 E4.01355
G1 X136.238 Y136.238 E4.13123
G1 X153.762 Y153.762 E5.28531
G1 X148.374 Y153.762 E5.53622
G1 X153.069 Y136.238 E6.38106
G1 X151.87 Y136.238 E6.4369
G1 X153.762 Y138.13 E6.5615
G1 X153.762 Y139.791 E6.63885
G1 X136.238 Y144.487 E7.4837
G1 X136.238 Y144.054 E7.50386
G1 X145.946 Y153.762 E8.1432
G1 X148.156 Y153.762 E8.24612
G1 E6.24612 F2400
G92 E0
G1 X148.156 Y153.762 F7800
G1 X141.844 Y136.238
G1 E2 F2400
G1 F4800
G1 X144.054 Y136.238 E2.10292
G1 X153.762 Y145.946 E2.74226
G1 X153.762 Y145.513 E2.76242
G1 X136.238 Y150.209 E3.60727
G1 X136.238 Y151.87 E3.68462
G1 X138.13 Y153.762 E3.80922
G1 X136.931 Y153.762 E3.86506
G1 X141.626 Y136.238 E4.7099
G1 X139.415 Y136.238 E4.81286
;LAYER_CHANGE
;Z:9.9
;HEIGHT:0.379999
G1 Z9.9 F7800
G1 E2.81286 F2400
G92 E0
G1 X139.415 Y136.238 Z9.9 F7800
G1 X154.038 Y154.038
G1 E2 F2400
G92 E0
;TYPE:Perimeter
;WIDTH:0.45
G1 F3600
G1 X135.962 Y154.038 E.84176
G1 X135.962 Y135.962 E1.68352
G1 X154.038 Y135.962 E2.52528
G1 X154.038 Y145 E2.94616
G1 X154.038 Y153.978 E3.36425
G1 X154.038 Y153.978 F7800
G1 X154.407 Y154.407
G1 F3600
G1 X135.593 Y154.407 E4.24038
G1 X135.593 Y135.593 E5.11651
G1 X154.407 Y135.593 E5.99264
G1 X154.407 Y145 E6.4307
G1 X154.407 Y154.347 E6.86597
G1 X154.407 Y154.347 F7800
G1 X154.775 Y154.775
;TYPE:External perimeter
G1 F1800
G1 X135.225 Y154.775 E7.77637
G1 X135.225 Y135.225 E8.68677
G1 X154.775 Y135.225 E9.59717
G1 X154.775 Y145 E10.05237
G1 X154.775 Y154.715 E10.50478
G1 X154.379 Y154.774 F7800
G1 E8.50478 F2400
G92 E0
G1 X153.762 Y149.024 F7800
G1 E2 F2400
;TYPE:Internal infill
;WIDTH:0.45
G1 F4800
G1 X153.762 Y151.235 E2.10296
G1 X144.331 Y153.762 E2.55764
G1 X142.652 Y153.762 E2.63583
G1 X147.348 Y136.238 E3.48068
G1 X145.669 Y136.238 E3.55887
G1 X136.238 Y138.765 E4.01355
G1 X136.238 Y136.238 E4.13123
G1 X153.762 Y153.762 E5.28531
G1 X148.374 Y153.762 E5.53622
G1 X153.069 Y136.238 E6.38106
G1 X151.87 Y136.238 E6.4369
G1 X153.762 Y138.13 E6.5615
G1 X153.762 Y139.791 E6.63885
G1 X136.238 Y144.487 E7.4837
G1 X136.238 Y144.054 E7.50386
G1 X145.946 Y153.762 E8.1432
G1 X148.156 Y153.762 E8.24612
G1 E6.24612 F2400
G92 E0
G1 X148.156 Y153.762 F7800
G1 X141.844 Y136.238
G1 E2 F2400
G1 F4800
G1 X144.054 Y136.238 E2.10292
G1 X153.762 Y145.946 E2.74226
G1 X153.762 Y145.513 E2.76242
G1 X136.238 Y150.209 E3.60727
G1 X136.238 Y151.87 E3.68462
G1 X138.13 Y153.762 E3.80922
G1 X136.931 Y153.762 E3.86506
G1 X141.626 Y136.238 E4.7099
G1 X139.415 Y136.238 E4.81286
;LAYER_CHANGE
;Z:10.28
;HEIGHT:0.38
G1 Z10.28 F7800
G1 E2.81286 F2400
G92 E0
G1 X139.415 Y136.238 Z10.28 F7800
G1 X154.038 Y154.038
G1 E2 F2400
G92 E0
;TYPE:Perimeter
;WIDTH:0.45
G1 F3600
G1 X135.962 Y154.038 E.84176
G1 X135.962 Y135.962 E1.68352
G1 X154.038 Y135.962 E2.52528
G1 X154.038 Y145 E2.94616
G1 X154.038 Y153.978 E3.36425
G1 X154.038 Y153.978 F7800
G1 X154.407 Y154.407
G1 F3600
G1 X135.593 Y154.407 E4.24038
G1 X135.593 Y135.593 E5.11651
G1 X154.407 Y135.593 E5.99264
G1 X154.407 Y145 E6.4307
G1 X154.407 Y154.347 E6.86597
G1 X154.407 Y154.347 F7800
G1 X154.775 Y154.775
;TYPE:External perimeter
G1 F1800
G1 X135.225 Y154.775 E7.77637
G1 X135.225 Y135.225 E8.68677
G1 X154.775 Y135.225 E9.59717
G1 X154.775 Y145 E10.05237
G1 X154.775 Y154.715 E10.50478
G1 X154.379 Y154.774 F7800
G1 E8.50478 F2400
G92 E0
G1 X153.762 Y149.024 F7800
G1 E2 F2400
;TYPE:Internal infill
;WIDTH:0.45
G1 F4800
G1 X153.762 Y151.235 E2.10296
G1 X144.331 Y153.762 E2.55764
G1 X142.652 Y153.762 E2.63583
G1 X147.348 Y136.238 E3.48068
G1 X145.669 Y136.238 E3.55887
G1 X136.238 Y138.765 E4.01355
G1 X136.238 Y136.238 E4.13123
G1 X153.762 Y153.762 E5.28531
G1 X148.374 Y153.762 E5.53622
G1 X153.069 Y136.238 E6.38106
G1 X151.87 Y136.238 E6.4369
G1 X153.762 Y138.13 E6.5615
G1 X153.762 Y139.791 E6.63885
G1 X136.238 Y144.487 E7.4837
G1 X136.238 Y144.054 E7.50386
G1 X145.946 Y153.762 E8.1432
G1 X148.156 Y153.762 E8.24612
G1 E6.24612 F2400
G92 E0
G1 X148.156 Y153.762 F7800
G1 X141.844 Y136.238
G1 E2 F2400
G1 F4800
G1 X144.054 Y136.238 E2.10292
G1 X153.762 Y145.946 E2.74226
G1 X153.762 Y145.513 E2.76242
G1 X136.238 Y150.209 E3.60727
G1 X136.238 Y151.87 E3.68462
G1 X138.13 Y153.762 E3.80922
G1 X136.931 Y153.762 E3.86506
G1 X141.626 Y136.238 E4.7099
G1 X139.415 Y136.238 E4.81286
;LAYER_CHANGE
;Z:10.66
;HEIGHT:0.38
G1 Z10.66 F7800
G1 E2.81286 F2400
G92 E0
G1 X139.415 Y136.238 Z10.66 F7800
G1 X154.038 Y154.038
G1 E2 F2400
G92 E0
;TYPE:Perimeter
;WIDTH:0.45
G1 F3600
G1 X135.962 Y154.038 E.84176
G1 X135.962 Y135.962 E1.68352
G1 X154.038 Y135.962 E2.52528
G1 X154.038 Y145 E2.94616
G1 X154.038 Y153.978 E3.36425
G1 X154.038 Y153.978 F7800
G1 X154.407 Y154.407
G1 F3600
G1 X135.593 Y154.407 E4.24038
G1 X135.593 Y135.593 E5.11651
G1 X154.407 Y135.593 E5.99264
G1 X154.407 Y145 E6.4307
G1 X154.407 Y154.347 E6.86597
G1 X154.407 Y154.347 F7800
G1 X154.775 Y154.775
;TYPE:External perimeter
G1 F1800
G1 X135.225 Y154.775 E7.77637
G1 X135.225 Y135.225 E8.68677
G1 X154.775 Y135.225 E9.59717
G1 X154.775 Y145 E10.05237
G1 X154.775 Y154.715 E10.50478
G1 X154.379 Y154.774 F7800
G1 E8.50478 F2400
G92 E0
G1 X153.762 Y149.024 F7800
G1 E2 F2400
;TYPE:Internal infill
;WIDTH:0.45
G1 F4800
G1 X153.762 Y151.235 E2.10296
G1 X144.331 Y153.762 E2.55764
G1 X142.652 Y153.762 E2.63583
G1 X147.348 Y136.238 E3.48068
G1 X145.669 Y136.238 E3.55887
G1 X136.238 Y138.765 E4.01355
G1 X136.238 Y136.238 E4.13123
G1 X153.762 Y153.762 E5.28531
G1 X148.374 Y153.762 E5.53622
G1 X153.069 Y136.238 E6.38106
G1 X151.87 Y136.238 E6.4369
G1 X153.762 Y138.13 E6.5615
G1 X153.762 Y139.791 E6.63885
G1 X136.238 Y144.487 E7.4837
G1 X136.238 Y144.054 E7.50386
G1 X145.946 Y153.762 E8.1432
G1 X148.156 Y153.762 E8.24612
G1 E6.24612 F2400
G92 E0
G1 X148.156 Y153.762 F7800
G1 X141.844 Y136.238
G1 E2 F2400
G1 F4800
G1 X144.054 Y136.238 E2.10292
G1 X153.762 Y145.946 E2.74226
G1 X153.762 Y145.513 E2.76242
G1 X136.238 Y150.209 E3.60727
G1 X136.238 Y151.87 E3.68462
G1 X138.13 Y153.762 E3.80922
G1 X136.931 Y153.762 E3.86506
G1 X141.626 Y136.238 E4.7099
G1 X139.415 Y136.238 E4.81286
;LAYER_CHANGE
;Z:11.04
;HEIGHT:0.38
G1 Z11.04 F7800
G1 E2.81286 F2400
G92 E0
G1 X139.415 Y136.238 Z11.04 F7800
G1 X154.038 Y154.038
G1 E2 F2400
G92 E0
;TYPE:Perimeter
;WIDTH:0.45
G1 F3600
G1 X135.962 Y154.038 E.84176
G1 X135.962 Y135.962 E1.68352
G1 X154.038 Y135.962 E2.52528
G1 X154.038 Y145 E2.94616
G1 X154.038 Y153.978 E3.36425
G1 X154.038 Y153.978 F7800
G1 X154.407 Y154.407
G1 F3600
G1 X135.593 Y154.407 E4.24038
G1 X135.593 Y135.593 E5.11651
G1 X154.407 Y135.593 E5.99264
G1 X154.407 Y145 E6.4307
G1 X154.407 Y154.347 E6.86597
G1 X154.407 Y154.347 F7800
G1 X154.775 Y154.775
;TYPE:External perimeter
G1 F1800
G1 X135.225 Y154.775 E7.77637
G1 X135.225 Y135.225 E8.68677
G1 X154.775 Y135.225 E9.59717
G1 X154.775 Y145 E10.05237
G1 X154.775 Y154.715 E10.50478
G1 X154.379 Y154.774 F7800
G1 E8.50478 F2400
G92 E0
G1 X153.762 Y149.024 F7800
G1 E2 F2400
;TYPE:Internal infill
;WIDTH:0.45
G1 F4800
G1 X153.762 Y151.235 E2.10296
G1 X144.331 Y153.762 E2.55764
G1 X142.652 Y153.762 E2.63583
G1 X147.348 Y136.238 E3.48068
G1 X145.669 Y136.238 E3.55887
G1 X136.238 Y138.765 E4.01355
G1 X136.238 Y136.238 E4.13123
G1 X153.762 Y153.762 E5.28531
G1 X148.374 Y153.762 E5.53622
G1 X153.069 Y136.238 E6.38106
G1 X151.87 Y136.238 E6.4369
G1 X153.762 Y138.13 E6.5615
G1 X153.762 Y139.791 E6.63885
G1 X136.238 Y144.487 E7.4837
G1 X136.238 Y144.054 E7.50386
G1 X145.946 Y153.762 E8.1432
G1 X148.156 Y153.762 E8.24612
G1 E6.24612 F2400
G92 E0
G1 X148.156 Y153.762 F7800
G1 X141.844 Y136.238
G1 E2 F2400
G1 F4800
G1 X144.054 Y136.238 E2.10292
G1 X153.762 Y145.946 E2.74226
G1 X153.762 Y145.513 E2.76242
G1 X136.238 Y150.209 E3.60727
G1 X136.238 Y151.87 E3.68462
G1 X138.13 Y153.762 E3.80922
G1 X136.931 Y153.762 E3.86506
G1 X141.626 Y136.238 E4.7099
G1 X139.415 Y136.238 E4.81286
;LAYER_CHANGE
;Z:11.42
;HEIGHT:0.38
G1 Z11.42 F7800
G1 E2.81286 F2400
G92 E0
G1 X139.415 Y136.238 Z11.42 F7800
G1 X154.038 Y154.038
G1 E2 F2400
G92 E0
;TYPE:Perimeter
;WIDTH:0.45
G1 F3600
G1 X135.962 Y154.038 E.84176
G1 X135.962 Y135.962 E1.68352
G1 X154.038 Y135.962 E2.52528
G1 X154.038 Y145 E2.94616
G1 X154.038 Y153.978 E3.36425
G1 X154.038 Y153.978 F7800
G1 X154.407 Y154.407
G1 F3600
G1 X135.593 Y154.407 E4.24038
G1 X135.593 Y135.593 E5.11651
G1 X154.407 Y135.593 E5.99264
G1 X154.407 Y145 E6.4307
G1 X154.407 Y154.347 E6.86597
G1 X154.407 Y154.347 F7800
G1 X154.775 Y154.775
;TYPE:External perimeter
G1 F1800
G1 X135.225 Y154.775 E7.77637
G1 X135.225 Y135.225 E8.68677
G1 X154.775 Y135.225 E9.59717
G1 X154.775 Y145 E10.05237
G1 X154.775 Y154.715 E10.50478
G1 X154.379 Y154.774 F7800
G1 E8.50478 F2400
G92 E0
G1 X153.762 Y149.024 F7800
G1 E2 F2400
;TYPE:Internal infill
;WIDTH:0.45
G1 F4800
G1 X153.762 Y151.235 E2.10296
G1 X144.331 Y153.762 E2.55764
G1 X142.652 Y153.762 E2.63583
G1 X147.348 Y136.238 E3.48068
G1 X145.669 Y136.238 E3.55887
G1 X136.238 Y138.765 E4.01355
G1 X136.238 Y136.238 E4.13123
G1 X153.762 Y153.762 E5.28531
G1 X148.374 Y153.762 E5.53622
G1 X153.069 Y136.238 E6.38106
G1 X151.87 Y136.238 E6.4369
G1 X153.762 Y138.13 E6.5615
G1 X153.762 Y139.791 E6.63885
G1 X136.238 Y144.487 E7.4837
G1 X136.238 Y144.054 E7.50386
G1 X145.946 Y153.762 E8.1432
G1 X148.156 Y153.762 E8.24612
G1 E6.24612 F2400
G92 E0
G1 X148.156 Y153.762 F7800
G1 X141.844 Y136.238
G1 E2 F2400
G1 F4800
G1 X144.054 Y136.238 E2.10292
G1 X153.762 Y145.946 E2.74226
G1 X153.762 Y145.513 E2.76242
G1 X136.238 Y150.209 E3.60727
G1 X136.238 Y151.87 E3.68462
G1 X138.13 Y153.762 E3.80922
G1 X136.931 Y153.762 E3.86506
G1 X141.626 Y136.238 E4.7099
G1 X139.415 Y136.238 E4.81286
;LAYER_CHANGE
;Z:11.8
;HEIGHT:0.38
G1 Z11.8 F7800
G1 E2.81286 F2400
G92 E0
G1 X139.415 Y136.238 Z11.8 F7800
G1 X154.038 Y154.038
G1 E2 F2400
G92 E0
;TYPE:Perimeter
;WIDTH:0.45
G1 F3600
G1 X135.962 Y154.038 E.84176
G1 X135.962 Y135.962 E1.68352
G1 X154.038 Y135.962 E2.52528
G1 X154.038 Y145 E2.94616
G1 X154.038 Y153.978 E3.36425
G1 X154.038 Y153.978 F7800
G1 X154.407 Y154.407
G1 F3600
G1 X135.593 Y154.407 E4.24038
G1 X135.593 Y135.593 E5.11651
G1 X154.407 Y135.593 E5.99264
G1 X154.407 Y145 E6.4307
G1 X154.407 Y154.347 E6.86597
G1 X154.407 Y154.347 F7800
G1 X154.775 Y154.775
;TYPE:External perimeter
G1 F1800
G1 X135.225 Y154.775 E7.77637
G1 X135.225 Y135.225 E8.68677
G1 X154.775 Y135.225 E9.59717
G1 X154.775 Y145 E10.05237
G1 X154.775 Y154.715 E10.50478
G1 X154.379 Y154.774 F7800
G1 E8.50478 F2400
G92 E0
G1 X153.762 Y149.024 F7800
G1 E2 F2400
;TYPE:Internal infill
;WIDTH:0.45
G1 F4800
G1 X153.762 Y151.235 E2.10296
G1 X144.331 Y153.762 E2.55764
G1 X142.652 Y153.762 E2.63583
G1 X147.348 Y136.238 E3.48068
G1 X145.669 Y136.238 E3.55887
G1 X136.238 Y138.765 E4.01355
G1 X136.238 Y136.238 E4.13123
G1 X153.762 Y153.762 E5.28531
G1 X148.374 Y153.762 E5.53622
G1 X153.069 Y136.238 E6.38106
G1 X151.87 Y136.238 E6.4369
G1 X153.762 Y138.13 E6.5615
G1 X153.762 Y139.791 E6.63885
G1 X136.238 Y144.487 E7.4837
G1 X136.238 Y144.054 E7.50386
G1 X145.946 Y153.762 E8.1432
G1 X148.156 Y153.762 E8.24612
G1 E6.24612 F2400
G92 E0
G1 X148.156 Y153.762 F7800
G1 X141.844 Y136.238
G1 E2 F2400
G1 F4800
G1 X144.054 Y136.238 E2.10292
G1 X153.762 Y145.946 E2.74226
G1 X153.762 Y145.513 E2.76242
G1 X136.238 Y150.209 E3.60727
G1 X136.238 Y151.87 E3.68462
G1 X138.13 Y153.762 E3.80922
G1 X136.931 Y153.762 E3.86506
G1 X141.626 Y136.238 E4.7099
G1 X139.415 Y136.238 E4.81286
;LAYER_CHANGE
;Z:12.18
;HEIGHT:0.38
G1 Z12.18 F7800
G1 E2.81286 F2400
G92 E0
G1 X139.415 Y136.238 Z12.18 F7800
G1 X154.038 Y154.038
G1 E2 F2400
G92 E0
;TYPE:Perimeter
;WIDTH:0.45
G1 F3600
G1 X135.962 Y154.038 E.84176
G1 X135.962 Y135.962 E1.68352
G1 X154.038 Y135.962 E2.52528
G1 X154.038 Y145 E2.94616
G1 X154.038 Y153.978 E3.36425
G1 X154.038 Y153.978 F7800
G1 X154.407 Y154.407
G1 F3600
G1 X135.593 Y154.407 E4.24038
G1 X135.593 Y135.593 E5.11651
G1 X154.407 Y135.593 E5.99264
G1 X154.407 Y145 E6.4307
G1 X154.407 Y154.347 E6.86597
G1 X154.407 Y154.347 F7800
G1 X154.775 Y154.775
;TYPE:External perimeter
G1 F1800
G1 X135.225 Y154.775 E7.77637
G1 X135.225 Y135.225 E8.68677
G1 X154.775 Y135.225 E9.59717
G1 X154.775 Y145 E10.05237
G1 X154.775 Y154.715 E10.50478
G1 X154.379 Y154.774 F7800
G1 E8.50478 F2400
G92 E0
G1 X153.762 Y149.024 F7800
G1 E2 F2400
;TYPE:Internal infill
;WIDTH:0.45
G1 F4800
G1 X153.762 Y151.235 E2.10296
G1 X144.331 Y153.762 E2.55764
G1 X142.652 Y153.762 E2.63583
G1 X147.348 Y136.238 E3.48068
G1 X145.669 Y136.238 E3.55887
G1 X136.238 Y138.765 E4.01355
G1 X136.238 Y136.238 E4.13123
G1 X153.762 Y153.762 E5.28531
G1 X148.374 Y153.762 E5.53622
G1 X153.069 Y136.238 E6.38106
G1 X151.87 Y136.238 E6.4369
G1 X153.762 Y138.13 E6.5615
G1 X153.762 Y139.791 E6.63885
G1 X136.238 Y144.487 E7.4837
G1 X136.238 Y144.054 E7.50386
G1 X145.946 Y153.762 E8.1432
G1 X148.156 Y153.762 E8.24612
G1 E6.24612 F2400
G92 E0
G1 X148.156 Y153.762 F7800
G1 X141.844 Y136.238
G1 E2 F2400
G1 F4800
G1 X144.054 Y136.238 E2.10292
G1 X153.762 Y145.946 E2.74226
G1 X153.762 Y145.513 E2.76242
G1 X136.238 Y150.209 E3.60727
G1 X136.238 Y151.87 E3.68462
G1 X138.13 Y153.762 E3.80922
G1 X136.931 Y153.762 E3.86506
G1 X141.626 Y136.238 E4.7099
G1 X139.415 Y136.238 E4.81286
;LAYER_CHANGE
;Z:12.56
;HEIGHT:0.38
G1 Z12.56 F7800
G1 E2.81286 F2400
G92 E0
G1 X139.415 Y136.238 Z12.56 F7800
G1 X154.038 Y154.038
G1 E2 F2400
G92 E0
;TYPE:Perimeter
;WIDTH:0.45
G1 F3600
G1 X135.962 Y154.038 E.84176
G1 X135.962 Y135.962 E1.68352
G1 X154.038 Y135.962 E2.52528
G1 X154.038 Y145 E2.94616
G1 X154.038 Y153.978 E3.36425
G1 X154.038 Y153.978 F7800
G1 X154.407 Y154.407
G1 F3600
G1 X135.593 Y154.407 E4.24038
G1 X135.593 Y135.593 E5.11651
G1 X154.407 Y135.593 E5.99264
G1 X154.407 Y145 E6.4307
G1 X154.407 Y154.347 E6.86597
G1 X154.407 Y154.347 F7800
G1 X154.775 Y154.775
;TYPE:External perimeter
G1 F1800
G1 X135.225 Y154.775 E7.77637
G1 X135.225 Y135.225 E8.68677
G1 X154.775 Y135.225 E9.59717
G1 X154.775 Y145 E10.05237
G1 X154.775 Y154.715 E10.50478
G1 X154.379 Y154.774 F7800
G1 E8.50478 F2400
G92 E0
G1 X153.762 Y149.024 F7800
G1 E2 F2400
;TYPE:Internal infill
;WIDTH:0.45
G1 F4800
G1 X153.762 Y151.235 E2.10296
G1 X144.331 Y153.762 E2.55764
G1 X142.652 Y153.762 E2.63583
G1 X147.348 Y136.238 E3.48068
G1 X145.669 Y136.238 E3.55887
G1 X136.238 Y138.765 E4.01355
G1 X136.238 Y136.238 E4.13123
G1 X153.762 Y153.762 E5.28531
G1 X148.374 Y153.762 E5.53622
G1 X153.069 Y136.238 E6.38106
G1 X151.87 Y136.238 E6.4369
G1 X153.762 Y138.13 E6.5615
G1 X153.762 Y139.791 E6.63885
G1 X136.238 Y144.487 E7.4837
G1 X136.238 Y144.054 E7.50386
G1 X145.946 Y153.762 E8.1432
G1 X148.156 Y153.762 E8.24612
G1 E6.24612 F2400
G92 E0
G1 X148.156 Y153.762 F7800
G1 X141.844 Y136.238
G1 E2 F2400
G1 F4800
G1 X144.054 Y136.238 E2.10292
G1 X153.762 Y145.946 E2.74226
G1 X153.762 Y145.513 E2.76242
G1 X136.238 Y150.209 E3.60727
G1 X136.238 Y151.87 E3.68462
G1 X138.13 Y153.762 E3.80922
G1 X136.931 Y153.762 E3.86506
G1 X141.626 Y136.238 E4.7099
G1 X139.415 Y136.238 E4.81286
;LAYER_CHANGE
;Z:12.94
;HEIGHT:0.379999
G1 Z12.94 F7800
G1 E2.81286 F2400
G92 E0
G1 X139.415 Y136.238 Z12.94 F7800
G1 X154.038 Y154.038
G1 E2 F2400
G92 E0
;TYPE:Perimeter
;WIDTH:0.45
G1 F3600
G1 X135.962 Y154.038 E.84176
G1 X135.962 Y135.962 E1.68352
G1 X154.038 Y135.962 E2.52528
G1 X154.038 Y145 E2.94616
G1 X154.038 Y153.978 E3.36425
G1 X154.038 Y153.978 F7800
G1 X154.407 Y154.407
G1 F3600
G1 X135.593 Y154.407 E4.24038
G1 X135.593 Y135.593 E5.11651
G1 X154.407 Y135.593 E5.99264
G1 X154.407 Y145 E6.4307
G1 X154.407 Y154.347 E6.86597
G1 X154.407 Y154.347 F7800
G1 X154.775 Y154.775
;TYPE:External perimeter
G1 F1800
G1 X135.225 Y154.775 E7.77637
G1 X135.225 Y135.225 E8.68677
G1 X154.775 Y135.225 E9.59717
G1 X154.775 Y145 E10.05237
G1 X154.775 Y154.715 E10.50478
G1 X154.379 Y154.774 F7800
G1 E8.50478 F2400
G92 E0
G1 X153.762 Y149.024 F7800
G1 E2 F2400
;TYPE:Internal infill
;WIDTH:0.45
G1 F4800
G1 X153.762 Y151.235 E2.10296
G1 X144.331 Y153.762 E2.55764
G1 X142.652 Y153.762 E2.63583
G1 X147.348 Y136.238 E3.48068
G1 X145.669 Y136.238 E3.55887
G1 X136.238 Y138.765 E4.01355
G1 X136.238 Y136.238 E4.13123
G1 X153.762 Y153.762 E5.28531
G1 X148.374 Y153.762 E5.53622
G1 X153.069 Y136.238 E6.38106
G1 X151.87 Y136.238 E6.4369
G1 X153.762 Y138.13 E6.5615
G1 X153.762 Y139.791 E6.63885
G1 X136.238 Y144.487 E7.4837
G1 X136.238 Y144.054 E7.50386
G1 X145.946 Y153.762 E8.1432
G1 X148.156 Y153.762 E8.24612
G1 E6.24612 F2400
G92 E0
G1 X148.156 Y153.762 F7800
G1 X141.844 Y136.238
G1 E2 F2400
G1 F4800
G1 X144.054 Y136.238 E2.10292
G1 X153.762 Y145.946 E2.74226
G1 X153.762 Y145.513 E2.76242
G1 X136.238 Y150.209 E3.60727
G1 X136.238 Y151.87 E3.68462
G1 X138.13 Y153.762 E3.80922
G1 X136.931 Y153.762 E3.86506
G1 X141.626 Y136.238 E4.7099
G1 X139.415 Y136.238 E4.81286
;LAYER_CHANGE
;Z:13.32
;HEIGHT:0.38
G1 Z13.32 F7800
G1 E2.81286 F2400
G92 E0
G1 X139.415 Y136.238 Z13.32 F7800
G1 X154.038 Y154.038
G1 E2 F2400
G92 E0
;TYPE:Perimeter
;WIDTH:0.45
G1 F3600
G1 X135.962 Y154.038 E.84176
G1 X135.962 Y135.962 E1.68352
G1 X154.038 Y135.962 E2.52528
G1 X154.038 Y145 E2.94616
G1 X154.038 Y153.978 E3.36425
G1 X154.038 Y153.978 F7800
G1 X154.407 Y154.407
G1 F3600
G1 X135.593 Y154.407 E4.24038
G1 X135.593 Y135.593 E5.11651
G1 X154.407 Y135.593 E5.99264
G1 X154.407 Y145 E6.4307
G1 X154.407 Y154.347 E6.86597
G1 X154.407 Y154.347 F7800
G1 X154.775 Y154.775
;TYPE:External perimeter
G1 F1800
G1 X135.225 Y154.775 E7.77637
G1 X135.225 Y135.225 E8.68677
G1 X154.775 Y135.225 E9.59717
G1 X154.775 Y145 E10.05237
G1 X154.775 Y154.715 E10.50478
G1 X154.379 Y154.774 F7800
G1 E8.50478 F2400
G92 E0
G1 X153.762 Y149.024 F7800
G1 E2 F2400
;TYPE:Internal infill
;WIDTH:0.45
G1 F4800
G1 X153.762 Y151.235 E2.10296
G1 X144.331 Y153.762 E2.55764
G1 X142.652 Y153.762 E2.63583
G1 X147.348 Y136.238 E3.48068
G1 X145.669 Y136.238 E3.55887
G1 X136.238 Y138.765 E4.01355
G1 X136.238 Y136.238 E4.13123
G1 X153.762 Y153.762 E5.28531
G1 X148.374 Y153.762 E5.53622
G1 X153.069 Y136.238 E6.38106
G1 X151.87 Y136.238 E6.4369
G1 X153.762 Y138.13 E6.5615
G1 X153.762 Y139.791 E6.63885
G1 X136.238 Y144.487 E7.4837
G1 X136.238 Y144.054 E7.50386
G1 X145.946 Y153.762 E8.1432
G1 X148.156 Y153.762 E8.24612
G1 E6.24612 F2400
G92 E0
G1 X148.156 Y153.762 F7800
G1 X141.844 Y136.238
G1 E2 F2400
G1 F4800
G1 X144.054 Y136.238 E2.10292
G1 X153.762 Y145.946 E2.74226
G1 X153.762 Y145.513 E2.76242
G1 X136.238 Y150.209 E3.60727
G1 X136.238 Y151.87 E3.68462
G1 X138.13 Y153.762 E3.80922
G1 X136.931 Y153.762 E3.86506
G1 X141.626 Y136.238 E4.7099
G1 X139.415 Y136.238 E4.81286
;LAYER_CHANGE
;Z:13.7
;HEIGHT:0.38
G1 Z13.7 F7800
G1 E2.81286 F2400
G92 E0
G1 X139.415 Y136.238 Z13.7 F7800
G1 X154.038 Y154.038
G1 E2 F2400
G92 E0
;TYPE:Perimeter
;WIDTH:0.45
G1 F3600
G1 X135.962 Y154.038 E.84176
G1 X135.962 Y135.962 E1.68352
G1 X154.038 Y135.962 E2.52528
G1 X154.038 Y145 E2.94616
G1 X154.038 Y153.978 E3.36425
G1 X154.038 Y153.978 F7800
G1 X154.407 Y154.407
G1 F3600
G1 X135.593 Y154.407 E4.24038
G1 X135.593 Y135.593 E5.11651
G1 X154.407 Y135.593 E5.99264
G1 X154.407 Y145 E6.4307
G1 X154.407 Y154.347 E6.86597
G1 X154.407 Y154.347 F7800
G1 X154.775 Y154.775
;TYPE:External perimeter
G1 F1800
G1 X135.225 Y154.775 E7.77637
G1 X135.225 Y135.225 E8.68677
G1 X154.775 Y135.225 E9.59717
G1 X154.775 Y145 E10.05237
G1 X154.775 Y154.715 E10.50478
G1 X154.379 Y154.774 F7800
G1 E8.50478 F2400
G92 E0
G1 X153.762 Y149.024 F7800
G1 E2 F2400
;TYPE:Internal infill
;WIDTH:0.45
G1 F4800
G1 X153.762 Y151.235 E2.10296
G1 X144.331 Y153.762 E2.55764
G1 X142.652 Y153.762 E2.63583
G1 X147.348 Y136.238 E3.48068
G1 X145.669 Y136.238 E3.55887
G1 X136.238 Y138.765 E4.01355
G1 X136.238 Y136.238 E4.13123
G1 X153.762 Y153.762 E5.28531
G1 X148.374 Y153.762 E5.53622
G1 X153.069 Y136.238 E6.38106
G1 X151.87 Y136.238 E6.4369
G1 X153.762 Y138.13 E6.5615
G1 X153.762 Y139.791 E6.63885
G1 X136.238 Y144.487 E7.4837
G1 X136.238 Y144.054 E7.50386
G1 X145.946 Y153.762 E8.1432
G1 X148.156 Y153.762 E8.24612
G1 E6.24612 F2400
G92 E0
G1 X148.156 Y153.762 F7800
G1 X141.844 Y136.238
G1 E2 F2400
G1 F4800
G1 X144.054 Y136.238 E2.10292
G1 X153.762 Y145.946 E2.74226
G1 X153.762 Y145.513 E2.76242
G1 X136.238 Y150.209 E3.60727
G1 X136.238 Y151.87 E3.68462
G1 X138.13 Y153.762 E3.80922
G1 X136.931 Y153.762 E3.86506
G1 X141.626 Y136.238 E4.7099
G1 X139.415 Y136.238 E4.81286
;LAYER_CHANGE
;Z:14.08
;HEIGHT:0.38
G1 Z14.08 F7800
G1 E2.81286 F2400
G92 E0
G1 X139.415 Y136.238 Z14.08 F7800
G1 X154.038 Y154.038
G1 E2 F2400
G92 E0
;TYPE:Perimeter
;WIDTH:0.45
G1 F3600
G1 X135.962 Y154.038 E.84176
G1 X135.962 Y135.962 E1.68352
G1 X154.038 Y135.962 E2.52528
G1 X154.038 Y145 E2.94616
G1 X154.038 Y153.978 E3.36425
G1 X154.038 Y153.978 F7800
G1 X154.407 Y154.407
G1 F3600
G1 X135.593 Y154.407 E4.24038
G1 X135.593 Y135.593 E5.11651
G1 X154.407 Y135.593 E5.99264
G1 X154.407 Y145 E6.4307
G1 X154.407 Y154.347 E6.86597
G1 X154.407 Y154.347 F7800
G1 X154.775 Y154.775
;TYPE:External perimeter
G1 F1800
G1 X135.225 Y154.775 E7.77637
G1 X135.225 Y135.225 E8.68677
G1 X154.775 Y135.225 E9.59717
G1 X154.775 Y145 E10.05237
G1 X154.775 Y154.715 E10.50478
G1 X154.379 Y154.774 F7800
G1 E8.50478 F2400
G92 E0
G1 X153.762 Y149.024 F7800
G1 E2 F2400
;TYPE:Internal infill
;WIDTH:0.45
G1 F4800
G1 X153.762 Y151.235 E2.10296
G1 X144.331 Y153.762 E2.55764
G1 X142.652 Y153.762 E2.63583
G1 X147.348 Y136.238 E3.48068
G1 X145.669 Y136.238 E3.55887
G1 X136.238 Y138.765 E4.01355
G1 X136.238 Y136.238 E4.13123
G1 X153.762 Y153.762 E5.28531
G1 X148.374 Y153.762 E5.53622
G1 X153.069 Y136.238 E6.38106
G1 X151.87 Y136.238 E6.4369
G1 X153.762 Y138.13 E6.5615
G1 X153.762 Y139.791 E6.63885
G1 X136.238 Y144.487 E7.4837
G1 X136.238 Y144.054 E7.50386
G1 X145.946 Y153.762 E8.1432
G1 X148.156 Y153.762 E8.24612
G1 E6.24612 F2400
G92 E0
G1 X148.156 Y153.762 F7800
G1 X141.844 Y136.238
G1 E2 F2400
G1 F4800
G1 X144.054 Y136.238 E2.10292
G1 X153.762 Y145.946 E2.74226
G1 X153.762 Y145.513 E2.76242
G1 X136.238 Y150.209 E3.60727
G1 X136.238 Y151.87 E3.68462
G1 X138.13 Y153.762 E3.80922
G1 X136.931 Y153.762 E3.86506
G1 X141.626 Y136.238 E4.7099
G1 X139.415 Y136.238 E4.81286
;LAYER_CHANGE
;Z:14.46
;HEIGHT:0.38
G1 Z14.46 F7800
G1 E2.81286 F2400
G92 E0
G1 X139.415 Y136.238 Z14.46 F7800
G1 X154.038 Y154.038
G1 E2 F2400
G92 E0
;TYPE:Perimeter
;WIDTH:0.45
G1 F3600
G1 X135.962 Y154.038 E.84176
G1 X135.962 Y135.962 E1.68352
G1 X154.038 Y135.962 E2.52528
G1 X154.038 Y145 E2.94616
G1 X154.038 Y153.978 E3.36425
G1 X154.038 Y153.978 F7800
G1 X154.407 Y154.407
G1 F3600
G1 X135.593 Y154.407 E4.24038
G1 X135.593 Y135.593 E5.11651
G1 X154.407 Y135.593 E5.99264
G1 X154.407 Y145 E6.4307
G1 X154.407 Y154.347 E6.86597
G1 X154.407 Y154.347 F7800
G1 X154.775 Y154.775
;TYPE:External perimeter
G1 F1800
G1 X135.225 Y154.775 E7.77637
G1 X135.225 Y135.225 E8.68677
G1 X154.775 Y135.225 E9.59717
G1 X154.775 Y145 E10.05237
G1 X154.775 Y154.715 E10.50478
G1 X154.379 Y154.774 F7800
G1 E8.50478 F2400
G92 E0
G1 X153.762 Y149.024 F7800
G1 E2 F2400
;TYPE:Internal infill
;WIDTH:0.45
G1 F4800
G1 X153.762 Y151.235 E2.10296
G1 X144.331 Y153.762 E2.55764
G1 X142.652 Y153.762 E2.63583
G1 X147.348 Y136.238 E3.48068
G1 X145.669 Y136.238 E3.55887
G1 X136.238 Y138.765 E4.01355
G1 X136.238 Y136.238 E4.13123
G1 X153.762 Y153.762 E5.28531
G1 X148.374 Y153.762 E5.53622
G1 X153.069 Y136.238 E6.38106
G1 X151.87 Y136.238 E6.4369
G1 X153.762 Y138.13 E6.5615
G1 X153.762 Y139.791 E6.63885
G1 X136.238 Y144.487 E7.4837
G1 X136.238 Y144.054 E7.50386
G1 X145.946 Y153.762 E8.1432
G1 X148.156 Y153.762 E8.24612
G1 E6.24612 F2400
G92 E0
G1 X148.156 Y153.762 F7800
G1 X141.844 Y136.238
G1 E2 F2400
G1 F4800
G1 X144.054 Y136.238 E2.10292
G1 X153.762 Y145.946 E2.74226
G1 X153.762 Y145.513 E2.76242
G1 X136.238 Y150.209 E3.60727
G1 X136.238 Y151.87 E3.68462
G1 X138.13 Y153.762 E3.80922
G1 X136.931 Y153.762 E3.86506
G1 X141.626 Y136.238 E4.7099
G1 X139.415 Y136.238 E4.81286
;LAYER_CHANGE
;Z:14.84
;HEIGHT:0.38
G1 Z14.84 F7800
G1 E2.81286 F2400
G92 E0
G1 X139.415 Y136.238 Z14.84 F7800
G1 X154.038 Y154.038
G1 E2 F2400
G92 E0
;TYPE:Perimeter
;WIDTH:0.45
G1 F3600
G1 X135.962 Y154.038 E.84176
G1 X135.962 Y135.962 E1.68352
G1 X154.038 Y135.962 E2.52528
G1 X154.038 Y145 E2.94616
G1 X154.038 Y153.978 E3.36425
G1 X154.038 Y153.978 F7800
G1 X154.407 Y154.407
G1 F3600
G1 X135.593 Y154.407 E4.24038
G1 X135.593 Y135.593 E5.11651
G1 X154.407 Y135.593 E5.99264
G1 X154.407 Y145 E6.4307
G1 X154.407 Y154.347 E6.86597
G1 X154.407 Y154.347 F7800
G1 X154.775 Y154.775
;TYPE:External perimeter
G1 F1800
G1 X135.225 Y154.775 E7.77637
G1 X135.225 Y135.225 E8.68677
G1 X154.775 Y135.225 E9.59717
G1 X154.775 Y145 E10.05237
G1 X154.775 Y154.715 E10.50478
G1 X154.379 Y154.774 F7800
G1 E8.50478 F2400
G92 E0
G1 X153.762 Y149.024 F7800
G1 E2 F2400
;TYPE:Internal infill
;WIDTH:0.45
G1 F4800
G1 X153.762 Y151.235 E2.10296
G1 X144.331 Y153.762 E2.55764
G1 X142.652 Y153.762 E2.63583
G1 X147.348 Y136.238 E3.48068
G1 X145.669 Y136.238 E3.55887
G1 X136.238 Y138.765 E4.01355
G1 X136.238 Y136.238 E4.13123
G1 X153.762 Y153.762 E5.28531
G1 X148.374 Y153.762 E5.53622
G1 X153.069 Y136.238 E6.38106
G1 X151.87 Y136.238 E6.4369
G1 X153.762 Y138.13 E6.5615
G1 X153.762 Y139.791 E6.63885
G1 X136.238 Y144.487 E7.4837
G1 X136.238 Y144.054 E7.50386
G1 X145.946 Y153.762 E8.1432
G1 X148.156 Y153.762 E8.24612
G1 E6.24612 F2400
G92 E0
G1 X148.156 Y153.762 F7800
G1 X141.844 Y136.238
G1 E2 F2400
G1 F4800
G1 X144.054 Y136.238 E2.10292
G1 X153.762 Y145.946 E2.74226
G1 X153.762 Y145.513 E2.76242
G1 X136.238 Y150.209 E3.60727
G1 X136.238 Y151.87 E3.68462
G1 X138.13 Y153.762 E3.80922
G1 X136.931 Y153.762 E3.86506
G1 X141.626 Y136.238 E4.7099
G1 X139.415 Y136.238 E4.81286
;LAYER_CHANGE
;Z:15.22
;HEIGHT:0.38
G1 Z15.22 F7800
G1 E2.81286 F2400
G92 E0
G1 X139.415 Y136.238 Z15.22 F7800
G1 X154.038 Y154.038
G1 E2 F2400
G92 E0
;TYPE:Perimeter
;WIDTH:0.45
G1 F3600
G1 X135.962 Y154.038 E.84176
G1 X135.962 Y135.962 E1.68352
G1 X154.038 Y135.962 E2.52528
G1 X154.038 Y145 E2.94616
G1 X154.038 Y153.978 E3.36425
G1 X154.038 Y153.978 F7800
G1 X154.407 Y154.407
G1 F3600
G1 X135.593 Y154.407 E4.24038
G1 X135.593 Y135.593 E5.11651
G1 X154.407 Y135.593 E5.99264
G1 X154.407 Y145 E6.4307
G1 X154.407 Y154.347 E6.86597
G1 X154.407 Y154.347 F7800
G1 X154.775 Y154.775
;TYPE:External perimeter
G1 F1800
G1 X135.225 Y154.775 E7.77637
G1 X135.225 Y135.225 E8.68677
G1 X154.775 Y135.225 E9.59717
G1 X154.775 Y145 E10.05237
G1 X154.775 Y154.715 E10.50478
G1 X154.379 Y154.774 F7800
G1 E8.50478 F2400
G92 E0
G1 X153.762 Y149.024 F7800
G1 E2 F2400
;TYPE:Internal infill
;WIDTH:0.45
G1 F4800
G1 X153.762 Y151.235 E2.10296
G1 X144.331 Y153.762 E2.55764
G1 X142.652 Y153.762 E2.63583
G1 X147.348 Y136.238 E3.48068
G1 X145.669 Y136.238 E3.55887
G1 X136.238 Y138.765 E4.01355
G1 X136.238 Y136.238 E4.13123
G1 X153.762 Y153.762 E5.28531
G1 X148.374 Y153.762 E5.53622
G1 X153.069 Y136.238 E6.38106
G1 X151.87 Y136.238 E6.4369
G1 X153.762 Y138.13 E6.5615
G1 X153.762 Y139.791 E6.63885
G1 X136.238 Y144.487 E7.4837
G1 X136.238 Y144.054 E7.50386
G1 X145.946 Y153.762 E8.1432
G1 X148.156 Y153.762 E8.24612
G1 E6.24612 F2400
G92 E0
G1 X148.156 Y153.762 F7800
G1 X141.844 Y136.238
G1 E2 F2400
G1 F4800
G1 X144.054 Y136.238 E2.10292
G1 X153.762 Y145.946 E2.74226
G1 X153.762 Y145.513 E2.76242
G1 X136.238 Y150.209 E3.60727
G1 X136.238 Y151.87 E3.68462
G1 X138.13 Y153.762 E3.80922
G1 X136.931 Y153.762 E3.86506
G1 X141.626 Y136.238 E4.7099
G1 X139.415 Y136.238 E4.81286
;LAYER_CHANGE
;Z:15.6
;HEIGHT:0.38
G1 Z15.6 F7800
G1 E2.81286 F2400
G92 E0
G1 X139.415 Y136.238 Z15.6 F7800
G1 X154.038 Y154.038
G1 E2 F2400
G92 E0
;TYPE:Perimeter
;WIDTH:0.45
G1 F3600
G1 X135.962 Y154.038 E.84176
G1 X135.962 Y135.962 E1.68352
G1 X154.038 Y135.962 E2.52528
G1 X154.038 Y145 E2.94616
G1 X154.038 Y153.978 E3.36425
G1 X154.038 Y153.978 F7800
G1 X154.407 Y154.407
G1 F3600
G1 X135.593 Y154.407 E4.24038
G1 X135.593 Y135.593 E5.11651
G1 X154.407 Y135.593 E5.99264
G1 X154.407 Y145 E6.4307
G1 X154.407 Y154.347 E6.86597
G1 X154.407 Y154.347 F7800
G1 X154.775 Y154.775
;TYPE:External perimeter
G1 F1800
G1 X135.225 Y154.775 E7.77637
G1 X135.225 Y135.225 E8.68677
G1 X154.775 Y135.225 E9.59717
G1 X154.775 Y145 E10.05237
G1 X154.775 Y154.715 E10.50478
G1 X154.379 Y154.774 F7800
G1 E8.50478 F2400
G92 E0
G1 X153.762 Y149.024 F7800
G1 E2 F2400
;TYPE:Internal infill
;WIDTH:0.45
G1 F4800
G1 X153.762 Y151.235 E2.10296
G1 X144.331 Y153.762 E2.55764
G1 X142.652 Y153.762 E2.63583
G1 X147.348 Y136.238 E3.48068
G1 X145.669 Y136.238 E3.55887
G1 X136.238 Y138.765 E4.01355
G1 X136.238 Y136.238 E4.13123
G1 X153.762 Y153.762 E5.28531
G1 X148.374 Y153.762 E5.53622
G1 X153.069 Y136.238 E6.38106
G1 X151.87 Y136.238 E6.4369
G1 X153.762 Y138.13 E6.5615
G1 X153.762 Y139.791 E6.63885
G1 X136.238 Y144.487 E7.4837
G1 X136.238 Y144.054 E7.50386
G1 X145.946 Y153.762 E8.1432
G1 X148.156 Y153.762 E8.24612
G1 E6.24612 F2400
G92 E0
G1 X148.156 Y153.762 F7800
G1 X141.844 Y136.238
G1 E2 F2400
G1 F4800
G1 X144.054 Y136.238 E2.10292
G1 X153.762 Y145.946 E2.74226
G1 X153.762 Y145.513 E2.76242
G1 X136.238 Y150.209 E3.60727
G1 X136.238 Y151.87 E3.68462
G1 X138.13 Y153.762 E3.80922
G1 X136.931 Y153.762 E3.86506
G1 X141.626 Y136.238 E4.7099
G1 X139.415 Y136.238 E4.81286
;LAYER_CHANGE
;Z:15.98
;HEIGHT:0.379999
G1 Z15.98 F7800
G1 E2.81286 F2400
G92 E0
G1 X139.415 Y136.238 Z15.98 F7800
G1 X154.038 Y154.038
G1 E2 F2400
G92 E0
;TYPE:Perimeter
;WIDTH:0.45
G1 F3600
G1 X135.962 Y154.038 E.84176
G1 X135.962 Y135.962 E1.68352
G1 X154.038 Y135.962 E2.52528
G1 X154.038 Y145 E2.94616
G1 X154.038 Y153.978 E3.36425
G1 X154.038 Y153.978 F7800
G1 X154.407 Y154.407
G1 F3600
G1 X135.593 Y154.407 E4.24038
G1 X135.593 Y135.593 E5.11651
G1 X154.407 Y135.593 E5.99264
G1 X154.407 Y145 E6.4307
G1 X154.407 Y154.347 E6.86597
G1 X154.407 Y154.347 F7800
G1 X154.775 Y154.775
;TYPE:External perimeter
G1 F1800
G1 X135.225 Y154.775 E7.77637
G1 X135.225 Y135.225 E8.68677
G1 X154.775 Y135.225 E9.59717
G1 X154.775 Y145 E10.05237
G1 X154.775 Y154.715 E10.50478
G1 X154.379 Y154.774 F7800
G1 E8.50478 F2400
G92 E0
G1 X153.762 Y149.024 F7800
G1 E2 F2400
;TYPE:Internal infill
;WIDTH:0.45
G1 F4800
G1 X153.762 Y151.235 E2.10296
G1 X144.331 Y153.762 E2.55764
G1 X142.652 Y153.762 E2.63583
G1 X147.348 Y136.238 E3.48068
G1 X145.669 Y136.238 E3.55887
G1 X136.238 Y138.765 E4.01355
G1 X136.238 Y136.238 E4.13123
G1 X153.762 Y153.762 E5.28531
G1 X148.374 Y153.762 E5.53622
G1 X153.069 Y136.238 E6.38106
G1 X151.87 Y136.238 E6.4369
G1 X153.762 Y138.13 E6.5615
G1 X153.762 Y139.791 E6.63885
G1 X136.238 Y144.487 E7.4837
G1 X136.238 Y144.054 E7.50386
G1 X145.946 Y153.762 E8.1432
G1 X148.156 Y153.762 E8.24612
G1 E6.24612 F2400
G92 E0
G1 X148.156 Y153.762 F7800
G1 X141.844 Y136.238
G1 E2 F2400
G1 F4800
G1 X144.054 Y136.238 E2.10292
G1 X153.762 Y145.946 E2.74226
G1 X153.762 Y145.513 E2.76242
G1 X136.238 Y150.209 E3.60727
G1 X136.238 Y151.87 E3.68462
G1 X138.13 Y153.762 E3.80922
G1 X136.931 Y153.762 E3.86506
G1 X141.626 Y136.238 E4.7099
G1 X139.415 Y136.238 E4.81286
;LAYER_CHANGE
;Z:16.36
;HEIGHT:0.380001
G1 Z16.36 F7800
G1 E2.81286 F2400
G92 E0
G1 X139.415 Y136.238 Z16.36 F7800
G1 X154.038 Y154.038
G1 E2 F2400
G92 E0
;TYPE:Perimeter
;WIDTH:0.45
G1 F3600
G1 X135.962 Y154.038 E.84176
G1 X135.962 Y135.962 E1.68352
G1 X154.038 Y135.962 E2.52528
G1 X154.038 Y145 E2.94616
G1 X154.038 Y153.978 E3.36425
G1 X154.038 Y153.978 F7800
G1 X154.407 Y154.407
G1 F3600
G1 X135.593 Y154.407 E4.24038
G1 X135.593 Y135.593 E5.11651
G1 X154.407 Y135.593 E5.99264
G1 X154.407 Y145 E6.4307
G1 X154.407 Y154.347 E6.86597
G1 X154.407 Y154.347 F7800
G1 X154.775 Y154.775
;TYPE:External perimeter
G1 F1800
G1 X135.225 Y154.775 E7.77637
G1 X135.225 Y135.225 E8.68677
G1 X154.775 Y135.225 E9.59717
G1 X154.775 Y145 E10.05237
G1 X154.775 Y154.715 E10.50478
G1 X154.379 Y154.774 F7800
G1 E8.50478 F2400
G92 E0
G1 X153.762 Y149.024 F7800
G1 E2 F2400
;TYPE:Internal infill
;WIDTH:0.45
G1 F4800
G1 X153.762 Y151.235 E2.10296
G1 X144.331 Y153.762 E2.55764
G1 X142.652 Y153.762 E2.63583
G1 X147.348 Y136.238 E3.48068
G1 X145.669 Y136.238 E3.55887
G1 X136.238 Y138.765 E4.01355
G1 X136.238 Y136.238 E4.13123
G1 X153.762 Y153.762 E5.28531
G1 X148.374 Y153.762 E5.53622
G1 X153.069 Y136.238 E6.38106
G1 X151.87 Y136.238 E6.4369
G1 X153.762 Y138.13 E6.5615
G1 X153.762 Y139.791 E6.63885
G1 X136.238 Y144.487 E7.4837
G1 X136.238 Y144.054 E7.50386
G1 X145.946 Y153.762 E8.1432
G1 X148.156 Y153.762 E8.24612
G1 E6.24612 F2400
G92 E0
G1 X148.156 Y153.762 F7800
G1 X141.844 Y136.238
G1 E2 F2400
G1 F4800
G1 X144.054 Y136.238 E2.10292
G1 X153.762 Y145.946 E2.74226
G1 X153.762 Y145.513 E2.76242
G1 X136.238 Y150.209 E3.60727
G1 X136.238 Y151.87 E3.68462
G1 X138.13 Y153.762 E3.80922
G1 X136.931 Y153.762 E3.86506
G1 X141.626 Y136.238 E4.7099
G1 X139.415 Y136.238 E4.81286
;LAYER_CHANGE
;Z:16.74
;HEIGHT:0.379999
G1 Z16.74 F7800
G1 E2.81286 F2400
G92 E0
G1 X139.415 Y136.238 Z16.74 F7800
G1 X154.038 Y154.038
G1 E2 F2400
G92 E0
;TYPE:Perimeter
;WIDTH:0.45
G1 F3600
G1 X135.962 Y154.038 E.84176
G1 X135.962 Y135.962 E1.68352
G1 X154.038 Y135.962 E2.52528
G1 X154.038 Y145 E2.94616
G1 X154.038 Y153.978 E3.36425
G1 X154.038 Y153.978 F7800
G1 X154.407 Y154.407
G1 F3600
G1 X135.593 Y154.407 E4.24038
G1 X135.593 Y135.593 E5.11651
G1 X154.407 Y135.593 E5.99264
G1 X154.407 Y145 E6.4307
G1 X154.407 Y154.347 E6.86597
G1 X154.407 Y154.347 F7800
G1 X154.775 Y154.775
;TYPE:External perimeter
G1 F1800
G1 X135.225 Y154.775 E7.77637
G1 X135.225 Y135.225 E8.68677
G1 X154.775 Y135.225 E9.59717
G1 X154.775 Y145 E10.05237
G1 X154.775 Y154.715 E10.50478
G1 X154.379 Y154.774 F7800
G1 E8.50478 F2400
G92 E0
G1 X153.762 Y149.024 F7800
G1 E2 F2400
;TYPE:Internal infill
;WIDTH:0.45
G1 F4800
G1 X153.762 Y151.235 E2.10296
G1 X144.331 Y153.762 E2.55764
G1 X142.652 Y153.762 E2.63583
G1 X147.348 Y136.238 E3.48068
G1 X145.669 Y136.238 E3.55887
G1 X136.238 Y138.765 E4.01355
G1 X136.238 Y136.238 E4.13123
G1 X153.762 Y153.762 E5.28531
G1 X148.374 Y153.762 E5.53622
G1 X153.069 Y136.238 E6.38106
G1 X151.87 Y136.238 E6.4369
G1 X153.762 Y138.13 E6.5615
G1 X153.762 Y139.791 E6.63885
G1 X136.238 Y144.487 E7.4837
G1 X136.238 Y144.054 E7.50386
G1 X145.946 Y153.762 E8.1432
G1 X148.156 Y153.762 E8.24612
G1 E6.24612 F2400
G92 E0
G1 X148.156 Y153.762 F7800
G1 X141.844 Y136.238
G1 E2 F2400
G1 F4800
G1 X144.054 Y136.238 E2.10292
G1 X153.762 Y145.946 E2.74226
G1 X153.762 Y145.513 E2.76242
G1 X136.238 Y150.209 E3.60727
G1 X136.238 Y151.87 E3.68462
G1 X138.13 Y153.762 E3.80922
G1 X136.931 Y153.762 E3.86506
G1 X141.626 Y136.238 E4.7099
G1 X139.415 Y136.238 E4.81286
;LAYER_CHANGE
;Z:17.12
;HEIGHT:0.380001
G1 Z17.12 F7800
G1 E2.81286 F2400
G92 E0
G1 X139.415 Y136.238 Z17.12 F7800
G1 X154.038 Y154.038
G1 E2 F2400
G92 E0
;TYPE:Perimeter
;WIDTH:0.45
G1 F3600
G1 X135.962 Y154.038 E.84176
G1 X135.962 Y135.962 E1.68352
G1 X154.038 Y135.962 E2.52528
G1 X154.038 Y145 E2.94616
G1 X154.038 Y153.978 E3.36425
G1 X154.038 Y153.978 F7800
G1 X154.407 Y154.407
G1 F3600
G1 X135.593 Y154.407 E4.24038
G1 X135.593 Y135.593 E5.11651
G1 X154.407 Y135.593 E5.99264
G1 X154.407 Y145 E6.4307
G1 X154.407 Y154.347 E6.86597
G1 X154.407 Y154.347 F7800
G1 X154.775 Y154.775
;TYPE:External perimeter
G1 F1800
G1 X135.225 Y154.775 E7.77637
G1 X135.225 Y135.225 E8.68677
G1 X154.775 Y135.225 E9.59717
G1 X154.775 Y145 E10.05237
G1 X154.775 Y154.715 E10.50478
G1 X154.379 Y154.774 F7800
G1 E8.50478 F2400
G92 E0
G1 X153.762 Y149.024 F7800
G1 E2 F2400
;TYPE:Internal infill
;WIDTH:0.45
G1 F4800
G1 X153.762 Y151.235 E2.10296
G1 X144.331 Y153.762 E2.55764
G1 X142.652 Y153.762 E2.63583
G1 X147.348 Y136.238 E3.48068
G1 X145.669 Y136.238 E3.55887
G1 X136.238 Y138.765 E4.01355
G1 X136.238 Y136.238 E4.13123
G1 X153.762 Y153.762 E5.28531
G1 X148.374 Y153.762 E5.53622
G1 X153.069 Y136.238 E6.38106
G1 X151.87 Y136.238 E6.4369
G1 X153.762 Y138.13 E6.5615
G1 X153.762 Y139.791 E6.63885
G1 X136.238 Y144.487 E7.4837
G1 X136.238 Y144.054 E7.50386
G1 X145.946 Y153.762 E8.1432
G1 X148.156 Y153.762 E8.24612
G1 E6.24612 F2400
G92 E0
G1 X148.156 Y153.762 F7800
G1 X141.844 Y136.238
G1 E2 F2400
G1 F4800
G1 X144.054 Y136.238 E2.10292
G1 X153.762 Y145.946 E2.74226
G1 X153.762 Y145.513 E2.76242
G1 X136.238 Y150.209 E3.60727
G1 X136.238 Y151.87 E3.68462
G1 X138.13 Y153.762 E3.80922
G1 X136.931 Y153.762 E3.86506
G1 X141.626 Y136.238 E4.7099
G1 X139.415 Y136.238 E4.81286
;LAYER_CHANGE
;Z:17.5
;HEIGHT:0.379999
G1 Z17.5 F7800
G1 E2.81286 F2400
G92 E0
G1 X139.415 Y136.238 Z17.5 F7800
G1 X154.038 Y154.038
G1 E2 F2400
G92 E0
;TYPE:Perimeter
;WIDTH:0.45
G1 F3600
G1 X135.962 Y154.038 E.84176
G1 X135.962 Y135.962 E1.68352
G1 X154.038 Y135.962 E2.52528
G1 X154.038 Y145 E2.94616
G1 X154.038 Y153.978 E3.36425
G1 X154.038 Y153.978 F7800
G1 X154.407 Y154.407
G1 F3600
G1 X135.593 Y154.407 E4.24038
G1 X135.593 Y135.593 E5.11651
G1 X154.407 Y135.593 E5.99264
G1 X154.407 Y145 E6.4307
G1 X154.407 Y154.347 E6.86597
G1 X154.407 Y154.347 F7800
G1 X154.775 Y154.775
;TYPE:External perimeter
G1 F1800
G1 X135.225 Y154.775 E7.77637
G1 X135.225 Y135.225 E8.68677
G1 X154.775 Y135.225 E9.59717
G1 X154.775 Y145 E10.05237
G1 X154.775 Y154.715 E10.50478
G1 X154.379 Y154.774 F7800
G1 E8.50478 F2400
G92 E0
G1 X153.762 Y149.024 F7800
G1 E2 F2400
;TYPE:Internal infill
;WIDTH:0.45
G1 F4800
G1 X153.762 Y151.235 E2.10296
G1 X144.331 Y153.762 E2.55764
G1 X142.652 Y153.762 E2.63583
G1 X147.348 Y136.238 E3.48068
G1 X145.669 Y136.238 E3.55887
G1 X136.238 Y138.765 E4.01355
G1 X136.238 Y136.238 E4.13123
G1 X153.762 Y153.762 E5.28531
G1 X148.374 Y153.762 E5.53622
G1 X153.069 Y136.238 E6.38106
G1 X151.87 Y136.238 E6.4369
G1 X153.762 Y138.13 E6.5615
G1 X153.762 Y139.791 E6.63885
G1 X136.238 Y144.487 E7.4837
G1 X136.238 Y144.054 E7.50386
G1 X145.946 Y153.762 E8.1432
G1 X148.156 Y153.762 E8.24612
G1 E6.24612 F2400
G92 E0
G1 X148.156 Y153.762 F7800
G1 X141.844 Y136.238
G1 E2 F2400
G1 F4800
G1 X144.054 Y136.238 E2.10292
G1 X153.762 Y145.946 E2.74226
G1 X153.762 Y145.513 E2.76242
G1 X136.238 Y150.209 E3.60727
G1 X136.238 Y151.87 E3.68462
G1 X138.13 Y153.762 E3.80922
G1 X136.931 Y153.762 E3.86506
G1 X141.626 Y136.238 E4.7099
G1 X139.415 Y136.238 E4.81286
;LAYER_CHANGE
;Z:17.88
;HEIGHT:0.379999
G1 Z17.88 F7800
G1 E2.81286 F2400
G92 E0
G1 X139.415 Y136.238 Z17.88 F7800
G1 X154.038 Y154.038
G1 E2 F2400
G92 E0
;TYPE:Perimeter
;WIDTH:0.45
G1 F3600
G1 X135.962 Y154.038 E.84176
G1 X135.962 Y135.962 E1.68352
G1 X154.038 Y135.962 E2.52528
G1 X154.038 Y145 E2.94616
G1 X154.038 Y153.978 E3.36425
G1 X154.038 Y153.978 F7800
G1 X154.407 Y154.407
G1 F3600
G1 X135.593 Y154.407 E4.24038
G1 X135.593 Y135.593 E5.11651
G1 X154.407 Y135.593 E5.99264
G1 X154.407 Y145 E6.4307
G1 X154.407 Y154.347 E6.86597
G1 X154.407 Y154.347 F7800
G1 X154.775 Y154.775
;TYPE:External perimeter
G1 F1800
G1 X135.225 Y154.775 E7.77637
G1 X135.225 Y135.225 E8.68677
G1 X154.775 Y135.225 E9.59717
G1 X154.775 Y145 E10.05237
G1 X154.775 Y154.715 E10.50478
G1 X154.379 Y154.774 F7800
G1 E8.50478 F2400
G92 E0
G1 X153.762 Y149.024 F7800
G1 E2 F2400
;TYPE:Internal infill
;WIDTH:0.45
G1 F4800
G1 X153.762 Y151.235 E2.10296
G1 X144.331 Y153.762 E2.55764
G1 X142.652 Y153.762 E2.63583
G1 X147.348 Y136.238 E3.48068
G1 X145.669 Y136.238 E3.55887
G1 X136.238 Y138.765 E4.01355
G1 X136.238 Y136.238 E4.13123
G1 X153.762 Y153.762 E5.28531
G1 X148.374 Y153.762 E5.53622
G1 X153.069 Y136.238 E6.38106
G1 X151.87 Y136.238 E6.4369
G1 X153.762 Y138.13 E6.5615
G1 X153.762 Y139.791 E6.63885
G1 X136.238 Y144.487 E7.4837
G1 X136.238 Y144.054 E7.50386
G1 X145.946 Y153.762 E8.1432
G1 X148.156 Y153.762 E8.24612
G1 E6.24612 F2400
G92 E0
G1 X148.156 Y153.762 F7800
G1 X141.844 Y136.238
G1 E2 F2400
G1 F4800
G1 X144.054 Y136.238 E2.10292
G1 X153.762 Y145.946 E2.74226
G1 X153.762 Y145.513 E2.76242
G1 X136.238 Y150.209 E3.60727
G1 X136.238 Y151.87 E3.68462
G1 X138.13 Y153.762 E3.80922
G1 X136.931 Y153.762 E3.86506
G1 X141.626 Y136.238 E4.7099
G1 X139.415 Y136.238 E4.81286
;LAYER_CHANGE
;Z:18.26
;HEIGHT:0.380001
G1 Z18.26 F7800
G1 E2.81286 F2400
G92 E0
G1 X139.415 Y136.238 Z18.26 F7800
G1 X154.038 Y154.038
G1 E2 F2400
G92 E0
;TYPE:Perimeter
;WIDTH:0.45
G1 F3600
G1 X135.962 Y154.038 E.84176
G1 X135.962 Y135.962 E1.68352
G1 X154.038 Y135.962 E2.52528
G1 X154.038 Y145 E2.94616
G1 X154.038 Y153.978 E3.36425
G1 X154.038 Y153.978 F7800
G1 X154.407 Y154.407
G1 F3600
G1 X135.593 Y154.407 E4.24038
G1 X135.593 Y135.593 E5.11651
G1 X154.407 Y135.593 E5.99264
G1 X154.407 Y145 E6.4307
G1 X154.407 Y154.347 E6.86597
G1 X154.407 Y154.347 F7800
G1 X154.775 Y154.775
;TYPE:External perimeter
G1 F1800
G1 X135.225 Y154.775 E7.77637
G1 X135.225 Y135.225 E8.68677
G1 X154.775 Y135.225 E9.59717
G1 X154.775 Y145 E10.05237
G1 X154.775 Y154.715 E10.50478
G1 X154.379 Y154.774 F7800
G1 E8.50478 F2400
G92 E0
G1 X153.762 Y149.024 F7800
G1 E2 F2400
;TYPE:Internal infill
;WIDTH:0.45
G1 F4800
G1 X153.762 Y151.235 E2.10296
G1 X144.331 Y153.762 E2.55764
G1 X142.652 Y153.762 E2.63583
G1 X147.348 Y136.238 E3.48068
G1 X145.669 Y136.238 E3.55887
G1 X136.238 Y138.765 E4.01355
G1 X136.238 Y136.238 E4.13123
G1 X153.762 Y153.762 E5.28531
G1 X148.374 Y153.762 E5.53622
G1 X153.069 Y136.238 E6.38106
G1 X151.87 Y136.238 E6.4369
G1 X153.762 Y138.13 E6.5615
G1 X153.762 Y139.791 E6.63885
G1 X136.238 Y144.487 E7.4837
G1 X136.238 Y144.054 E7.50386
G1 X145.946 Y153.762 E8.1432
G1 X148.156 Y153.762 E8.24612
G1 E6.24612 F2400
G92 E0
G1 X148.156 Y153.762 F7800
G1 X141.844 Y136.238
G1 E2 F2400
G1 F4800
G1 X144.054 Y136.238 E2.10292
G1 X153.762 Y145.946 E2.74226
G1 X153.762 Y145.513 E2.76242
G1 X136.238 Y150.209 E3.60727
G1 X136.238 Y151.87 E3.68462
G1 X138.13 Y153.762 E3.80922
G1 X136.931 Y153.762 E3.86506
G1 X141.626 Y136.238 E4.7099
G1 X139.415 Y136.238 E4.81286
;LAYER_CHANGE
;Z:18.64
;HEIGHT:0.379999
G1 Z18.64 F7800
G1 E2.81286 F2400
G92 E0
G1 X139.415 Y136.238 Z18.64 F7800
G1 X154.038 Y154.038
G1 E2 F2400
G92 E0
;TYPE:Perimeter
;WIDTH:0.45
G1 F3600
G1 X135.962 Y154.038 E.84176
G1 X135.962 Y135.962 E1.68352
G1 X154.038 Y135.962 E2.52528
G1 X154.038 Y145 E2.94616
G1 X154.038 Y153.978 E3.36425
G1 X154.038 Y153.978 F7800
G1 X154.407 Y154.407
G1 F3600
G1 X135.593 Y154.407 E4.24038
G1 X135.593 Y135.593 E5.11651
G1 X154.407 Y135.593 E5.99264
G1 X154.407 Y145 E6.4307
G1 X154.407 Y154.347 E6.86597
G1 X154.407 Y154.347 F7800
G1 X154.775 Y154.775
;TYPE:External perimeter
G1 F1800
G1 X135.225 Y154.775 E7.77637
G1 X135.225 Y135.225 E8.68677
G1 X154.775 Y135.225 E9.59717
G1 X154.775 Y145 E10.05237
G1 X154.775 Y154.715 E10.50478
G1 X154.379 Y154.774 F7800
G1 E8.50478 F2400
G92 E0
G1 X153.762 Y149.024 F7800
G1 E2 F2400
;TYPE:Internal infill
;WIDTH:0.45
G1 F4800
G1 X153.762 Y151.235 E2.10296
G1 X144.331 Y153.762 E2.55764
G1 X142.652 Y153.762 E2.63583
G1 X147.348 Y136.238 E3.48068
G1 X145.669 Y136.238 E3.55887
G1 X136.238 Y138.765 E4.01355
G1 X136.238 Y136.238 E4.13123
G1 X153.762 Y153.762 E5.28531
G1 X148.374 Y153.762 E5.53622
G1 X153.069 Y136.238 E6.38106
G1 X151.87 Y136.238 E6.4369
G1 X153.762 Y138.13 E6.5615
G1 X153.762 Y139.791 E6.63885
G1 X136.238 Y144.487 E7.4837
G1 X136.238 Y144.054 E7.50386
G1 X145.946 Y153.762 E8.1432
G1 X148.156 Y153.762 E8.24612
G1 E6.24612 F2400
G92 E0
G1 X148.156 Y153.762 F7800
G1 X141.844 Y136.238
G1 E2 F2400
G1 F4800
G1 X144.054 Y136.238 E2.10292
G1 X153.762 Y145.946 E2.74226
G1 X153.762 Y145.513 E2.76242
G1 X136.238 Y150.209 E3.60727
G1 X136.238 Y151.87 E3.68462
G1 X138.13 Y153.762 E3.80922
G1 X136.931 Y153.762 E3.86506
G1 X141.626 Y136.238 E4.7099
G1 X139.415 Y136.238 E4.81286
M106 S234.6
;LAYER_CHANGE
;Z:19.02
;HEIGHT:0.380001
G1 Z19.02 F7800
G1 E2.81286 F2400
G92 E0
G1 X139.415 Y136.238 Z19.02 F7800
G1 X154.038 Y154.038
G1 E2 F2400
G92 E0
;TYPE:Perimeter
;WIDTH:0.45
G1 F3600
G1 X135.962 Y154.038 E.84176
G1 X135.962 Y135.962 E1.68352
G1 X154.038 Y135.962 E2.52528
G1 X154.038 Y145 E2.94616
G1 X154.038 Y153.978 E3.36425
G1 X154.038 Y153.978 F7800
G1 X154.407 Y154.407
G1 F3600
G1 X135.593 Y154.407 E4.24038
G1 X135.593 Y135.593 E5.11651
G1 X154.407 Y135.593 E5.99264
G1 X154.407 Y145 E6.4307
G1 X154.407 Y154.347 E6.86597
G1 X154.407 Y154.347 F7800
G1 X154.775 Y154.775
;TYPE:External perimeter
G1 F1800
G1 X135.225 Y154.775 E7.77637
G1 X135.225 Y135.225 E8.68677
G1 X154.775 Y135.225 E9.59717
G1 X154.775 Y145 E10.05237
G1 X154.775 Y154.715 E10.50478
G1 X154.379 Y154.774 F7800
G1 E8.50478 F2400
G92 E0
G1 X150.683 Y153.393 F7800
G1 E2 F2400
;TYPE:Internal infill
;WIDTH:0.45
G1 F4800
G1 X148.473 Y153.393 E2.10292
G1 X152.971 Y136.607 E2.91219
G1 X152.239 Y136.607 E2.94628
G1 X153.393 Y137.761 E3.02228
G1 X153.393 Y139.89 E3.12142
G1 X136.607 Y144.423 E3.93111
G1 X145.577 Y153.393 E4.52185
G1 X153.393 Y151.334 E4.89824
G1 X153.393 Y153.393 E4.99412
G1 X136.607 Y136.607 E6.0996
G1 X136.607 Y138.666 E6.19548
G1 X144.423 Y136.607 E6.57187
G1 X153.393 Y145.577 E7.16261
G1 X136.607 Y150.11 E7.9723
G1 X136.607 Y152.239 E8.07144
G1 X137.761 Y153.393 E8.14744
G1 X137.029 Y153.393 E8.18153
G1 X141.527 Y136.607 E8.9908
G1 X139.317 Y136.607 E9.09372
G1 E7.09372 F2400
G92 E0
G1 X139.317 Y136.607 F7800
G1 X153.578 Y136.238
G1 E2 F2400
;TYPE:Solid infill
;WIDTH:0.481619
G1 F1200
G1 X153.654 Y136.254 E2.00393
;WIDTH:0.513227
G1 X153.73 Y136.27 E2.00817
G1 X153.746 Y136.346 E2.01241
;WIDTH:0.481619
G1 X153.762 Y136.422 E2.01634
;WIDTH:0.450011
G1 X153.762 Y153.578 E2.81528
;WIDTH:0.48162
G1 X153.746 Y153.654 E2.81921
;WIDTH:0.513229
G1 X153.73 Y153.73 E2.82345
G1 X153.67 Y153.745 E2.82682
;WIDTH:0.483016
G1 X153.61 Y153.76 E2.82996
;WIDTH:0.452803
G1 X153.578 Y153.762 E2.83146
;WIDTH:0.450011
G1 X136.422 Y153.762 E3.6304
;WIDTH:0.481618
G1 X136.346 Y153.746 E3.63433
;WIDTH:0.513225
G1 X136.27 Y153.73 E3.63857
G1 X136.254 Y153.654 E3.64281
;WIDTH:0.481618
G1 X136.238 Y153.578 E3.64674
;WIDTH:0.450011
G1 X136.238 Y136.422 E4.44568
;WIDTH:0.48162
G1 X136.254 Y136.346 E4.44961
;WIDTH:0.513229
G1 X136.27 Y136.27 E4.45385
G1 X136.346 Y136.254 E4.45809
;WIDTH:0.48162
G1 X136.422 Y136.238 E4.46202
;WIDTH:0.450011
G1 X153.393 Y136.238 E5.25235
G1 E3.25235 F2400
G92 E0
G1 X153.393 Y136.238 F7800
G1 X149.46 Y136.607
G1 E2 F2400
;TYPE:Internal infill
;WIDTH:0.45
G1 F4800
G1 X147.249 Y136.607 E2.10296
G1 X142.751 Y153.393 E2.91223
G1 X140.54 Y153.393 E3.01519
M106 S216.75
;LAYER_CHANGE
;Z:19.4
;HEIGHT:0.379999
G1 Z19.4 F7800
G1 E1.01519 F2400
G92 E0
G1 X140.54 Y153.393 Z19.4 F7800
G1 X154.038 Y154.038
G1 E2 F2400
G92 E0
;TYPE:Perimeter
;WIDTH:0.45
G1 F3600
G1 X135.962 Y154.038 E.84176
G1 X135.962 Y135.962 E1.68352
G1 X154.038 Y135.962 E2.52528
G1 X154.038 Y145 E2.94616
G1 X154.038 Y153.978 E3.36425
G1 X154.038 Y153.978 F7800
G1 X154.407 Y154.407
G1 F3600
G1 X135.593 Y154.407 E4.24038
G1 X135.593 Y135.593 E5.11651
G1 X154.407 Y135.593 E5.99264
G1 X154.407 Y145 E6.4307
G1 X154.407 Y154.347 E6.86597
G1 X154.407 Y154.347 F7800
G1 X154.775 Y154.775
;TYPE:External perimeter
G1 F1800
G1 X135.225 Y154.775 E7.77637
G1 X135.225 Y135.225 E8.68677
G1 X154.775 Y135.225 E9.59717
G1 X154.775 Y145 E10.05237
G1 X154.775 Y154.715 E10.50478
G1 X154.379 Y154.774 F7800
G1 X153.01 Y153.923
;TYPE:Bridge infill
;WIDTH:0.40184
;HEIGHT:0.4
M106 S255
G1 F3600
G1 X153.721 Y153.212 E10.54719
G1 X153.721 Y152.573 E10.57414
G1 X152.573 Y153.721 E10.64262
G1 X151.934 Y153.721 E10.66957
G1 X153.721 Y151.934 E10.77617
G1 X153.721 Y151.295 E10.80312
G1 X151.295 Y153.721 E10.94784
G1 X150.656 Y153.721 E10.97479
G1 X153.721 Y150.656 E11.15763
G1 X153.721 Y150.017 E11.18458
G1 X150.017 Y153.721 E11.40554
G1 X149.378 Y153.721 E11.43249
G1 X153.721 Y149.378 E11.69156
G1 X153.721 Y148.739 E11.71851
G1 X148.739 Y153.721 E12.0157
G1 X148.1 Y153.721 E12.04265
G1 X153.721 Y148.1 E12.37796
G1 X153.721 Y147.461 E12.40491
G1 X147.461 Y153.721 E12.77834
G1 X146.822 Y153.721 E12.80529
G1 X153.721 Y146.822 E13.21684
G1 X153.721 Y146.183 E13.24379
G1 X146.183 Y153.721 E13.69346
G1 X145.544 Y153.721 E13.72041
G1 X153.721 Y145.544 E14.2082
G1 X153.721 Y144.905 E14.23515
G1 X144.905 Y153.721 E14.76105
G1 X144.266 Y153.721 E14.788
G1 X153.721 Y144.266 E15.35202
G1 X153.721 Y143.627 E15.37897
G1 X143.627 Y153.721 E15.98111
G1 X142.988 Y153.721 E16.00806
G1 X153.721 Y142.988 E16.64832
G1 X153.721 Y142.349 E16.67527
G1 X142.349 Y153.721 E17.35365
G1 X141.71 Y153.721 E17.3806
G1 X153.721 Y141.71 E18.0971
G1 X153.721 Y141.071 E18.12405
G1 X141.071 Y153.721 E18.87867
G1 X140.432 Y153.721 E18.90562
G1 X153.721 Y140.432 E19.69835
G1 X153.721 Y139.793 E19.7253
G1 X139.793 Y153.721 E20.55615
G1 X139.154 Y153.721 E20.5831
G1 X153.721 Y139.154 E21.45207
G1 X153.721 Y138.515 E21.47902
G1 X138.515 Y153.721 E22.38611
G1 X137.876 Y153.721 E22.41306
G1 X153.721 Y137.876 E23.35827
G1 X153.721 Y137.237 E23.38522
G1 X137.237 Y153.721 E24.36855
G1 X136.598 Y153.721 E24.3955
G1 X153.721 Y136.598 E25.41695
G1 X153.721 Y136.279 E25.43041
G1 X153.401 Y136.279 E25.44391
G1 X136.279 Y153.401 E26.4653
G1 X136.279 Y152.762 E26.49225
G1 X152.762 Y136.279 E27.47552
G1 X152.123 Y136.279 E27.50247
G1 X136.279 Y152.123 E28.44762
G1 X136.279 Y151.484 E28.47457
G1 X151.484 Y136.279 E29.3816
G1 X150.845 Y136.279 E29.40855
G1 X136.279 Y150.845 E30.27746
G1 X136.279 Y150.206 E30.30441
G1 X150.206 Y136.279 E31.1352
G1 X149.567 Y136.279 E31.16215
G1 X136.279 Y149.567 E31.95482
G1 X136.279 Y148.928 E31.98177
G1 X148.928 Y136.279 E32.73633
G1 X148.289 Y136.279 E32.76328
G1 X136.279 Y148.289 E33.47972
G1 X136.279 Y147.65 E33.50667
G1 X147.65 Y136.279 E34.18499
G1 X147.011 Y136.279 E34.21194
G1 X136.279 Y147.011 E34.85214
G1 X136.279 Y146.372 E34.87909
G1 X146.372 Y136.279 E35.48117
G1 X145.733 Y136.279 E35.50812
G1 X136.279 Y145.733 E36.07208
G1 X136.279 Y145.094 E36.09903
G1 X145.094 Y136.279 E36.62487
G1 X144.455 Y136.279 E36.65182
G1 X136.279 Y144.455 E37.13955
G1 X136.279 Y143.816 E37.1665
G1 X143.816 Y136.279 E37.61611
G1 X143.177 Y136.279 E37.64306
G1 X136.279 Y143.177 E38.05455
G1 X136.279 Y142.538 E38.0815
G1 X142.538 Y136.279 E38.45487
G1 X141.899 Y136.279 E38.48182
G1 X136.279 Y141.899 E38.81707
G1 X136.279 Y141.26 E38.84402
G1 X141.26 Y136.279 E39.14115
G1 X140.621 Y136.279 E39.1681
G1 X136.279 Y140.621 E39.42712
G1 X136.279 Y139.982 E39.45407
G1 X139.982 Y136.279 E39.67497
G1 X139.343 Y136.279 E39.70192
G1 X136.279 Y139.343 E39.8847
G1 X136.279 Y138.704 E39.91165
G1 X138.704 Y136.279 E40.05631
G1 X138.065 Y136.279 E40.08326
G1 X136.279 Y138.065 E40.1898
G1 X136.279 Y137.426 E40.21675
G1 X137.426 Y136.279 E40.28517
G1 X136.787 Y136.279 E40.31212
G1 X136.077 Y136.99 E40.3545
M106 S216.75
M106 S119.85
;LAYER_CHANGE
;Z:19.78
;HEIGHT:0.380001
G1 Z19.78 F7800
G1 E38.3545 F2400
G92 E0
G1 X136.077 Y136.99 Z19.78 F7800
G1 X154.038 Y154.038
G1 E2 F2400
G92 E0
;TYPE:Perimeter
;WIDTH:0.45
G1 F3600
G1 X135.962 Y154.038 E.84176
G1 X135.962 Y135.962 E1.68352
G1 X154.038 Y135.962 E2.52528
G1 X154.038 Y145 E2.94616
G1 X154.038 Y153.978 E3.36425
G1 X154.038 Y153.978 F7800
G1 X154.407 Y154.407
G1 F3600
G1 X135.593 Y154.407 E4.24038
G1 X135.593 Y135.593 E5.11651
G1 X154.407 Y135.593 E5.99264
G1 X154.407 Y145 E6.4307
G1 X154.407 Y154.347 E6.86597
G1 X154.407 Y154.347 F7800
G1 X154.775 Y154.775
;TYPE:External perimeter
G1 F1800
G1 X135.225 Y154.775 E7.77637
G1 X135.225 Y135.225 E8.68677
G1 X154.775 Y135.225 E9.59717
G1 X154.775 Y145 E10.05237
G1 X154.775 Y154.715 E10.50478
G1 X154.379 Y154.774 F7800
G1 E8.50478 F2400
G92 E0
G1 X136.338 Y136.268 F7800
G1 E2 F2400
;TYPE:Solid infill
;WIDTH:0.539395
G1 F1200
G1 X136.298 Y136.228 E2.00327
G1 X136.242 Y136.242 E2.00661
G1 X136.228 Y136.298 E2.00995
G1 X136.268 Y136.338 E2.01322
G1 X136.323 Y136.323 E2.01652
;WIDTH:0.45
G1 X136.238 Y136.912 E2.04423
G1 X136.912 Y136.238 E2.08862
G1 X137.083 Y136.111 E2.09854
;WIDTH:0.421549
G1 X137.042 Y136.122 E2.10036
G1 X137.023 Y136.051 E2.10352
G1 X137.094 Y136.07 E2.10668
;WIDTH:0.45
G1 X137.433 Y136.238 E2.1243
G1 X136.238 Y137.433 E2.203
G1 X136.238 Y137.954 E2.22726
G1 X137.954 Y136.238 E2.34027
G1 X138.475 Y136.238 E2.36453
G1 X136.238 Y138.475 E2.51185
G1 X136.238 Y138.996 E2.53611
G1 X138.996 Y136.238 E2.71774
G1 X139.517 Y136.238 E2.742
G1 X136.238 Y139.517 E2.95795
G1 X136.238 Y140.038 E2.98221
G1 X140.038 Y136.238 E3.23247
G1 X140.559 Y136.238 E3.25673
G1 X136.238 Y140.559 E3.5413
G1 X136.238 Y141.08 E3.56556
G1 X141.08 Y136.238 E3.88444
G1 X141.602 Y136.238 E3.90875
G1 X136.238 Y141.602 E4.26201
G1 X136.238 Y142.123 E4.28627
G1 X142.123 Y136.238 E4.67384
G1 X142.644 Y136.238 E4.6981
G1 X136.238 Y142.644 E5.11998
G1 X136.238 Y143.165 E5.14424
G1 X143.165 Y136.238 E5.60043
G1 X143.686 Y136.238 E5.62469
G1 X136.238 Y143.686 E6.11519
G1 X136.238 Y144.207 E6.13945
G1 X144.207 Y136.238 E6.66426
G1 X144.728 Y136.238 E6.68852
G1 X136.238 Y144.728 E7.24765
G1 X136.238 Y145.249 E7.27191
G1 X145.249 Y136.238 E7.86535
G1 X145.77 Y136.238 E7.88961
G1 X136.238 Y145.77 E8.51736
G1 X136.238 Y146.291 E8.54162
G1 X146.291 Y136.238 E9.20368
G1 X146.812 Y136.238 E9.22794
G1 X136.238 Y146.812 E9.92431
G1 X136.238 Y147.333 E9.94857
G1 X147.333 Y136.238 E10.67925
G1 X147.854 Y136.238 E10.70351
G1 X136.238 Y147.854 E11.46851
G1 X136.238 Y148.375 E11.49277
G1 X148.375 Y136.238 E12.29208
G1 X148.897 Y136.238 E12.31639
G1 X136.238 Y148.896 E13.15004
G1 X136.238 Y149.418 E13.17435
G1 X149.418 Y136.238 E14.04235
G1 X149.939 Y136.238 E14.06661
G1 X136.238 Y149.939 E14.96892
G1 X136.238 Y150.46 E14.99318
G1 X150.46 Y136.238 E15.9298
G1 X150.981 Y136.238 E15.95406
G1 X136.238 Y150.981 E16.92499
G1 X136.238 Y151.502 E16.94925
G1 X151.502 Y136.238 E17.95449
G1 X152.023 Y136.238 E17.97875
G1 X136.238 Y152.023 E19.0183
G1 X136.238 Y152.544 E19.04256
G1 X152.544 Y136.238 E20.11643
G1 X153.065 Y136.238 E20.14069
G1 X136.238 Y153.065 E21.24887
G1 X136.238 Y153.065 F7800
G1 X136.182 Y153.878
;WIDTH:0.421549
G1 F1200
G1 X136.141 Y153.889 E21.25069
G1 X136.122 Y153.818 E21.25385
G1 X136.193 Y153.837 E21.25701
;WIDTH:0.45
G1 X136.238 Y153.586 E21.26888
G1 X153.586 Y136.238 E22.41137
G1 X153.762 Y136.584 E22.42945
G1 X136.584 Y153.762 E23.56074
G1 X137.105 Y153.762 E23.585
G1 X153.762 Y137.105 E24.68198
G1 X153.762 Y137.626 E24.70624
G1 X137.626 Y153.762 E25.76891
G1 X138.147 Y153.762 E25.79317
G1 X153.762 Y138.147 E26.82153
G1 X153.762 Y138.668 E26.84579
G1 X138.668 Y153.762 E27.83984
G1 X139.189 Y153.762 E27.8641
G1 X153.762 Y139.189 E28.82383
G1 X153.762 Y139.71 E28.84809
G1 X139.71 Y153.762 E29.77351
G1 X140.231 Y153.762 E29.79777
G1 X153.762 Y140.231 E30.68888
G1 X153.762 Y140.752 E30.71314
G1 X140.752 Y153.762 E31.56994
G1 X141.273 Y153.762 E31.5942
G1 X153.762 Y141.273 E32.41669
G1 X153.762 Y141.794 E32.44095
G1 X141.794 Y153.762 E33.22913
G1 X142.315 Y153.762 E33.25339
G1 X153.762 Y142.315 E34.00726
G1 X153.762 Y142.836 E34.03152
G1 X142.836 Y153.762 E34.75107
G1 X143.358 Y153.762 E34.77538
G1 X153.762 Y143.358 E35.46056
G1 X153.762 Y143.879 E35.48482
G1 X143.879 Y153.762 E36.13569
G1 X144.4 Y153.762 E36.15995
G1 X153.762 Y144.4 E36.7765
G1 X153.762 Y144.921 E36.80076
G1 X144.921 Y153.762 E37.383
G1 X145.442 Y153.762 E37.40726
G1 X153.762 Y145.442 E37.95519
G1 X153.762 Y145.963 E37.97945
G1 X145.963 Y153.762 E38.49307
G1 X146.484 Y153.762 E38.51733
G1 X153.762 Y146.484 E38.99664
G1 X153.762 Y147.005 E39.0209
G1 X147.005 Y153.762 E39.4659
G1 X147.526 Y153.762 E39.49016
G1 X153.762 Y147.526 E39.90084
G1 X153.762 Y148.047 E39.9251
G1 X148.047 Y153.762 E40.30147
G1 X148.568 Y153.762 E40.32573
G1 X153.762 Y148.568 E40.66779
G1 X153.762 Y149.089 E40.69205
G1 X149.089 Y153.762 E40.9998
G1 X149.61 Y153.762 E41.02406
G1 X153.762 Y149.61 E41.2975
G1 X153.762 Y150.131 E41.32176
G1 X150.131 Y153.762 E41.56089
G1 X150.653 Y153.762 E41.5852
G1 X153.762 Y150.653 E41.78995
G1 X153.762 Y151.174 E41.81421
G1 X151.174 Y153.762 E41.98465
G1 X151.695 Y153.762 E42.00891
G1 X153.762 Y151.695 E42.14504
G1 X153.762 Y152.216 E42.1693
G1 X152.216 Y153.762 E42.27112
G1 X152.737 Y153.762 E42.29538
G1 X153.762 Y152.737 E42.36288
G1 X153.96 Y153.105 E42.38234
;WIDTH:0.421549
G1 X153.889 Y153.086 E42.3855
G1 X153.908 Y153.157 E42.38866
G1 X153.949 Y153.146 E42.39048
;WIDTH:0.45
G1 X153.762 Y153.258 E42.40063
G1 X153.258 Y153.762 E42.43382
M107
;LAYER_CHANGE
;Z:20.16
;HEIGHT:0.379999
G1 Z20.16 F7800
G1 X154.038 Y154.038
G92 E0
;TYPE:Perimeter
G1 F3600
G1 X135.962 Y154.038 E.84176
G1 X135.962 Y135.962 E1.68352
G1 X154.038 Y135.962 E2.52528
G1 X154.038 Y145 E2.94616
G1 X154.038 Y153.978 E3.36425
G1 X154.038 Y153.978 F7800
G1 X154.407 Y154.407
G1 F3600
G1 X135.593 Y154.407 E4.24038
G1 X135.593 Y135.593 E5.11651
G1 X154.407 Y135.593 E5.99264
G1 X154.407 Y145 E6.4307
G1 X154.407 Y154.347 E6.86597
G1 X154.407 Y154.347 F7800
G1 X154.775 Y154.775
;TYPE:External perimeter
G1 F1800
G1 X135.225 Y154.775 E7.77637
G1 X135.225 Y135.225 E8.68677
G1 X154.775 Y135.225 E9.59717
G1 X154.775 Y145 E10.05237
G1 X154.775 Y154.715 E10.50478
G1 X154.379 Y154.774 F7800
G1 E8.50478 F2400
G92 E0
G1 X153.282 Y136.07 F7800
G1 E2 F2400
;TYPE:Top solid infill
;WIDTH:0.401841
G1 F900
G1 X153.787 Y136.574 E2.02888
G1 X153.787 Y137.027 E2.04722
G1 X152.973 Y136.213 E2.09382
G1 X152.52 Y136.213 E2.11216
G1 X153.787 Y137.48 E2.18469
G1 X153.787 Y137.933 E2.20303
G1 X152.067 Y136.213 E2.3015
G1 X151.614 Y136.213 E2.31984
G1 X153.787 Y138.386 E2.44424
G1 X153.787 Y138.839 E2.46258
G1 X151.161 Y136.213 E2.61292
G1 X150.708 Y136.213 E2.63126
G1 X153.787 Y139.292 E2.80753
G1 X153.787 Y139.745 E2.82587
G1 X150.255 Y136.213 E3.02807
G1 X149.802 Y136.213 E3.04641
G1 X153.787 Y140.198 E3.27455
G1 X153.787 Y140.651 E3.29289
G1 X149.349 Y136.213 E3.54696
G1 X148.896 Y136.213 E3.5653
G1 X153.787 Y141.104 E3.84531
G1 X153.787 Y141.557 E3.86365
G1 X148.443 Y136.213 E4.16959
G1 X147.99 Y136.213 E4.18793
G1 X153.787 Y142.01 E4.5198
G1 X153.787 Y142.463 E4.53814
G1 X147.537 Y136.213 E4.89595
G1 X147.084 Y136.213 E4.91429
G1 X153.787 Y142.916 E5.29803
G1 X153.787 Y143.369 E5.31637
G1 X146.631 Y136.213 E5.72604
G1 X146.178 Y136.213 E5.74438
G1 X153.787 Y143.822 E6.17999
G1 X153.787 Y144.275 E6.19833
G1 X145.725 Y136.213 E6.65987
G1 X145.272 Y136.213 E6.67821
G1 X153.787 Y144.728 E7.16569
G1 X153.787 Y145.181 E7.18403
G1 X144.819 Y136.213 E7.69744
G1 X144.366 Y136.213 E7.71578
G1 X153.787 Y145.634 E8.25512
G1 X153.787 Y146.086 E8.27342
G1 X143.914 Y136.213 E8.83864
G1 X143.461 Y136.213 E8.85698
G1 X153.787 Y146.539 E9.44813
G1 X153.787 Y146.992 E9.46647
G1 X143.008 Y136.213 E10.08356
G1 X142.555 Y136.213 E10.1019
G1 X153.787 Y147.445 E10.74492
G1 X153.787 Y147.898 E10.76326
G1 X142.102 Y136.213 E11.43222
G1 X141.649 Y136.213 E11.45056
G1 X153.787 Y148.351 E12.14545
G1 X153.787 Y148.804 E12.16379
G1 X141.196 Y136.213 E12.88461
G1 X140.743 Y136.213 E12.90295
G1 X153.787 Y149.257 E13.64971
G1 X153.787 Y149.71 E13.66805
G1 X140.29 Y136.213 E14.44074
G1 X139.837 Y136.213 E14.45908
G1 X153.787 Y150.163 E15.2577
G1 X153.787 Y150.616 E15.27604
G1 X139.384 Y136.213 E16.1006
G1 X138.931 Y136.213 E16.11894
G1 X153.787 Y151.069 E16.96943
G1 X153.787 Y151.522 E16.98777
G1 X138.478 Y136.213 E17.8642
G1 X138.025 Y136.213 E17.88254
G1 X153.787 Y151.975 E18.7849
G1 X153.787 Y152.428 E18.80324
G1 X137.572 Y136.213 E19.73153
G1 X137.119 Y136.213 E19.74987
G1 X153.787 Y152.881 E20.7041
G1 X153.787 Y153.334 E20.72244
G1 X136.666 Y136.213 E21.7026
G1 X136.213 Y136.213 E21.72094
G1 X153.787 Y153.787 E22.72704
G1 X153.334 Y153.787 E22.74538
G1 X136.213 Y136.666 E23.72554
G1 X136.213 Y137.119 E23.74388
G1 X152.881 Y153.787 E24.69811
G1 X152.428 Y153.787 E24.71645
G1 X136.213 Y137.572 E25.64474
G1 X136.213 Y138.025 E25.66308
G1 X151.975 Y153.787 E26.56544
G1 X151.522 Y153.787 E26.58378
G1 X136.213 Y138.478 E27.46021
G1 X136.213 Y138.931 E27.47855
G1 X151.069 Y153.787 E28.32904
G1 X150.616 Y153.787 E28.34738
G1 X136.213 Y139.384 E29.17194
G1 X136.213 Y139.837 E29.19028
G1 X150.163 Y153.787 E29.9889
G1 X149.71 Y153.787 E30.00724
G1 X136.213 Y140.29 E30.77993
G1 X136.213 Y140.743 E30.79827
G1 X149.257 Y153.787 E31.54503
G1 X148.804 Y153.787 E31.56337
G1 X136.213 Y141.196 E32.28419
G1 X136.213 Y141.649 E32.30253
G1 X148.351 Y153.787 E32.99742
G1 X147.898 Y153.787 E33.01576
G1 X136.213 Y142.102 E33.68472
G1 X136.213 Y142.555 E33.70306
G1 X147.445 Y153.787 E34.34608
G1 X146.992 Y153.787 E34.36442
G1 X136.213 Y143.008 E34.98151
G1 X136.213 Y143.461 E34.99985
G1 X146.539 Y153.787 E35.591
G1 X146.086 Y153.787 E35.60934
G1 X136.213 Y143.914 E36.17456
G1 X136.213 Y144.367 E36.1929
G1 X145.633 Y153.787 E36.73219
G1 X145.18 Y153.787 E36.75053
G1 X136.213 Y144.82 E37.26388
G1 X136.213 Y145.273 E37.28222
G1 X144.727 Y153.787 E37.76964
G1 X144.275 Y153.787 E37.78794
G1 X136.213 Y145.725 E38.24948
G1 X136.213 Y146.178 E38.26782
G1 X143.822 Y153.787 E38.70343
G1 X143.369 Y153.787 E38.72177
G1 X136.213 Y146.631 E39.13144
G1 X136.213 Y147.084 E39.14978
G1 X142.916 Y153.787 E39.53352
G1 X142.463 Y153.787 E39.55186
G1 X136.213 Y147.537 E39.90967
G1 X136.213 Y147.99 E39.92801
G1 X142.01 Y153.787 E40.25988
G1 X141.557 Y153.787 E40.27822
G1 X136.213 Y148.443 E40.58416
G1 X136.213 Y148.896 E40.6025
G1 X141.104 Y153.787 E40.88251
G1 X140.651 Y153.787 E40.90085
G1 X136.213 Y149.349 E41.15492
G1 X136.213 Y149.802 E41.17326
G1 X140.198 Y153.787 E41.4014
G1 X139.745 Y153.787 E41.41974
G1 X136.213 Y150.255 E41.62194
G1 X136.213 Y150.708 E41.64028
G1 X139.292 Y153.787 E41.81655
G1 X138.839 Y153.787 E41.83489
G1 X136.213 Y151.161 E41.98523
G1 X136.213 Y151.614 E42.00357
G1 X138.386 Y153.787 E42.12797
G1 X137.933 Y153.787 E42.14631
G1 X136.213 Y152.067 E42.24478
G1 X136.213 Y152.52 E42.26312
G1 X137.48 Y153.787 E42.33565
G1 X137.027 Y153.787 E42.35399
G1 X136.213 Y152.973 E42.40059
G1 X136.213 Y153.426 E42.41893
G1 X136.717 Y153.93 E42.44778
G1 E40.44778 F2400
G92 E0
M107
;TYPE:Custom
; Filament-specific end gcode 
;END gcode for filament
M104 S0 ; turn off temperature
G28 X0  ; home X axis
M84     ; disable motors
; objects_info = {"objects":[]}
; filament used [mm] = 1224.79
; filament used [cm3] = 2.95
; total filament used [g] = 0.00
; total filament cost = 0.00
; total filament used for wipe tower [g] = 0.00
; estimated printing time (normal mode) = 12m 41s
; estimated printing time (silent mode) = 13m 7s
; estimated first layer printing time (normal mode) = 49s
; estimated first layer printing time (silent mode) = 49s

; prusaslicer_config = begin
; arc_fitting = disabled
; autoemit_temperature_commands = 1
; avoid_crossing_curled_overhangs = 0
; avoid_crossing_perimeters = 0
; avoid_crossing_perimeters_max_detour = 0
; bed_custom_model = 
; bed_custom_texture = 
; bed_shape = 0x0,200x0,200x200,0x200
; bed_temperature = 65
; before_layer_gcode = 
; between_objects_gcode = 
; binary_gcode = 0
; bottom_fill_pattern = monotonic
; bottom_solid_layers = 3
; bottom_solid_min_thickness = 0
; bridge_acceleration = 0
; bridge_angle = 0
; bridge_fan_speed = 100
; bridge_flow_ratio = 1
; bridge_speed = 60
; brim_separation = 0
; brim_type = no_brim
; brim_width = 5
; color_change_gcode = M600
; complete_objects = 0
; cooling = 1
; cooling_tube_length = 5
; cooling_tube_retraction = 91.5
; default_acceleration = 0
; default_filament_profile = 
; default_print_profile = 
; deretract_speed = 0
; disable_fan_first_layers = 3
; dont_support_bridges = 1
; draft_shield = disabled
; duplicate_distance = 6
; elefant_foot_compensation = 0
; enable_dynamic_fan_speeds = 0
; enable_dynamic_overhang_speeds = 0
; end_filament_gcode = "; Filament-specific end gcode \n;END gcode for filament\n"
; end_gcode = M104 S0 ; turn off temperature\nG28 X0  ; home X axis\nM84     ; disable motors\n
; external_perimeter_acceleration = 0
; external_perimeter_extrusion_width = 0.45
; external_perimeter_speed = 50%
; external_perimeters_first = 0
; extra_loading_move = -2
; extra_perimeters = 1
; extra_perimeters_on_overhangs = 0
; extruder_clearance_height = 20
; extruder_clearance_radius = 20
; extruder_colour = ""
; extruder_offset = 0x0
; extrusion_axis = E
; extrusion_multiplier = 0.8
; extrusion_width = 0.45
; fan_always_on = 0
; fan_below_layer_time = 60
; filament_colour = #29B2B2
; filament_cooling_final_speed = 3.4
; filament_cooling_initial_speed = 2.2
; filament_cooling_moves = 4
; filament_cost = 0
; filament_density = 0
; filament_diameter = 1.75
; filament_load_time = 0
; filament_loading_speed = 28
; filament_loading_speed_start = 3
; filament_max_volumetric_speed = 0
; filament_minimal_purge_on_wipe_tower = 15
; filament_multitool_ramming = 0
; filament_multitool_ramming_flow = 10
; filament_multitool_ramming_volume = 10
; filament_notes = ""
; filament_purge_multiplier = 100%
; filament_ramming_parameters = "120 100 6.6 6.8 7.2 7.6 7.9 8.2 8.7 9.4 9.9 10.0| 0.05 6.6 0.45 6.8 0.95 7.8 1.45 8.3 1.95 9.7 2.45 10 2.95 7.6 3.45 7.6 3.95 7.6 4.45 7.6 4.95 7.6"
; filament_settings_id = 3D_Home_PLA_RED
; filament_soluble = 0
; filament_spool_weight = 0
; filament_stamping_distance = 0
; filament_stamping_loading_speed = 20
; filament_toolchange_delay = 0
; filament_type = PLA
; filament_unload_time = 0
; filament_unloading_speed = 90
; filament_unloading_speed_start = 100
; filament_vendor = (Unknown)
; fill_angle = 45
; fill_density = 20%
; fill_pattern = stars
; first_layer_acceleration = 0
; first_layer_acceleration_over_raft = 0
; first_layer_bed_temperature = 65
; first_layer_extrusion_width = 0.42
; first_layer_height = 0.4
; first_layer_speed = 30
; first_layer_speed_over_raft = 30
; first_layer_temperature = 200
; full_fan_speed_layer = 0
; fuzzy_skin = none
; fuzzy_skin_point_dist = 0.8
; fuzzy_skin_thickness = 0.3
; gap_fill_enabled = 1
; gap_fill_speed = 20
; gcode_comments = 0
; gcode_flavor = marlin
; gcode_label_objects = disabled
; gcode_resolution = 0.0125
; gcode_substitutions = 
; high_current_on_filament_swap = 0
; host_type = prusalink
; infill_acceleration = 0
; infill_anchor = 600%
; infill_anchor_max = 50
; infill_every_layers = 1
; infill_extruder = 1
; infill_extrusion_width = 0.45
; infill_first = 0
; infill_overlap = 25%
; infill_speed = 80
; interface_shells = 0
; ironing = 0
; ironing_flowrate = 15%
; ironing_spacing = 0.1
; ironing_speed = 15
; ironing_type = top
; layer_gcode = 
; layer_height = 0.38
; machine_limits_usage = time_estimate_only
; machine_max_acceleration_e = 10000,5000
; machine_max_acceleration_extruding = 1500,1250
; machine_max_acceleration_retracting = 1500,1250
; machine_max_acceleration_travel = 1500,1250
; machine_max_acceleration_x = 9000,1000
; machine_max_acceleration_y = 9000,1000
; machine_max_acceleration_z = 500,200
; machine_max_feedrate_e = 120,120
; machine_max_feedrate_x = 500,200
; machine_max_feedrate_y = 500,200
; machine_max_feedrate_z = 12,12
; machine_max_jerk_e = 2.5,2.5
; machine_max_jerk_x = 10,10
; machine_max_jerk_y = 10,10
; machine_max_jerk_z = 0.2,0.4
; machine_min_extruding_rate = 0,0
; machine_min_travel_rate = 0,0
; max_fan_speed = 100
; max_layer_height = 0
; max_print_height = 300
; max_print_speed = 80
; max_volumetric_extrusion_rate_slope_negative = 0
; max_volumetric_extrusion_rate_slope_positive = 0
; max_volumetric_speed = 0
; min_bead_width = 85%
; min_fan_speed = 35
; min_feature_size = 25%
; min_layer_height = 0.07
; min_print_speed = 10
; min_skirt_length = 0
; mmu_segmented_region_interlocking_depth = 0
; mmu_segmented_region_max_width = 0
; multimaterial_purging = 140
; notes = 
; nozzle_diameter = 0.4
; only_retract_when_crossing_perimeters = 0
; ooze_prevention = 0
; output_filename_format = [input_filename_base].gcode
; overhang_fan_speed_0 = 0
; overhang_fan_speed_1 = 0
; overhang_fan_speed_2 = 0
; overhang_fan_speed_3 = 0
; overhang_speed_0 = 15
; overhang_speed_1 = 15
; overhang_speed_2 = 20
; overhang_speed_3 = 25
; overhangs = 1
; parking_pos_retraction = 92
; pause_print_gcode = M601
; perimeter_acceleration = 0
; perimeter_extruder = 1
; perimeter_extrusion_width = 0.45
; perimeter_generator = arachne
; perimeter_speed = 60
; perimeters = 3
; physical_printer_settings_id = 
; post_process = 
; print_settings_id = 3D_Home_RED_con_Soportes
; printer_model = 
; printer_notes = 
; printer_settings_id = goofoo
; printer_technology = FFF
; printer_variant = 
; printer_vendor = 
; raft_contact_distance = 0.1
; raft_expansion = 1.5
; raft_first_layer_density = 90%
; raft_first_layer_expansion = 3
; raft_layers = 0
; remaining_times = 0
; resolution = 0
; retract_before_travel = 2
; retract_before_wipe = 0%
; retract_layer_change = 0
; retract_length = 2
; retract_length_toolchange = 10
; retract_lift = 0
; retract_lift_above = 0
; retract_lift_below = 0
; retract_restart_extra = 0
; retract_restart_extra_toolchange = 0
; retract_speed = 40
; seam_position = aligned
; silent_mode = 1
; single_extruder_multi_material = 0
; single_extruder_multi_material_priming = 1
; skirt_distance = 6
; skirt_height = 1
; skirts = 1
; slice_closing_radius = 0.049
; slicing_mode = regular
; slowdown_below_layer_time = 5
; small_perimeter_speed = 15
; solid_infill_acceleration = 0
; solid_infill_below_area = 70
; solid_infill_every_layers = 0
; solid_infill_extruder = 1
; solid_infill_extrusion_width = 0.45
; solid_infill_speed = 20
; spiral_vase = 0
; staggered_inner_seams = 0
; standby_temperature_delta = -5
; start_filament_gcode = "; Filament gcode\n"
; start_gcode = G28 ; home all axes\nG1 Z5 F5000 ; lift nozzle\n
; support_material = 0
; support_material_angle = 0
; support_material_auto = 0
; support_material_bottom_contact_distance = 0
; support_material_bottom_interface_layers = -1
; support_material_buildplate_only = 0
; support_material_closing_radius = 2
; support_material_contact_distance = 0.2
; support_material_enforce_layers = 0
; support_material_extruder = 1
; support_material_extrusion_width = 0.4
; support_material_interface_contact_loops = 0
; support_material_interface_extruder = 1
; support_material_interface_layers = 3
; support_material_interface_pattern = rectilinear
; support_material_interface_spacing = 0
; support_material_interface_speed = 100%
; support_material_pattern = rectilinear
; support_material_spacing = 2.5
; support_material_speed = 60
; support_material_style = grid
; support_material_synchronize_layers = 0
; support_material_threshold = 0
; support_material_with_sheath = 1
; support_material_xy_spacing = 50%
; support_tree_angle = 40
; support_tree_angle_slow = 25
; support_tree_branch_diameter = 2
; support_tree_branch_diameter_angle = 5
; support_tree_branch_diameter_double_wall = 3
; support_tree_branch_distance = 1
; support_tree_tip_diameter = 0.8
; support_tree_top_rate = 15%
; temperature = 200
; template_custom_gcode = 
; thick_bridges = 1
; thin_walls = 1
; thumbnails = 
; thumbnails_format = PNG
; toolchange_gcode = 
; top_fill_pattern = monotonic
; top_infill_extrusion_width = 0.4
; top_solid_infill_acceleration = 0
; top_solid_infill_speed = 15
; top_solid_layers = 3
; top_solid_min_thickness = 0
; travel_acceleration = 0
; travel_lift_before_obstacle = 0
; travel_max_lift = 0
; travel_ramping_lift = 0
; travel_slope = 0
; travel_speed = 130
; travel_speed_z = 0
; use_firmware_retraction = 0
; use_relative_e_distances = 0
; use_volumetric_e = 0
; variable_layer_height = 1
; wall_distribution_count = 1
; wall_transition_angle = 10
; wall_transition_filter_deviation = 25%
; wall_transition_length = 100%
; wipe = 0
; wipe_into_infill = 0
; wipe_into_objects = 0
; wipe_tower = 0
; wipe_tower_acceleration = 0
; wipe_tower_bridging = 10
; wipe_tower_brim_width = 2
; wipe_tower_cone_angle = 0
; wipe_tower_extra_flow = 100%
; wipe_tower_extra_spacing = 100%
; wipe_tower_extruder = 0
; wipe_tower_no_sparse_layers = 0
; wipe_tower_rotation_angle = 0
; wipe_tower_width = 60
; wipe_tower_x = 180
; wipe_tower_y = 140
; wiping_volumes_matrix = 0
; wiping_volumes_use_custom_matrix = 0
; xy_size_compensation = 0
; z_offset = 0
; prusaslicer_config = end
