;FLAVOR:Marlin
;TIME:757
;Filament used: 0.56897m
;Layer height: 0.2
;Generated with Cura_SteamEngine 0.0.0
M140 S35
M105
M190 S35
M104 S198
M105
M109 S198
M82 ;absolute extrusion mode
G28 ;Home
G1 Z15.0 F6000 ;Move the platform down 15mm
;Prime the extruder
G92 E0
G1 F200 E3
G92 E0
G92 E0
;LAYER_COUNT:39
;LAYER:-5
M107
G0 F7200 X89.244 Y89.34 Z0.012
;TYPE:SUPPORT-INTERFACE
G1 F900 X89.454 Y89.137 E0.00117
G1 X89.749 Y88.878 E0.00273
G1 X89.964 Y88.711 E0.00382
G1 X90.195 Y88.555 E0.00493
G1 X90.463 Y88.397 E0.00617
G1 X90.72 Y88.267 E0.00732
G1 X90.99 Y88.151 E0.0085
G1 X91.246 Y88.059 E0.00958
G1 X91.538 Y87.975 E0.01079
G1 X91.799 Y87.919 E0.01186
G1 X92.119 Y87.871 E0.01315
G1 X92.587 Y87.835 E0.01502
G1 X92.779 Y87.828 E0.01579
G1 X93.277 Y87.832 E0.01778
G1 X93.652 Y87.856 E0.01928
G1 X94.525 Y87.965 E0.02279
G1 X94.527 Y87.945 E0.02287
G1 X94.905 Y87.981 E0.02439
G1 X105.077 Y87.981 E0.06498
G1 X105.792 Y87.931 E0.06785
G1 X106.274 Y87.864 E0.06979
G1 X106.872 Y87.828 E0.07218
G1 X107.388 Y87.832 E0.07424
G1 X107.765 Y87.856 E0.07575
G1 X108.063 Y87.893 E0.07694
G1 X108.347 Y87.948 E0.0781
G1 X108.638 Y88.024 E0.0793
G1 X108.896 Y88.108 E0.08038
G1 X109.175 Y88.219 E0.08158
G1 X109.433 Y88.341 E0.08272
G1 X109.692 Y88.485 E0.0839
G1 X109.911 Y88.624 E0.08494
G1 X110.177 Y88.822 E0.08626
G1 X110.66 Y89.244 E0.08882
G1 X110.863 Y89.454 E0.08999
G1 X111.122 Y89.749 E0.09155
G1 X111.289 Y89.964 E0.09264
G1 X111.445 Y90.195 E0.09375
G1 X111.603 Y90.463 E0.09499
G1 X111.735 Y90.722 E0.09615
G1 X111.838 Y90.961 E0.09719
G1 X111.943 Y91.253 E0.09843
G1 X112.024 Y91.535 E0.0996
G1 X112.08 Y91.789 E0.10064
G1 X112.129 Y92.119 E0.10197
G1 X112.165 Y92.58 E0.10382
G1 X112.172 Y92.765 E0.10456
G1 X112.168 Y93.277 E0.1066
G1 X112.145 Y93.644 E0.10807
G1 X112.035 Y94.525 E0.11161
G1 X112.055 Y94.527 E0.11169
G1 X112.019 Y94.905 E0.11321
G1 X112.019 Y105.077 E0.15381
G1 X112.069 Y105.792 E0.15667
G1 X112.136 Y106.274 E0.15861
G1 X112.172 Y106.872 E0.161
G1 X112.168 Y107.388 E0.16306
G1 X112.144 Y107.765 E0.16457
G1 X112.107 Y108.063 E0.16577
G1 X112.052 Y108.347 E0.16692
G1 X111.976 Y108.638 E0.16812
G1 X111.892 Y108.896 E0.1692
G1 X111.781 Y109.175 E0.1704
G1 X111.659 Y109.433 E0.17154
G1 X111.515 Y109.692 E0.17272
G1 X111.376 Y109.911 E0.17376
G1 X111.178 Y110.177 E0.17508
G1 X110.756 Y110.66 E0.17764
G1 X110.546 Y110.863 E0.17881
G1 X110.253 Y111.12 E0.18036
G1 X110.036 Y111.289 E0.18146
G1 X109.805 Y111.445 E0.18257
G1 X109.537 Y111.603 E0.18382
G1 X109.28 Y111.733 E0.18497
G1 X109.011 Y111.848 E0.18613
G1 X108.754 Y111.941 E0.18722
G1 X108.462 Y112.025 E0.18844
G1 X108.201 Y112.081 E0.1895
G1 X107.881 Y112.129 E0.19079
G1 X107.413 Y112.165 E0.19267
G1 X107.221 Y112.172 E0.19343
G1 X106.723 Y112.168 E0.19542
G1 X106.348 Y112.144 E0.19692
G1 X105.475 Y112.035 E0.20043
G1 X105.473 Y112.055 E0.20051
G1 X105.095 Y112.019 E0.20203
G1 X94.923 Y112.019 E0.24263
G1 X94.208 Y112.069 E0.24549
G1 X93.726 Y112.136 E0.24743
G1 X93.129 Y112.172 E0.24982
G1 X92.738 Y112.172 E0.25138
G1 X92.235 Y112.144 E0.25339
G1 X91.937 Y112.107 E0.25459
G1 X91.653 Y112.052 E0.25574
G1 X91.362 Y111.976 E0.25694
G1 X91.102 Y111.891 E0.25803
G1 X90.825 Y111.781 E0.25922
G1 X90.566 Y111.658 E0.26037
G1 X90.308 Y111.515 E0.26154
G1 X90.089 Y111.376 E0.26258
G1 X89.823 Y111.178 E0.2639
G1 X89.34 Y110.756 E0.26646
G1 X89.129 Y110.537 E0.26768
G1 X88.878 Y110.251 E0.2692
G1 X88.711 Y110.036 E0.27028
G1 X88.552 Y109.8 E0.27142
G1 X88.397 Y109.537 E0.27264
G1 X88.267 Y109.28 E0.27379
G1 X88.151 Y109.01 E0.27496
G1 X88.059 Y108.754 E0.27604
G1 X87.975 Y108.462 E0.27726
G1 X87.919 Y108.201 E0.27832
G1 X87.871 Y107.881 E0.27961
G1 X87.834 Y107.403 E0.28153
G1 X87.828 Y107.235 E0.2822
G1 X87.832 Y106.723 E0.28424
G1 X87.855 Y106.356 E0.28571
G1 X87.965 Y105.475 E0.28925
G1 X87.945 Y105.473 E0.28933
G1 X87.981 Y105.095 E0.29085
G1 X87.981 Y94.923 E0.33145
G1 X87.931 Y94.208 E0.33431
G1 X87.864 Y93.726 E0.33625
G1 X87.828 Y93.129 E0.33864
G1 X87.832 Y92.612 E0.3407
G1 X87.856 Y92.235 E0.34221
G1 X87.893 Y91.937 E0.34341
G1 X87.948 Y91.653 E0.34456
G1 X88.024 Y91.362 E0.34576
G1 X88.108 Y91.104 E0.34685
G1 X88.219 Y90.825 E0.34804
G1 X88.341 Y90.567 E0.34918
G1 X88.48 Y90.317 E0.35033
G1 X88.632 Y90.079 E0.35145
G1 X88.822 Y89.823 E0.35272
G1 X89.244 Y89.34 E0.35528
G0 F7200 X89.6 Y89.008
G1 F900 X89.6 Y110.983 E0.44299
G0 F7200 X91.2 Y111.923
G1 F900 X91.2 Y88.075 E0.53817
G0 F7200 X92.8 Y87.829
G1 F900 X92.8 Y112.172 E0.63533
G0 F7200 X94.4 Y112.056
G1 F900 X94.4 Y87.95 E0.73154
G0 F7200 X96 Y87.981
G1 F900 X96 Y112.019 E0.82749
G0 F7200 X97.6 Y112.019
G1 F900 X97.6 Y87.981 E0.92343
G0 F7200 X99.2 Y87.981
G1 F900 X99.2 Y112.019 E1.01937
G0 F7200 X100.8 Y112.019
G1 F900 X100.8 Y87.981 E1.11531
G0 F7200 X102.4 Y87.981
G1 F900 X102.4 Y112.019 E1.21125
G0 F7200 X104 Y112.019
G1 F900 X104 Y87.981 E1.30719
G0 F7200 X105.6 Y87.944
G1 F900 X105.6 Y112.05 E1.4034
G0 F7200 X107.2 Y112.171
G1 F900 X107.2 Y87.831 E1.50055
G0 F7200 X108.8 Y88.077
G1 F900 X108.8 Y111.925 E1.59573
G0 F7200 X110.4 Y110.992
G1 F900 X110.4 Y89.017 E1.68344
G0 F7200 X112 Y91.452
G1 F900 X112 Y108.547 E1.75167
G0 F7200 X88 Y108.548
G1 F900 X88 Y91.453 E1.8199
G0 F7200 X109.711 Y88.497
;TIME_ELAPSED:32.477588
;LAYER:-4
M140 S30
G0 X109.711 Y88.497 Z0.312
;TYPE:SUPPORT
G1 F900 X109.691 Y88.485 E1.82222
G1 X109.432 Y88.34 E1.85184
G1 X109.174 Y88.218 E1.88032
G1 X108.895 Y88.107 E1.91028
G1 X108.637 Y88.024 E1.93732
G1 X108.346 Y87.947 E1.96736
G1 X108.062 Y87.892 E1.99622
G1 X107.763 Y87.855 E2.02628
G1 X107.647 Y87.848 E2.03788
G1 X112.146 Y92.347 E2.67274
G1 X112.164 Y92.58 E2.69605
G1 X112.171 Y92.765 E2.71453
G1 X112.166 Y93.277 E2.76562
G1 X112.144 Y93.643 E2.8022
G1 X112.131 Y93.746 E2.81256
G1 X106.252 Y87.867 E3.64215
G1 X105.79 Y87.93 E3.68868
G1 X105.076 Y87.981 E3.7601
G1 X104.951 Y87.981 E3.77257
G1 X112.018 Y95.047 E4.76973
G1 X112.018 Y96.462 E4.91092
G1 X103.537 Y87.981 E6.10768
G1 X102.123 Y87.981 E6.24877
G1 X112.018 Y97.876 E7.64506
G1 X112.018 Y99.29 E7.78615
G1 X100.708 Y87.981 E9.38205
G1 X99.294 Y87.981 E9.52314
G1 X112.018 Y100.704 E11.31856
G1 X112.018 Y102.118 E11.45965
G1 X97.88 Y87.981 E13.4546
G1 X96.466 Y87.981 E13.59569
G1 X112.018 Y103.533 E15.79025
G1 X112.018 Y104.947 E15.93134
G1 X95.052 Y87.981 E18.32542
G1 X94.904 Y87.98 E18.34019
G1 X94.526 Y87.944 E18.37808
G1 X94.523 Y87.964 E18.3801
G1 X93.651 Y87.855 E18.46778
G1 X93.503 Y87.846 E18.48258
G1 X112.149 Y106.492 E21.11373
G1 X112.171 Y106.872 E21.15171
G1 X112.166 Y107.388 E21.2032
G1 X112.143 Y107.765 E21.24089
G1 X112.128 Y107.886 E21.25305
G1 X92.114 Y87.872 E24.07724
G1 X91.798 Y87.918 E24.10911
G1 X91.537 Y87.974 E24.13574
G1 X91.245 Y88.058 E24.16606
G1 X90.982 Y88.154 E24.19399
G1 X111.843 Y109.015 E27.13771
G1 X111.78 Y109.175 E27.15486
G1 X111.658 Y109.432 E27.18325
G1 X111.514 Y109.691 E27.21282
G1 X111.374 Y109.911 E27.23884
G1 X111.354 Y109.94 E27.24235
G1 X90.06 Y88.646 E30.24717
G1 X89.963 Y88.71 E30.25876
G1 X89.748 Y88.878 E30.28599
G1 X89.453 Y89.136 E30.32509
G1 X89.292 Y89.292 E30.34746
G1 X110.706 Y110.706 E33.36921
G1 X110.545 Y110.862 E33.39158
G1 X110.252 Y111.119 E33.43047
G1 X110.035 Y111.288 E33.45791
G1 X109.938 Y111.353 E33.46956
G1 X88.645 Y90.059 E36.4743
G1 X88.631 Y90.078 E36.47666
G1 X88.48 Y90.315 E36.5047
G1 X88.34 Y90.566 E36.53338
G1 X88.219 Y90.824 E36.56181
G1 X88.155 Y90.984 E36.579
G1 X109.016 Y111.844 E39.52265
G1 X108.753 Y111.939 E39.55055
G1 X108.461 Y112.024 E39.58089
G1 X108.2 Y112.079 E39.60751
G1 X107.884 Y112.127 E39.6394
G1 X87.87 Y92.113 E42.46359
G1 X87.855 Y92.234 E42.47576
G1 X87.832 Y92.611 E42.51345
G1 X87.827 Y93.128 E42.56503
G1 X87.85 Y93.507 E42.60292
G1 X106.495 Y112.152 E45.23393
G1 X106.348 Y112.143 E45.24863
G1 X105.474 Y112.033 E45.33652
G1 X105.472 Y112.054 E45.33863
G1 X105.094 Y112.018 E45.37652
G1 X104.947 Y112.018 E45.39118
G1 X87.981 Y95.052 E47.78527
G1 X87.981 Y96.466 E47.92636
G1 X103.533 Y112.018 E50.12091
G1 X102.118 Y112.018 E50.2621
G1 X87.981 Y97.88 E52.25706
G1 X87.981 Y99.294 E52.39815
G1 X100.704 Y112.018 E54.19357
G1 X99.29 Y112.018 E54.33466
G1 X87.981 Y100.708 E55.93055
G1 X87.981 Y102.123 E56.07174
G1 X97.876 Y112.018 E57.46803
G1 X96.462 Y112.018 E57.60912
G1 X87.981 Y103.537 E58.80588
G1 X87.981 Y104.951 E58.94697
G1 X95.047 Y112.018 E59.94413
G1 X94.923 Y112.018 E59.9565
G1 X94.207 Y112.067 E60.02811
G1 X93.746 Y112.131 E60.07455
G1 X87.867 Y106.251 E60.90421
G1 X87.854 Y106.355 E60.91467
G1 X87.832 Y106.722 E60.95136
G1 X87.828 Y107.234 E61.00245
G1 X87.833 Y107.402 E61.01922
G1 X87.853 Y107.652 E61.04424
G1 X92.35 Y112.149 E61.67882
G1 X92.235 Y112.142 E61.69031
G1 X91.936 Y112.106 E61.72036
G1 X91.653 Y112.051 E61.74913
G1 X91.361 Y111.975 E61.77924
G1 X91.101 Y111.89 E61.80653
G1 X90.825 Y111.78 E61.83618
G1 X90.565 Y111.657 E61.86488
G1 X90.308 Y111.514 E61.89422
G1 X90.288 Y111.501 E61.8966
G1 X88.502 Y109.716 E62.14856
G0 F7200 X88.552 Y109.799
G1 F900 X88.71 Y110.035 E62.17689
G1 X88.878 Y110.249 E62.20404
G1 X89.129 Y110.536 E62.24208
G1 X89.34 Y110.755 E62.27243
G1 X89.823 Y111.177 E62.33643
G1 X90.088 Y111.375 E62.36943
G1 X90.288 Y111.501 E62.39302
G0 F7200 X111.498 Y90.284
G1 F900 X109.711 Y88.497 E62.64518
G1 X109.91 Y88.623 E62.66869
G1 X110.176 Y88.821 E62.70177
G1 X110.659 Y89.243 E62.76577
G1 X110.862 Y89.453 E62.79491
G1 X111.121 Y89.749 E62.83416
G1 X111.288 Y89.963 E62.86125
G1 X111.444 Y90.195 E62.88914
G0 F7200 X108.97 Y87.922
;TIME_ELAPSED:73.726513
;LAYER:-3
G0 X108.97 Y87.922 Z0.512
;TYPE:SUPPORT-INTERFACE
G1 F1200 X108.685 Y87.829 E62.89911
G1 X108.39 Y87.752 E62.90925
G1 X108.095 Y87.695 E62.91925
G1 X107.792 Y87.658 E62.9294
G1 X107.388 Y87.632 E62.94286
G1 X106.864 Y87.628 E62.96029
G1 X106.249 Y87.666 E62.98079
G1 X105.772 Y87.732 E62.9968
G1 X105.07 Y87.781 E63.02021
G1 X94.914 Y87.781 E63.358
G1 X94.35 Y87.727 E63.37684
G1 X94.348 Y87.742 E63.37735
G1 X93.681 Y87.658 E63.39971
G1 X93.277 Y87.632 E63.41317
G1 X92.772 Y87.628 E63.42997
G1 X92.573 Y87.635 E63.43659
G1 X92.101 Y87.671 E63.45233
G1 X91.759 Y87.722 E63.46384
G1 X91.488 Y87.781 E63.47306
G1 X91.2 Y87.863 E63.48302
G1 X90.912 Y87.967 E63.4932
G1 X90.835 Y88 E63.49599
G1 X109.167 Y88 E64.10571
G1 X109.24 Y88.029 E64.10833
G1 X109.541 Y88.172 E64.11941
G1 X109.789 Y88.31 E64.12885
G1 X109.931 Y88.4 E64.13444
G1 X90.069 Y88.4 E64.79506
G1 X89.844 Y88.551 E64.80407
G1 X89.608 Y88.735 E64.81402
G1 X89.534 Y88.8 E64.8173
G1 X110.46 Y88.8 E65.5133
G1 X110.662 Y88.974 E65.52217
G1 X110.9 Y89.2 E65.53308
G1 X89.101 Y89.2 E66.25812
G1 X88.751 Y89.6 E66.2758
G1 X111.258 Y89.6 E67.02438
G1 X111.265 Y89.608 E67.02474
G1 X111.449 Y89.844 E67.03469
G1 X111.554 Y90 E67.04094
G1 X88.445 Y90 E67.80955
G1 X88.312 Y90.207 E67.81774
G1 X88.205 Y90.4 E67.82508
G1 X111.797 Y90.4 E68.60975
G1 X111.911 Y90.627 E68.6182
G1 X111.986 Y90.8 E68.62447
G1 X88.014 Y90.8 E69.42178
G1 X87.922 Y91.03 E69.43002
G1 X87.867 Y91.2 E69.43596
G1 X112.137 Y91.2 E70.24319
G1 X112.217 Y91.479 E70.25284
G1 X112.244 Y91.6 E70.25696
G1 X87.755 Y91.6 E71.07147
G0 F7200 X87.753 Y91.604
G1 F1200 X87.694 Y91.911 E71.08187
G1 X87.684 Y92 E71.08485
G1 X112.314 Y92 E71.90404
G1 X112.329 Y92.102 E71.90747
G1 X112.352 Y92.4 E71.91741
G1 X87.646 Y92.4 E72.73914
G1 X87.632 Y92.612 E72.74621
G1 X87.631 Y92.8 E72.75246
G1 X112.371 Y92.8 E73.57532
G1 X112.368 Y93.2 E73.58862
G1 X87.631 Y93.2 E74.41138
G1 X87.656 Y93.6 E74.42471
G1 X112.347 Y93.6 E75.24593
G1 X112.342 Y93.681 E75.24863
G1 X112.301 Y94 E75.25933
G1 X87.7 Y94 E76.07756
G1 X87.732 Y94.228 E76.08522
G1 X87.744 Y94.4 E76.09095
G1 X112.268 Y94.4 E76.90662
G1 X112.229 Y94.8 E76.91999
G1 X87.771 Y94.8 E77.73347
G1 X87.781 Y94.93 E77.7378
G1 X87.781 Y95.2 E77.74678
G1 X112.219 Y95.2 E78.5596
G1 X112.219 Y95.6 E78.5729
G1 X87.781 Y95.6 E79.38571
G1 X87.781 Y96 E79.39902
G1 X112.219 Y96 E80.21183
G1 X112.219 Y96.4 E80.22513
G1 X87.781 Y96.4 E81.03794
G1 X87.781 Y96.8 E81.05125
G1 X112.219 Y96.8 E81.86406
G1 X112.219 Y97.2 E81.87736
G1 X87.781 Y97.2 E82.69017
G1 X87.781 Y97.6 E82.70348
G1 X112.219 Y97.6 E83.51629
G1 X112.219 Y98 E83.52959
G1 X87.781 Y98 E84.3424
G1 X87.781 Y98.4 E84.35571
G1 X112.219 Y98.4 E85.16852
G1 X112.219 Y98.8 E85.18182
G1 X87.781 Y98.8 E85.99463
G1 X87.781 Y99.2 E86.00794
G1 X112.219 Y99.2 E86.82075
G1 X112.219 Y99.6 E86.83405
G1 X87.781 Y99.6 E87.64686
G1 X87.781 Y100 E87.66017
G1 X112.219 Y100 E88.47298
G1 X112.219 Y100.4 E88.48628
G1 X87.781 Y100.4 E89.29909
G1 X87.781 Y100.8 E89.3124
G1 X112.219 Y100.8 E90.12521
G1 X112.219 Y101.2 E90.13851
G1 X87.781 Y101.2 E90.95132
G1 X87.781 Y101.6 E90.96463
G1 X112.219 Y101.6 E91.77744
G1 X112.219 Y102 E91.79074
G1 X87.781 Y102 E92.60355
G1 X87.781 Y102.4 E92.61686
G1 X112.219 Y102.4 E93.42967
G1 X112.219 Y102.8 E93.44297
G1 X87.781 Y102.8 E94.25579
G1 X87.781 Y103.2 E94.26909
G1 X112.219 Y103.2 E95.0819
G1 X112.219 Y103.6 E95.0952
G1 X87.781 Y103.6 E95.90802
G1 X87.781 Y104 E95.92132
G1 X112.219 Y104 E96.73413
G1 X112.219 Y104.4 E96.74744
G1 X87.781 Y104.4 E97.56025
G1 X87.781 Y104.8 E97.57355
G1 X112.219 Y104.8 E98.38636
G1 X112.219 Y105.07 E98.39534
G1 X112.229 Y105.2 E98.39968
G1 X87.771 Y105.2 E99.21315
G1 X87.732 Y105.6 E99.22652
G1 X112.256 Y105.6 E100.04219
G1 X112.268 Y105.772 E100.04793
G1 X112.3 Y106 E100.05559
G1 X87.699 Y106 E100.87382
G1 X87.658 Y106.319 E100.88452
G1 X87.653 Y106.4 E100.88721
G1 X112.344 Y106.4 E101.70844
G1 X112.369 Y106.8 E101.72177
G1 X87.632 Y106.8 E102.54453
G1 X87.629 Y107.2 E102.55783
G1 X112.369 Y107.2 E103.38069
G1 X112.368 Y107.388 E103.38694
G1 X112.354 Y107.6 E103.39401
G1 X87.648 Y107.6 E104.21573
G1 X87.671 Y107.899 E104.22571
G1 X87.686 Y108 E104.2291
G1 X112.316 Y108 E105.0483
G1 X112.306 Y108.089 E105.05128
G1 X112.248 Y108.39 E105.06147
G1 X112.245 Y108.4 E105.06182
G1 X87.756 Y108.4 E105.87633
G1 X87.78 Y108.509 E105.88004
G1 X87.863 Y108.8 E105.8901
G1 X112.133 Y108.8 E106.69733
G1 X112.078 Y108.97 E106.70327
G1 X111.986 Y109.2 E106.71151
G1 X88.014 Y109.2 E107.50882
G1 X88.089 Y109.373 E107.51509
G1 X88.203 Y109.6 E107.52354
G1 X111.795 Y109.6 E108.30822
G1 X111.694 Y109.783 E108.31517
G1 X111.555 Y110 E108.32374
G1 X88.446 Y110 E109.09235
G1 X88.551 Y110.156 E109.0986
G1 X88.735 Y110.392 E109.10855
G1 X88.742 Y110.4 E109.10891
G1 X111.249 Y110.4 E109.85749
G1 X110.899 Y110.8 E109.87517
G1 X89.1 Y110.8 E110.60021
G1 X89.338 Y111.026 E110.61113
G1 X89.54 Y111.2 E110.61999
G1 X110.466 Y111.2 E111.31599
G1 X110.392 Y111.265 E111.31927
G1 X110.156 Y111.449 E111.32922
G1 X109.931 Y111.6 E111.33824
G1 X90.069 Y111.6 E111.99885
G1 X90.211 Y111.69 E112.00444
G1 X90.459 Y111.828 E112.01388
G1 X90.76 Y111.971 E112.02496
G1 X90.832 Y112 E112.02755
G1 X109.165 Y112 E112.6373
G1 X109.089 Y112.033 E112.64006
G1 X108.8 Y112.137 E112.65028
G1 X108.515 Y112.218 E112.66013
G1 X108.241 Y112.278 E112.66946
G1 X107.899 Y112.329 E112.68096
G1 X107.427 Y112.365 E112.6967
G1 X107.228 Y112.372 E112.70333
G1 X106.723 Y112.368 E112.72012
G1 X106.319 Y112.342 E112.73359
G1 X105.652 Y112.258 E112.75595
G1 X105.65 Y112.273 E112.75645
G1 X105.086 Y112.219 E112.7753
G1 X94.93 Y112.219 E113.11309
G1 X94.228 Y112.268 E113.13649
G1 X93.751 Y112.334 E113.15251
G1 X93.137 Y112.372 E113.17297
G1 X92.612 Y112.368 E113.19043
G1 X92.208 Y112.342 E113.2039
G1 X91.905 Y112.305 E113.21405
G1 X91.61 Y112.248 E113.22404
G1 X91.313 Y112.17 E113.23425
G1 X91.029 Y112.078 E113.24418
G0 F7200 X87.921 Y91.029
;TIME_ELAPSED:149.764009
;LAYER:-2
G0 X87.921 Y91.029 Z0.712
;TYPE:SUPPORT-INTERFACE
G1 F1200 X87.828 Y91.314 E113.25415
G1 X87.752 Y91.603 E113.26409
G1 X87.693 Y91.91 E113.27449
G1 X87.657 Y92.207 E113.28444
G1 X87.631 Y92.611 E113.29791
G1 X87.627 Y93.143 E113.3156
G1 X87.665 Y93.75 E113.33583
G1 X87.731 Y94.227 E113.35185
G1 X87.78 Y94.929 E113.37525
G1 X87.78 Y105.085 E113.71304
G1 X87.726 Y105.649 E113.73189
G1 X87.741 Y105.651 E113.73239
G1 X87.657 Y106.318 E113.75475
G1 X87.631 Y106.722 E113.76821
G1 X87.627 Y107.234 E113.78524
G1 X87.634 Y107.426 E113.79163
G1 X87.67 Y107.898 E113.80738
G1 X87.721 Y108.239 E113.81885
G1 X87.779 Y108.508 E113.828
G1 X87.861 Y108.795 E113.83793
G1 X87.966 Y109.087 E113.84825
G1 X87.999 Y109.164 E113.85103
G1 X87.999 Y90.832 E114.46076
G1 X88.027 Y90.762 E114.46327
G1 X88.171 Y90.458 E114.47445
G1 X88.311 Y90.206 E114.48404
G1 X88.399 Y90.068 E114.48949
G1 X88.399 Y109.93 E115.1501
G1 X88.55 Y110.155 E115.15911
G1 X88.734 Y110.391 E115.16906
G1 X88.799 Y110.463 E115.17229
G1 X88.799 Y89.542 E115.86813
G1 X89.101 Y89.197 E115.88338
G1 X89.199 Y89.102 E115.88792
G1 X89.199 Y110.893 E116.61269
G1 X89.337 Y111.025 E116.61904
G1 X89.599 Y111.249 E116.6305
G1 X89.599 Y88.741 E117.37912
G1 X89.607 Y88.734 E117.37948
G1 X89.843 Y88.55 E117.38943
G1 X89.999 Y88.445 E117.39568
G1 X89.999 Y111.554 E118.16429
G1 X90.21 Y111.689 E118.17262
G1 X90.399 Y111.794 E118.17982
G1 X90.399 Y88.202 E118.96449
G1 X90.626 Y88.088 E118.97294
G1 X90.799 Y88.013 E118.97921
G1 X90.799 Y111.985 E119.77652
G1 X91.028 Y112.077 E119.78473
G1 X91.199 Y112.132 E119.7907
G1 X91.199 Y87.862 E120.59793
G1 X91.487 Y87.78 E120.60789
G1 X91.599 Y87.755 E120.6117
G1 X91.599 Y112.244 E121.42621
G1 X91.609 Y112.247 E121.42656
G1 X91.904 Y112.304 E121.43655
G1 X91.999 Y112.315 E121.43973
G1 X91.999 Y87.685 E122.25893
G1 X92.1 Y87.67 E122.26232
G1 X92.399 Y87.647 E122.2723
G1 X92.399 Y112.353 E123.09402
G1 X92.611 Y112.367 E123.10109
G1 X92.799 Y112.368 E123.10734
G1 X92.799 Y87.628 E123.9302
G1 X93.199 Y87.631 E123.9435
G1 X93.199 Y112.368 E124.76626
G1 X93.599 Y112.343 E124.77959
G1 X93.599 Y87.652 E125.60082
G1 X93.68 Y87.657 E125.60351
G1 X93.999 Y87.698 E125.61421
G1 X93.999 Y112.299 E126.43244
G1 X94.227 Y112.267 E126.4401
G1 X94.399 Y112.255 E126.44584
G1 X94.399 Y87.731 E127.26151
G1 X94.799 Y87.77 E127.27488
G1 X94.799 Y112.228 E128.08835
G1 X94.929 Y112.218 E128.09269
G1 X95.199 Y112.218 E128.10167
G1 X95.199 Y87.78 E128.91448
G1 X95.599 Y87.78 E128.92778
G1 X95.599 Y112.218 E129.7406
G1 X95.999 Y112.218 E129.7539
G1 X95.999 Y87.78 E130.56671
G1 X96.399 Y87.78 E130.58001
G1 X96.399 Y112.218 E131.39283
G1 X96.799 Y112.218 E131.40613
G1 X96.799 Y87.78 E132.21894
G1 X97.199 Y87.78 E132.23224
G1 X97.199 Y112.218 E133.04506
G1 X97.599 Y112.218 E133.05836
G1 X97.599 Y87.78 E133.87117
G1 X97.999 Y87.78 E133.88448
G1 X97.999 Y112.218 E134.69729
G1 X98.399 Y112.218 E134.71059
G1 X98.399 Y87.78 E135.5234
G1 X98.799 Y87.78 E135.53671
G1 X98.799 Y112.218 E136.34952
G1 X99.199 Y112.218 E136.36282
G1 X99.199 Y87.78 E137.17563
G1 X99.599 Y87.78 E137.18894
G1 X99.599 Y112.218 E138.00175
G1 X99.999 Y112.218 E138.01505
G1 X99.999 Y87.78 E138.82786
G1 X100.399 Y87.78 E138.84117
G1 X100.399 Y112.218 E139.65398
G1 X100.799 Y112.218 E139.66728
G1 X100.799 Y87.78 E140.48009
G1 X101.199 Y87.78 E140.4934
G1 X101.199 Y112.218 E141.30621
G1 X101.599 Y112.218 E141.31951
G1 X101.599 Y87.78 E142.13232
G1 X101.999 Y87.78 E142.14563
G1 X101.999 Y112.218 E142.95844
G1 X102.399 Y112.218 E142.97174
G1 X102.399 Y87.78 E143.78455
G1 X102.799 Y87.78 E143.79786
G1 X102.799 Y112.218 E144.61067
G1 X103.199 Y112.218 E144.62397
G1 X103.199 Y87.78 E145.43678
G1 X103.599 Y87.78 E145.45009
G1 X103.599 Y112.218 E146.2629
G1 X103.999 Y112.218 E146.2762
G1 X103.999 Y87.78 E147.08902
G1 X104.399 Y87.78 E147.10232
G1 X104.399 Y112.218 E147.91513
G1 X104.799 Y112.218 E147.92843
G1 X104.799 Y87.78 E148.74125
G1 X105.069 Y87.78 E148.75023
G1 X105.199 Y87.77 E148.75456
G1 X105.199 Y112.228 E149.56804
G1 X105.599 Y112.267 E149.58141
G1 X105.599 Y87.743 E150.39708
G1 X105.771 Y87.731 E150.40281
G1 X105.999 Y87.699 E150.41047
G1 X105.999 Y112.3 E151.2287
G1 X106.318 Y112.341 E151.2394
G1 X106.399 Y112.346 E151.2421
G1 X106.399 Y87.655 E152.06332
G1 X106.799 Y87.63 E152.07665
G1 X106.799 Y112.367 E152.89941
G1 X107.199 Y112.37 E152.91272
G1 X107.199 Y87.63 E153.73557
G1 X107.387 Y87.631 E153.74182
G1 X107.599 Y87.645 E153.74889
G1 X107.599 Y112.351 E154.57062
G1 X107.898 Y112.328 E154.58059
G1 X107.999 Y112.313 E154.58399
G1 X107.999 Y87.683 E155.40318
G1 X108.094 Y87.694 E155.40636
G1 X108.389 Y87.751 E155.41636
G1 X108.399 Y87.754 E155.4167
G1 X108.399 Y112.243 E156.23121
G1 X108.514 Y112.217 E156.23513
G1 X108.799 Y112.136 E156.24499
G1 X108.799 Y87.866 E157.05221
G1 X108.969 Y87.921 E157.05815
G1 X109.199 Y88.013 E157.06639
G1 X109.199 Y111.985 E157.8637
G1 X109.372 Y111.91 E157.86998
G1 X109.599 Y111.796 E157.87842
G1 X109.599 Y88.204 E158.6631
G1 X109.788 Y88.309 E158.67029
G1 X109.999 Y88.444 E158.67862
G1 X109.999 Y111.553 E159.44723
G1 X110.155 Y111.448 E159.45348
G1 X110.391 Y111.264 E159.46344
G1 X110.399 Y111.257 E159.46379
G1 X110.399 Y88.749 E160.21241
G1 X110.661 Y88.973 E160.22387
G1 X110.799 Y89.105 E160.23023
G1 X110.799 Y110.896 E160.955
G1 X110.897 Y110.801 E160.95954
G1 X111.199 Y110.456 E160.97479
G1 X111.199 Y89.535 E161.67062
G1 X111.264 Y89.607 E161.67385
G1 X111.448 Y89.843 E161.6838
G1 X111.599 Y90.068 E161.69281
G1 X111.599 Y109.93 E162.35343
G1 X111.693 Y109.782 E162.35926
G1 X111.828 Y109.539 E162.3685
G1 X111.971 Y109.236 E162.37965
G1 X111.999 Y109.166 E162.38216
G1 X111.999 Y90.833 E162.99191
G1 X112.03 Y90.904 E162.99449
G1 X112.133 Y91.19 E163.0046
G1 X112.216 Y91.478 E163.01457
G1 X112.275 Y91.746 E163.0237
G1 X112.328 Y92.101 E163.03563
G1 X112.364 Y92.572 E163.05135
G1 X112.371 Y92.764 E163.05774
G1 X112.367 Y93.276 E163.07477
G1 X112.341 Y93.68 E163.08823
G1 X112.257 Y94.347 E163.11059
G1 X112.272 Y94.349 E163.11109
G1 X112.218 Y94.913 E163.12994
G1 X112.218 Y105.069 E163.46773
G1 X112.267 Y105.771 E163.49113
G1 X112.333 Y106.248 E163.50715
G1 X112.371 Y106.856 E163.52741
G1 X112.367 Y107.387 E163.54507
G1 X112.341 Y107.791 E163.55854
G1 X112.305 Y108.088 E163.56849
G1 X112.247 Y108.389 E163.57868
G1 X112.17 Y108.684 E163.58882
G1 X112.077 Y108.969 E163.5988
G0 F7200 X112.438 Y108.77
G0 X92.628 Y92.744
;TIME_ELAPSED:225.848503
;LAYER:-1
M106 S255
G0 X92.628 Y92.744 Z0.972
;TYPE:SUPPORT
G1 F600 X92.744 Y92.628 E163.60589
G1 X93.107 Y92.628 E163.62158
G1 X92.628 Y93.107 E163.65087
G1 X92.628 Y92.744 E163.66657
G0 F7200 X92.628 Y106.893
G1 F600 X93.107 Y107.372 E163.69586
G1 X92.744 Y107.372 E163.71156
G1 X92.628 Y107.256 E163.71865
G1 X92.628 Y106.893 E163.73434
G0 F7200 X106.893 Y107.372
G1 F600 X107.372 Y106.893 E163.76363
G1 X107.372 Y107.256 E163.77933
G1 X107.256 Y107.372 E163.78642
G1 X106.893 Y107.372 E163.80212
G0 F7200 X106.893 Y92.628
G1 F600 X107.256 Y92.628 E163.81781
G1 X107.372 Y92.744 E163.82491
G1 X107.372 Y93.107 E163.8406
G1 X106.893 Y92.628 E163.86989
G0 F7200 X98.135 Y99.259
;TIME_ELAPSED:227.132163
;LAYER:0
;MESH:Push.stl
G0 F3600 X98.135 Y99.259 Z1.222
;TYPE:WALL-INNER
G1 F1200 X98.03 Y99.634 E163.87054
G1 X97.995 Y100 E163.87115
G1 X98.03 Y100.368 E163.87177
G1 X98.135 Y100.741 E163.87241
G1 X98.324 Y101.1 E163.87308
G1 X98.581 Y101.417 E163.87376
G1 X98.902 Y101.678 E163.87445
G1 X99.262 Y101.865 E163.87513
G1 X99.634 Y101.97 E163.87577
G1 X99.995 Y102.005 E163.87637
G1 X100.364 Y101.972 E163.87699
G1 X100.743 Y101.863 E163.87764
G1 X101.1 Y101.676 E163.87831
G1 X101.418 Y101.417 E163.879
G1 X101.673 Y101.101 E163.87967
G1 X101.863 Y100.742 E163.88035
G1 X101.97 Y100.368 E163.88099
G1 X102.005 Y99.999 E163.88161
G1 X101.97 Y99.633 E163.88222
G1 X101.865 Y99.261 E163.88286
G1 X101.677 Y98.9 E163.88354
G1 X101.416 Y98.58 E163.88423
G1 X101.099 Y98.323 E163.88491
G1 X100.739 Y98.135 E163.88558
G1 X100.367 Y98.03 E163.88622
G1 X100 Y97.995 E163.88684
G1 X99.632 Y98.03 E163.88745
G1 X99.259 Y98.135 E163.8881
G1 X98.899 Y98.325 E163.88877
G1 X98.582 Y98.583 E163.88945
G1 X98.327 Y98.898 E163.89013
G1 X98.135 Y99.259 E163.89081
G0 F3600 X98.509 Y99.408
G1 F1200 X98.425 Y99.708 E163.89133
G1 X98.397 Y100 E163.89181
G1 X98.425 Y100.294 E163.8923
G1 X98.509 Y100.592 E163.89282
G1 X98.66 Y100.879 E163.89336
G1 X98.866 Y101.133 E163.8939
G1 X99.123 Y101.342 E163.89445
G1 X99.41 Y101.491 E163.89499
G1 X99.708 Y101.575 E163.89551
G1 X99.997 Y101.603 E163.89599
G1 X100.29 Y101.577 E163.89648
G1 X100.593 Y101.49 E163.897
G1 X100.879 Y101.34 E163.89754
G1 X101.133 Y101.133 E163.89808
G1 X101.338 Y100.88 E163.89863
G1 X101.49 Y100.592 E163.89917
G1 X101.575 Y100.294 E163.89968
G1 X101.603 Y99.999 E163.90018
G1 X101.575 Y99.707 E163.90066
G1 X101.491 Y99.409 E163.90118
G1 X101.341 Y99.121 E163.90172
G1 X101.132 Y98.865 E163.90227
G1 X100.878 Y98.659 E163.90281
G1 X100.591 Y98.509 E163.90335
G1 X100.293 Y98.425 E163.90387
G1 X100 Y98.397 E163.90435
G1 X99.706 Y98.425 E163.90485
G1 X99.408 Y98.509 E163.90536
G1 X99.121 Y98.66 E163.9059
G1 X98.867 Y98.867 E163.90645
G1 X98.662 Y99.12 E163.90699
G1 X98.509 Y99.408 E163.90753
G0 F3600 X98.883 Y99.557
;TYPE:WALL-OUTER
G1 F1200 X98.82 Y99.782 E163.90792
G1 X98.799 Y100 E163.90828
G1 X98.82 Y100.22 E163.90865
G1 X98.883 Y100.443 E163.90903
G1 X98.996 Y100.658 E163.90944
G1 X99.151 Y100.849 E163.90985
G1 X99.344 Y101.006 E163.91026
G1 X99.558 Y101.117 E163.91066
G1 X99.782 Y101.18 E163.91105
G1 X99.999 Y101.201 E163.91141
G1 X100.217 Y101.182 E163.91178
G1 X100.443 Y101.117 E163.91217
G1 X100.658 Y101.004 E163.91257
G1 X100.849 Y100.849 E163.91298
G1 X101.003 Y100.659 E163.91339
G1 X101.117 Y100.443 E163.91379
G1 X101.18 Y100.22 E163.91418
G1 X101.201 Y99.999 E163.91455
G1 X101.18 Y99.781 E163.91491
G1 X101.117 Y99.557 E163.9153
G1 X101.005 Y99.342 E163.9157
G1 X100.848 Y99.15 E163.91611
G1 X100.657 Y98.995 E163.91652
G1 X100.443 Y98.883 E163.91692
G1 X100.219 Y98.82 E163.91731
G1 X100 Y98.799 E163.91768
G1 X99.78 Y98.82 E163.91805
G1 X99.557 Y98.883 E163.91843
G1 X99.342 Y98.996 E163.91883
G1 X99.151 Y99.151 E163.91924
G1 X98.997 Y99.341 E163.91965
G1 X98.883 Y99.557 E163.92006
G0 F3600 X98.829 Y99.75
G0 X98.405 Y99.632
G0 X98.348 Y99.616
G0 X94.447 Y105.556
;TYPE:WALL-INNER
G1 F1200 X94.447 Y94.444 E163.93854
G1 X105.553 Y94.444 E163.95701
G1 X105.553 Y105.556 E163.97548
G1 X94.447 Y105.556 E163.99395
G0 F3600 X94.047 Y105.956
G1 F1200 X94.047 Y94.044 E164.01376
G1 X105.953 Y94.044 E164.03356
G1 X105.953 Y105.956 E164.05337
G1 X94.047 Y105.956 E164.07317
G0 F3600 X93.647 Y106.356
;TYPE:WALL-OUTER
G1 F1200 X93.647 Y93.644 E164.09431
G1 X106.353 Y93.644 E164.11544
G1 X106.353 Y106.356 E164.13658
G1 X93.647 Y106.356 E164.15771
G0 F3600 X93.647 Y106.156
G0 X94.087 Y105.916
G0 X94.147 Y105.916
G0 X94.837 Y105.166
;TYPE:SKIN
G1 F1200 X94.837 Y94.834 E164.1749
G1 X105.163 Y94.834 E164.19207
G1 X105.163 Y105.166 E164.20925
G1 X94.837 Y105.166 E164.22642
G0 F3600 X98.304 Y101.694
G1 F1200 X98.687 Y102.006 E164.22724
G1 X99.118 Y102.23 E164.22805
G1 X99.562 Y102.354 E164.22882
G1 X99.993 Y102.397 E164.22954
G1 X100.436 Y102.357 E164.23028
G1 X100.889 Y102.227 E164.23106
G1 X101.316 Y102.003 E164.23186
G1 X101.696 Y101.694 E164.23268
G1 X102 Y101.317 E164.23348
G1 X102.227 Y100.888 E164.23429
G1 X102.354 Y100.44 E164.23507
G1 X102.397 Y99.999 E164.2358
G1 X102.354 Y99.561 E164.23653
G1 X102.23 Y99.117 E164.2373
G1 X102.005 Y98.684 E164.23811
G1 X101.693 Y98.303 E164.23893
G1 X101.314 Y97.995 E164.23974
G1 X100.883 Y97.77 E164.24055
G1 X100.439 Y97.646 E164.24132
G1 X100 Y97.603 E164.24205
G1 X99.56 Y97.645 E164.24279
G1 X99.113 Y97.77 E164.24356
G1 X98.683 Y97.998 E164.24437
G1 X98.305 Y98.306 E164.24518
G1 X98 Y98.682 E164.24598
G1 X97.771 Y99.113 E164.2468
G1 X97.645 Y99.562 E164.24757
G1 X97.603 Y100 E164.2483
G1 X97.645 Y100.44 E164.24904
G1 X97.77 Y100.887 E164.24981
G1 X97.997 Y101.316 E164.25062
G1 X98.304 Y101.694 E164.25143
G0 F3600 X95.368 Y104.985
G1 F1200 X95.016 Y104.633 E164.25225
G0 F3600 X95.016 Y104.067
G1 F1200 X95.934 Y104.985 E164.25441
G0 F3600 X96.5 Y104.985
G1 F1200 X95.016 Y103.502 E164.2579
G0 F3600 X95.016 Y102.936
G1 F1200 X97.065 Y104.985 E164.26272
G0 F3600 X97.631 Y104.985
G1 F1200 X95.016 Y102.37 E164.26887
G0 F3600 X95.016 Y101.804
G1 F1200 X98.197 Y104.985 E164.27635
G0 F3600 X98.763 Y104.985
G1 F1200 X95.016 Y101.239 E164.28516
G0 F3600 X95.016 Y100.673
G1 F1200 X99.328 Y104.985 E164.29531
G0 F3600 X99.894 Y104.985
G1 F1200 X95.016 Y100.107 E164.30678
G0 F3600 X95.016 Y99.542
G1 F1200 X100.46 Y104.985 E164.31958
G0 F3600 X101.025 Y104.985
G1 F1200 X95.016 Y98.976 E164.33371
G0 F3600 X95.016 Y98.41
G1 F1200 X97.648 Y101.042 E164.3399
G0 F3600 X97.448 Y100.276
G1 F1200 X95.016 Y97.845 E164.34562
G0 F3600 X95.016 Y97.279
G1 F1200 X97.45 Y99.713 E164.35135
G0 F3600 X97.547 Y99.244
G1 F1200 X95.016 Y96.713 E164.3573
G0 F3600 X95.016 Y96.148
G1 F1200 X97.71 Y98.842 E164.36363
G0 F3600 X97.924 Y98.49
G1 F1200 X95.016 Y95.582 E164.37047
G0 F3600 X95.016 Y95.016
G1 F1200 X98.178 Y98.178 E164.37791
G0 F3600 X98.489 Y97.923
G1 F1200 X95.579 Y95.013 E164.38475
G0 F3600 X96.145 Y95.013
G1 F1200 X98.841 Y97.71 E164.3911
G0 F3600 X99.243 Y97.546
G1 F1200 X96.71 Y95.013 E164.39705
G0 F3600 X97.276 Y95.013
G1 F1200 X99.712 Y97.449 E164.40278
G0 F3600 X100.277 Y97.449
G1 F1200 X97.842 Y95.013 E164.40851
G0 F3600 X98.408 Y95.013
G1 F1200 X101.047 Y97.653 E164.41472
G1 X101.117 Y97.723
G0 F3600 X102.345 Y98.951
G1 F1200 X104.982 Y101.588 E164.42092
G0 F3600 X104.982 Y101.022
G1 F1200 X98.973 Y95.013 E164.43505
G0 F3600 X99.539 Y95.013
G1 F1200 X104.982 Y100.457 E164.44785
G0 F3600 X104.982 Y99.891
G1 F1200 X100.105 Y95.013 E164.45932
G0 F3600 X100.67 Y95.013
G1 F1200 X104.982 Y99.325 E164.46947
G0 F3600 X104.982 Y98.76
G1 F1200 X101.236 Y95.013 E164.47828
G0 F3600 X101.802 Y95.013
G1 F1200 X104.982 Y98.194 E164.48576
G0 F3600 X104.982 Y97.628
G1 F1200 X102.367 Y95.013 E164.49191
G0 F3600 X102.933 Y95.013
G1 F1200 X104.982 Y97.063 E164.49673
G0 F3600 X104.982 Y96.497
G1 F1200 X103.499 Y95.013 E164.50022
G0 F3600 X104.064 Y95.013
G1 F1200 X104.982 Y95.931 E164.50238
G0 F3600 X104.982 Y95.366
G1 F1200 X104.63 Y95.013 E164.5032
G0 F3600 X102.549 Y99.721
G1 F1200 X104.982 Y102.154 E164.50893
G0 F3600 X104.982 Y102.719
G1 F1200 X102.548 Y100.285 E164.51465
G0 F3600 X102.451 Y100.754
G1 F1200 X104.982 Y103.285 E164.5206
G0 F3600 X104.982 Y103.851
G1 F1200 X102.287 Y101.156 E164.52694
G0 F3600 X102.074 Y101.508
G1 F1200 X104.982 Y104.417 E164.53378
G0 F3600 X104.982 Y104.982
G1 F1200 X101.821 Y101.821 E164.54122
G0 F3600 X101.51 Y102.076
G1 F1200 X104.419 Y104.985 E164.54806
G0 F3600 X103.854 Y104.985
G1 F1200 X101.157 Y102.289 E164.5544
G0 F3600 X100.755 Y102.452
G1 F1200 X103.288 Y104.985 E164.56036
G0 F3600 X102.722 Y104.985
G1 F1200 X100.287 Y102.55 E164.56608
G0 F3600 X99.721 Y102.55
G1 F1200 X102.157 Y104.985 E164.57181
G0 F3600 X101.591 Y104.985
G1 F1200 X98.95 Y102.344 E164.57802
G1 X98.88 Y102.274
;MESH:NONMESH
G0 F3600 X94.061 Y94.058
G0 X92.628 Y92.744
;TIME_ELAPSED:250.180702
;LAYER:1
G0 F4500 X92.628 Y92.744 Z1.172
;TYPE:SUPPORT
G1 F1500 X92.628 Y92.768 E164.57882
G1 X92.768 Y92.628 E164.58541
G1 X92.744 Y92.628 E164.5862
G1 X92.628 Y92.744 E164.59166
G0 F4500 X92.387 Y92.894
G0 X92.388 Y107.106
G0 X92.628 Y107.232
G1 F1500 X92.768 Y107.372 E164.59825
G1 X92.744 Y107.372 E164.59904
G1 X92.628 Y107.256 E164.6045
G1 X92.628 Y107.232 E164.6053
G0 F4500 X92.568 Y107.293
G0 X92.857 Y107.58
G0 X107.111 Y107.612
G0 X107.232 Y107.372
G1 F1500 X107.256 Y107.372 E164.6061
G1 X107.372 Y107.256 E164.61155
G1 X107.372 Y107.232 E164.61235
G1 X107.232 Y107.372 E164.61894
G0 F4500 X107.294 Y107.433
G0 X107.58 Y107.14
G0 X107.612 Y92.894
G0 X107.372 Y92.768
G1 F1500 X107.372 Y92.744 E164.61973
G1 X107.256 Y92.628 E164.62519
G1 X107.232 Y92.628 E164.62599
G1 X107.372 Y92.768 E164.63257
;MESH:Push.stl
G0 F4500 X106.337 Y93.658
G0 X100.747 Y101.862
;TYPE:WALL-INNER
G1 F1500 X101.128 Y101.656 E164.64698
G1 X101.418 Y101.416 E164.6595
G1 X101.66 Y101.124 E164.67211
G1 X101.86 Y100.747 E164.68631
G1 X101.966 Y100.391 E164.69866
G1 X102.004 Y99.978 E164.71246
G1 X101.968 Y99.619 E164.72446
G1 X101.85 Y99.228 E164.73804
G1 X101.671 Y98.889 E164.75079
G1 X101.391 Y98.557 E164.76524
G1 X101.096 Y98.322 E164.77778
G1 X100.766 Y98.148 E164.79019
G1 X100.374 Y98.03 E164.80381
G1 X99.994 Y97.995 E164.8165
G1 X99.601 Y98.037 E164.82964
G1 X99.247 Y98.141 E164.84191
G1 X98.872 Y98.344 E164.8561
G1 X98.582 Y98.584 E164.86862
G1 X98.34 Y98.876 E164.88123
G1 X98.135 Y99.261 E164.89574
G1 X98.026 Y99.66 E164.9095
G1 X97.995 Y100.011 E164.92122
G1 X98.037 Y100.401 E164.93426
G1 X98.141 Y100.754 E164.9465
G1 X98.344 Y101.126 E164.9606
G1 X98.591 Y101.428 E164.97357
G1 X98.932 Y101.695 E164.98798
G1 X99.269 Y101.867 E165.00056
G1 X99.66 Y101.974 E165.01405
G1 X99.996 Y102.003 E165.02526
G1 X100.338 Y101.977 E165.03667
G1 X100.747 Y101.862 E165.0508
G0 F4500 X100.596 Y101.489
G1 F1500 X100.903 Y101.323 E165.06241
G1 X101.134 Y101.132 E165.07238
G1 X101.326 Y100.9 E165.08239
G1 X101.488 Y100.595 E165.09388
G1 X101.571 Y100.315 E165.10359
G1 X101.602 Y99.979 E165.11482
G1 X101.574 Y99.698 E165.12421
G1 X101.478 Y99.381 E165.13523
G1 X101.337 Y99.114 E165.14527
G1 X101.111 Y98.845 E165.15695
G1 X100.876 Y98.658 E165.16694
G1 X100.614 Y98.52 E165.17679
G1 X100.297 Y98.425 E165.1878
G1 X99.997 Y98.397 E165.19782
G1 X99.679 Y98.431 E165.20846
G1 X99.4 Y98.513 E165.21813
G1 X99.097 Y98.677 E165.22959
G1 X98.866 Y98.868 E165.23956
G1 X98.674 Y99.1 E165.24957
G1 X98.509 Y99.41 E165.26125
G1 X98.421 Y99.731 E165.27232
G1 X98.397 Y100.007 E165.28154
G1 X98.431 Y100.322 E165.29208
G1 X98.513 Y100.6 E165.30172
G1 X98.677 Y100.902 E165.31315
G1 X98.872 Y101.14 E165.32338
G1 X99.148 Y101.356 E165.33504
G1 X99.414 Y101.492 E165.34497
G1 X99.731 Y101.579 E165.35591
G1 X99.998 Y101.602 E165.36482
G1 X100.268 Y101.581 E165.37383
G1 X100.596 Y101.489 E165.38516
G0 F4500 X100.445 Y101.116
;TYPE:WALL-OUTER
G1 F1200 X100.678 Y100.99 E165.39397
G1 X100.85 Y100.848 E165.40139
G1 X100.992 Y100.676 E165.4088
G1 X101.116 Y100.443 E165.41758
G1 X101.176 Y100.239 E165.42466
G1 X101.2 Y99.98 E165.43331
G1 X101.18 Y99.777 E165.44009
G1 X101.106 Y99.534 E165.44854
G1 X101.003 Y99.339 E165.45588
G1 X100.83 Y99.133 E165.46482
G1 X100.656 Y98.994 E165.47223
G1 X100.462 Y98.892 E165.47952
G1 X100.22 Y98.82 E165.48792
G1 X99.999 Y98.799 E165.4953
G1 X99.757 Y98.825 E165.5034
G1 X99.553 Y98.885 E165.51047
G1 X99.322 Y99.01 E165.5192
G1 X99.15 Y99.152 E165.52662
G1 X99.008 Y99.324 E165.53404
G1 X98.883 Y99.559 E165.54289
G1 X98.816 Y99.802 E165.55128
G1 X98.799 Y100.002 E165.55795
G1 X98.825 Y100.243 E165.56602
G1 X98.885 Y100.447 E165.57309
G1 X99.01 Y100.678 E165.58182
G1 X99.153 Y100.852 E165.58932
G1 X99.364 Y101.017 E165.59822
G1 X99.56 Y101.117 E165.60554
G1 X99.802 Y101.184 E165.61389
G1 X99.999 Y101.201 E165.62047
G1 X100.198 Y101.185 E165.62711
G1 X100.445 Y101.116 E165.63564
G0 F4500 X100.621 Y101.021
G0 X100.831 Y101.409
G0 X100.857 Y101.46
G0 X105.197 Y105.946
;TYPE:WALL-INNER
G1 F1500 X94.803 Y105.946 E165.98135
G1 X94.251 Y105.952 E165.99971
G1 X94.25 Y105.953 E165.99975
G1 X94.05 Y105.953 E166.00641
G1 X94.05 Y105.753 E166.01071
G1 X94.05 Y105.752 E166.01075
G1 X94.049 Y94.248 E166.39337
G1 X94.049 Y94.247 E166.39341
G1 X94.049 Y94.047 E166.40006
G1 X94.249 Y94.047 E166.40436
G1 X94.25 Y94.048 E166.40441
G1 X94.803 Y94.054 E166.42281
G1 X104.04 Y94.054 E166.73003
G1 X105.751 Y94.046 E166.78694
G1 X105.951 Y94.046 E166.79359
G1 X105.951 Y94.246 E166.7979
G1 X105.946 Y105.195 E167.16206
G1 X105.951 Y105.751 E167.18056
G1 X105.952 Y105.752 E167.1806
G1 X105.952 Y105.953 E167.18729
G1 X105.751 Y105.953 E167.19161
G1 X105.75 Y105.952 E167.19166
G1 X105.197 Y105.946 E167.21005
G0 F4500 X105.195 Y106.346
G1 F1500 X94.805 Y106.346 E167.55563
G1 X93.851 Y106.355 E167.58736
G1 X93.85 Y106.356 E167.5874
G1 X93.65 Y106.356 E167.59406
G1 X93.65 Y106.156 E167.59836
G1 X93.65 Y106.155 E167.5984
G1 X93.649 Y93.845 E168.00783
G1 X93.649 Y93.844 E168.00786
G1 X93.649 Y93.644 E168.01451
G1 X93.849 Y93.644 E168.01882
G1 X93.85 Y93.645 E168.01887
G1 X94.805 Y93.654 E168.05063
G1 X104.039 Y93.654 E168.35776
G1 X106.151 Y93.644 E168.428
G1 X106.351 Y93.644 E168.43466
G1 X106.351 Y93.844 E168.43896
G1 X106.346 Y105.194 E168.81647
G1 X106.354 Y106.154 E168.8484
G1 X106.355 Y106.155 E168.84844
G1 X106.355 Y106.356 E168.85513
G1 X106.154 Y106.356 E168.85945
G1 X106.153 Y106.355 E168.8595
G1 X105.195 Y106.346 E168.89136
G0 F4500 X105.193 Y106.746
;TYPE:WALL-OUTER
G1 F1200 X94.807 Y106.746 E169.2368
G1 X93.654 Y106.756 E169.27515
G1 X93.249 Y106.752 E169.28863
G1 X93.254 Y105.193 E169.34048
G1 X93.253 Y95.962 E169.6475
G1 X93.248 Y93.248 E169.73777
G1 X93.654 Y93.244 E169.75127
G1 X94.807 Y93.254 E169.78963
G1 X104.038 Y93.254 E170.09665
G1 X106.365 Y93.244 E170.17405
G1 X106.379 Y93.244 E170.17451
G1 X106.751 Y93.248 E170.18689
G1 X106.751 Y93.262 E170.18735
G1 X106.746 Y105.193 E170.58418
G1 X106.755 Y106.344 E170.62246
G1 X106.752 Y106.752 E170.63603
G1 X106.346 Y106.756 E170.64954
G1 X105.193 Y106.746 E170.68789
G0 F4500 X104.993 Y106.746
G0 X104.993 Y106.306
G0 X104.993 Y106.246
G0 X105.559 Y105.559
;TYPE:SKIN
G1 F1200 X94.44 Y105.559 E171.05771
G1 X94.439 Y94.441 E171.42749
G1 X104.04 Y94.444 E171.74682
G1 X105.561 Y94.438 E171.79741
G1 X105.559 Y105.559 E172.1673
G0 F4500 X101.347 Y101.981
G1 F1200 X101.695 Y101.693 E172.18232
G1 X101.986 Y101.342 E172.19749
G1 X102.223 Y100.895 E172.21431
G1 X102.35 Y100.465 E172.22923
G1 X102.396 Y99.976 E172.24556
G1 X102.352 Y99.543 E172.26004
G1 X102.213 Y99.08 E172.27612
G1 X101.996 Y98.67 E172.29155
G1 X101.664 Y98.276 E172.30868
G1 X101.31 Y97.994 E172.32374
G1 X100.914 Y97.785 E172.33863
G1 X100.448 Y97.646 E172.3548
G1 X99.992 Y97.603 E172.37004
G1 X99.525 Y97.653 E172.38566
G1 X99.097 Y97.778 E172.40049
G1 X98.653 Y98.019 E172.41729
G1 X98.305 Y98.307 E172.43232
G1 X98.014 Y98.658 E172.44748
G1 X97.77 Y99.116 E172.46474
G1 X97.64 Y99.591 E172.48112
G1 X97.603 Y100.015 E172.49528
G1 X97.653 Y100.477 E172.51073
G1 X97.778 Y100.904 E172.52553
G1 X98.019 Y101.345 E172.54224
G1 X98.316 Y101.709 E172.55787
G1 X98.721 Y102.025 E172.57496
G1 X99.127 Y102.232 E172.59011
G1 X99.591 Y102.36 E172.60612
G1 X99.994 Y102.395 E172.61958
G1 X100.406 Y102.363 E172.63332
G1 X100.895 Y102.226 E172.65021
G1 X101.347 Y101.981 E172.66731
G0 F4500 X105.056 Y105.378
G1 F1200 X105.378 Y105.056 E172.68246
G0 F4500 X105.378 Y104.49
G1 F1200 X104.49 Y105.378 E172.72423
G0 F4500 X103.924 Y105.378
G1 F1200 X105.378 Y103.924 E172.79262
G0 F4500 X105.378 Y103.359
G1 F1200 X103.359 Y105.378 E172.88759
G0 F4500 X102.793 Y105.378
G1 F1200 X105.378 Y102.793 E173.00918
G0 F4500 X105.378 Y102.227
G1 F1200 X102.227 Y105.378 E173.15739
G0 F4500 X101.662 Y105.378
G1 F1200 X105.378 Y101.662 E173.33218
G0 F4500 X105.378 Y101.096
G1 F1200 X101.096 Y105.378 E173.53359
G0 F4500 X100.53 Y105.378
G1 F1200 X105.378 Y100.53 E173.76163
G0 F4500 X105.379 Y99.964
G1 F1200 X99.965 Y105.378 E174.01628
G0 F4500 X99.399 Y105.378
G1 F1200 X105.379 Y99.398 E174.29756
G0 F4500 X105.379 Y98.833
G1 F1200 X98.833 Y105.378 E174.60544
G0 F4500 X98.268 Y105.378
G1 F1200 X105.379 Y98.267 E174.93992
G0 F4500 X105.379 Y97.701
G1 F1200 X102.503 Y100.577 E175.0752
G0 F4500 X102.573 Y99.941
G1 F1200 X105.379 Y97.135 E175.20719
G0 F4500 X105.379 Y96.57
G1 F1200 X102.509 Y99.44 E175.34218
G0 F4500 X102.377 Y99.006
G1 F1200 X105.379 Y96.004 E175.48339
G0 F4500 X105.379 Y95.438
G1 F1200 X102.181 Y98.636 E175.63381
G0 F4500 X101.935 Y98.317
G1 F1200 X105.379 Y94.873 E175.79581
G0 F4500 X105.066 Y94.62
G1 F1200 X101.65 Y98.036 E175.95649
G0 F4500 X101.322 Y97.798
G1 F1200 X104.499 Y94.621 E176.10592
G0 F4500 X103.932 Y94.622
G1 F1200 X100.947 Y97.607 E176.24633
G0 F4500 X100.511 Y97.478
G1 F1200 X103.366 Y94.622 E176.38064
G0 F4500 X102.801 Y94.622
G1 F1200 X100 Y97.423 E176.51239
G0 F4500 X99.338 Y97.519
G1 F1200 X102.235 Y94.622 E176.64866
G0 F4500 X101.67 Y94.622
G1 F1200 X94.62 Y101.672 E176.98027
G0 F4500 X94.62 Y101.107
G1 F1200 X101.104 Y94.622 E177.28528
G0 F4500 X100.539 Y94.622
G1 F1200 X94.62 Y100.541 E177.56369
G0 F4500 X94.619 Y99.976
G1 F1200 X99.974 Y94.621 E177.81557
G0 F4500 X99.408 Y94.621
G1 F1200 X94.619 Y99.41 E178.04083
G0 F4500 X94.619 Y98.845
G1 F1200 X98.842 Y94.621 E178.23949
G0 F4500 X98.277 Y94.62
G1 F1200 X94.619 Y98.279 E178.41158
G0 F4500 X94.619 Y97.713
G1 F1200 X97.712 Y94.62 E178.55706
G0 F4500 X97.146 Y94.62
G1 F1200 X94.619 Y97.147 E178.67593
G0 F4500 X94.619 Y96.582
G1 F1200 X96.58 Y94.62 E178.76819
G0 F4500 X96.015 Y94.62
G1 F1200 X94.619 Y96.016 E178.83385
G0 F4500 X94.619 Y95.45
G1 F1200 X95.45 Y94.62 E178.87292
G0 F4500 X94.884 Y94.62
G1 F1200 X94.619 Y94.885 E178.88538
G0 F4500 X97.522 Y99.336
G1 F1200 X94.62 Y102.238 E179.02188
G0 F4500 X94.62 Y102.804
G1 F1200 X97.423 Y100.001 E179.15373
G0 F4500 X97.476 Y100.513
G1 F1200 X94.62 Y103.369 E179.28807
G0 F4500 X94.62 Y103.935
G1 F1200 X97.604 Y100.951 E179.42842
G0 F4500 X97.8 Y101.32
G1 F1200 X94.62 Y104.501 E179.57802
G0 F4500 X94.62 Y105.066
G1 F1200 X98.036 Y101.65 E179.7387
G0 F4500 X98.316 Y101.936
G1 F1200 X94.873 Y105.378 E179.90063
G0 F4500 X95.439 Y105.378
G1 F1200 X98.635 Y102.182 E180.05096
G0 F4500 X99.01 Y102.373
G1 F1200 X96.005 Y105.378 E180.1923
G0 F4500 X96.57 Y105.378
G1 F1200 X99.444 Y102.505 E180.32746
G0 F4500 X99.944 Y102.57
G1 F1200 X97.136 Y105.378 E180.45954
G0 F4500 X97.702 Y105.378
G1 F1200 X100.58 Y102.5 E180.59492
G1 X100.65 Y102.43
;MESH:NONMESH
G0 F4500 X101.682 Y101.09
;TIME_ELAPSED:275.429612
;LAYER:2
;MESH:Push.stl
G0 F5400 X101.682 Y101.09 Z1.372
;TYPE:WALL-INNER
G1 F1800 X101.864 Y100.737 E180.60813
G1 X101.972 Y100.366 E180.62098
G1 X102.003 Y100.013 E180.63276
G1 X101.985 Y99.735 E180.64203
G1 X101.936 Y99.503 E180.64992
G1 X101.857 Y99.25 E180.65873
G1 X101.729 Y98.993 E180.66828
G1 X101.594 Y98.792 E180.67633
G1 X101.403 Y98.569 E180.6861
G1 X101.09 Y98.318 E180.69944
G1 X100.737 Y98.136 E180.71265
G1 X100.366 Y98.028 E180.7255
G1 X100.013 Y97.997 E180.73729
G1 X99.735 Y98.015 E180.74656
G1 X99.503 Y98.064 E180.75444
G1 X99.25 Y98.143 E180.76326
G1 X98.993 Y98.271 E180.77281
G1 X98.792 Y98.406 E180.78086
G1 X98.569 Y98.597 E180.79063
G1 X98.324 Y98.902 E180.80364
G1 X98.186 Y99.158 E180.81331
G1 X98.101 Y99.373 E180.821
G1 X98.029 Y99.637 E180.8301
G1 X98.003 Y99.892 E180.83863
G1 X98.002 Y100.11 E180.84588
G1 X98.033 Y100.375 E180.85475
G1 X98.103 Y100.639 E180.86384
G1 X98.195 Y100.863 E180.87189
G1 X98.332 Y101.108 E180.88123
G1 X98.509 Y101.333 E180.89075
G1 X98.682 Y101.506 E180.89889
G1 X98.919 Y101.687 E180.9088
G1 X99.255 Y101.861 E180.92139
G1 X99.525 Y101.944 E180.93078
G1 X99.747 Y101.986 E180.9383
G1 X99.995 Y102.002 E180.94656
G1 X100.264 Y101.987 E180.95553
G1 X100.498 Y101.936 E180.96349
G1 X100.75 Y101.857 E180.97228
G1 X101.007 Y101.729 E180.98182
G1 X101.208 Y101.594 E180.98988
G1 X101.431 Y101.403 E180.99964
G1 X101.682 Y101.09 E181.01299
G0 F5400 X101.345 Y100.871
G1 F1800 X101.491 Y100.588 E181.02358
G1 X101.577 Y100.292 E181.03383
G1 X101.602 Y100.008 E181.04331
G1 X101.588 Y99.789 E181.05061
G1 X101.549 Y99.604 E181.0569
G1 X101.485 Y99.4 E181.06401
G1 X101.383 Y99.195 E181.07163
G1 X101.275 Y99.035 E181.07805
G1 X101.123 Y98.857 E181.08583
G1 X100.871 Y98.655 E181.09658
G1 X100.588 Y98.509 E181.10717
G1 X100.292 Y98.423 E181.11742
G1 X100.008 Y98.398 E181.1269
G1 X99.789 Y98.412 E181.1342
G1 X99.604 Y98.451 E181.14049
G1 X99.4 Y98.515 E181.1476
G1 X99.195 Y98.617 E181.15522
G1 X99.035 Y98.725 E181.16164
G1 X98.857 Y98.877 E181.16942
G1 X98.659 Y99.124 E181.17995
G1 X98.549 Y99.327 E181.18763
G1 X98.481 Y99.499 E181.19378
G1 X98.424 Y99.71 E181.20105
G1 X98.403 Y99.914 E181.20787
G1 X98.402 Y100.088 E181.21366
G1 X98.427 Y100.3 E181.22076
G1 X98.483 Y100.511 E181.22802
G1 X98.556 Y100.689 E181.23442
G1 X98.666 Y100.886 E181.24192
G1 X98.808 Y101.067 E181.24957
G1 X98.946 Y101.204 E181.25604
G1 X99.134 Y101.348 E181.26392
G1 X99.407 Y101.489 E181.27414
G1 X99.621 Y101.555 E181.28159
G1 X99.797 Y101.588 E181.28754
G1 X99.997 Y101.601 E181.29421
G1 X100.21 Y101.589 E181.3013
G1 X100.396 Y101.549 E181.30763
G1 X100.6 Y101.485 E181.31474
G1 X100.805 Y101.383 E181.32236
G1 X100.965 Y101.275 E181.32878
G1 X101.143 Y101.123 E181.33656
G1 X101.345 Y100.871 E181.34731
G0 F5400 X101.008 Y100.652
;TYPE:WALL-OUTER
G1 F1200 X101.118 Y100.439 E181.35528
G1 X101.182 Y100.218 E181.36293
G1 X101.201 Y100.003 E181.37011
G1 X101.191 Y99.843 E181.37544
G1 X101.162 Y99.706 E181.3801
G1 X101.113 Y99.55 E181.38554
G1 X101.037 Y99.397 E181.39122
G1 X100.956 Y99.278 E181.39601
G1 X100.843 Y99.145 E181.40181
G1 X100.652 Y98.992 E181.40995
G1 X100.439 Y98.882 E181.41793
G1 X100.218 Y98.818 E181.42558
G1 X100.003 Y98.799 E181.43276
G1 X99.843 Y98.809 E181.43809
G1 X99.706 Y98.838 E181.44275
G1 X99.55 Y98.887 E181.44819
G1 X99.397 Y98.963 E181.45387
G1 X99.278 Y99.044 E181.45866
G1 X99.145 Y99.157 E181.46446
G1 X98.994 Y99.346 E181.47251
G1 X98.912 Y99.497 E181.47822
G1 X98.861 Y99.625 E181.4828
G1 X98.819 Y99.783 E181.48824
G1 X98.803 Y99.936 E181.49336
G1 X98.802 Y100.066 E181.49768
G1 X98.821 Y100.225 E181.50301
G1 X98.863 Y100.383 E181.50845
G1 X98.917 Y100.515 E181.51319
G1 X99 Y100.664 E181.51886
G1 X99.107 Y100.8 E181.52462
G1 X99.21 Y100.902 E181.52944
G1 X99.349 Y101.009 E181.53527
G1 X99.559 Y101.117 E181.54313
G1 X99.717 Y101.166 E181.54863
G1 X99.847 Y101.19 E181.55303
G1 X99.999 Y101.2 E181.55809
G1 X100.157 Y101.191 E181.56336
G1 X100.294 Y101.162 E181.56801
G1 X100.45 Y101.113 E181.57345
G1 X100.603 Y101.037 E181.57913
G1 X100.722 Y100.956 E181.58392
G1 X100.855 Y100.843 E181.58973
G1 X101.008 Y100.652 E181.59787
G0 F5400 X101.1 Y100.474
G0 X101.492 Y100.676
G0 X101.543 Y100.702
G0 X106.219 Y106.219
;TYPE:WALL-INNER
G1 F1800 X93.781 Y106.219 E182.01156
G1 X93.781 Y93.781 E182.42525
G1 X106.219 Y93.781 E182.83894
G1 X106.219 Y106.219 E183.25262
G0 F5400 X106.619 Y106.619
G1 F1800 X93.381 Y106.619 E183.69292
G1 X93.381 Y93.381 E184.13322
G1 X106.619 Y93.381 E184.57352
G1 X106.619 Y106.619 E185.01382
G0 F5400 X107.019 Y107.019
;TYPE:WALL-OUTER
G1 F1200 X92.981 Y107.019 E185.48072
G1 X92.981 Y92.981 E185.94763
G1 X107.019 Y92.981 E186.41453
G1 X107.019 Y107.019 E186.88144
G0 F5400 X106.819 Y107.019
G0 X106.579 Y106.579
G0 X106.519 Y106.579
G0 X105.829 Y105.829
;TYPE:SKIN
G1 F1200 X94.171 Y105.829 E187.26919
G1 X94.171 Y94.171 E187.65693
G1 X105.829 Y94.171 E188.04468
G1 X105.829 Y105.829 E188.43243
G0 F5400 X101.712 Y101.676
G1 F1200 X102.011 Y101.303 E188.44833
G1 X102.228 Y100.882 E188.46408
G1 X102.358 Y100.438 E188.47947
G1 X102.395 Y100.017 E188.49352
G1 X102.373 Y99.682 E188.50469
G1 X102.314 Y99.404 E188.51414
G1 X102.22 Y99.104 E188.5246
G1 X102.067 Y98.796 E188.53604
G1 X101.906 Y98.556 E188.54565
G1 X101.676 Y98.288 E188.55739
G1 X101.303 Y97.989 E188.57329
G1 X100.882 Y97.772 E188.58905
G1 X100.438 Y97.642 E188.60443
G1 X100.017 Y97.605 E188.61849
G1 X99.682 Y97.627 E188.62966
G1 X99.404 Y97.686 E188.63911
G1 X99.104 Y97.78 E188.64957
G1 X98.796 Y97.933 E188.661
G1 X98.556 Y98.094 E188.67062
G1 X98.288 Y98.324 E188.68236
G1 X97.998 Y98.685 E188.69776
G1 X97.831 Y98.993 E188.70942
G1 X97.73 Y99.25 E188.7186
G1 X97.645 Y99.565 E188.72945
G1 X97.613 Y99.871 E188.73969
G1 X97.612 Y100.132 E188.74837
G1 X97.649 Y100.448 E188.75895
G1 X97.733 Y100.764 E188.76982
G1 X97.844 Y101.033 E188.7795
G1 X98.006 Y101.325 E188.79061
G1 X98.217 Y101.592 E188.80193
G1 X98.425 Y101.8 E188.81171
G1 X98.71 Y102.018 E188.82365
G1 X99.107 Y102.224 E188.83852
G1 X99.431 Y102.323 E188.84979
G1 X99.698 Y102.374 E188.85883
G1 X99.993 Y102.392 E188.86866
G1 X100.316 Y102.375 E188.87942
G1 X100.598 Y102.314 E188.88902
G1 X100.896 Y102.22 E188.89941
G1 X101.204 Y102.067 E188.91085
G1 X101.444 Y101.906 E188.92046
G1 X101.712 Y101.676 E188.93221
G0 F5400 X105.648 Y94.9
G1 F1200 X105.099 Y94.351 E188.95803
G0 F5400 X104.533 Y94.351
G1 F1200 X105.648 Y95.466 E189.01047
G0 F5400 X105.648 Y96.032
G1 F1200 X103.968 Y94.351 E189.08952
G0 F5400 X103.402 Y94.351
G1 F1200 X105.648 Y96.597 E189.19517
G0 F5400 X105.648 Y97.163
G1 F1200 X102.836 Y94.351 E189.32743
G0 F5400 X102.27 Y94.351
G1 F1200 X105.648 Y97.729 E189.48632
G0 F5400 X105.648 Y98.294
G1 F1200 X101.705 Y94.351 E189.67179
G0 F5400 X101.139 Y94.351
G1 F1200 X105.648 Y98.86 E189.88388
G0 F5400 X105.648 Y99.426
G1 F1200 X100.573 Y94.351 E190.12259
G0 F5400 X100.008 Y94.351
G1 F1200 X105.648 Y99.991 E190.38788
G0 F5400 X105.648 Y100.557
G1 F1200 X99.442 Y94.351 E190.67979
G0 F5400 X98.876 Y94.351
G1 F1200 X105.648 Y101.123 E190.99833
G0 F5400 X105.648 Y101.689
G1 F1200 X98.311 Y94.351 E191.34346
G0 F5400 X97.745 Y94.351
G1 F1200 X101.049 Y97.655 E191.49887
G1 X101.119 Y97.725
G0 F5400 X100.274 Y97.446
G1 F1200 X97.179 Y94.351 E191.64445
G0 F5400 X96.614 Y94.351
G1 F1200 X99.707 Y97.444 E191.78993
G0 F5400 X99.243 Y97.546
G1 F1200 X96.048 Y94.351 E191.94022
G0 F5400 X95.482 Y94.351
G1 F1200 X98.84 Y97.709 E192.09817
G0 F5400 X98.487 Y97.922
G1 F1200 X94.917 Y94.351 E192.26611
G0 F5400 X94.35 Y94.35
G1 F1200 X98.179 Y98.179 E192.44622
G0 F5400 X97.924 Y98.49
G1 F1200 X94.35 Y94.916 E192.61433
G0 F5400 X94.35 Y95.482
G1 F1200 X97.709 Y98.84 E192.7723
G0 F5400 X97.546 Y99.243
G1 F1200 X94.35 Y96.047 E192.92263
G0 F5400 X94.35 Y96.613
G1 F1200 X97.449 Y99.711 E193.06837
G0 F5400 X97.448 Y100.276
G1 F1200 X94.35 Y97.179 E193.21407
G0 F5400 X94.35 Y97.744
G1 F1200 X97.657 Y101.051 E193.36962
G1 X97.727 Y101.121
G0 F5400 X98.951 Y102.345
G1 F1200 X102.254 Y105.648 E193.52499
G0 F5400 X102.819 Y105.648
G1 F1200 X99.727 Y102.555 E193.67045
G0 F5400 X100.293 Y102.556
G1 F1200 X103.385 Y105.648 E193.81589
G0 F5400 X103.951 Y105.648
G1 F1200 X100.755 Y102.452 E193.96622
G0 F5400 X101.158 Y102.29
G1 F1200 X104.516 Y105.648 E194.12417
G0 F5400 X105.082 Y105.648
G1 F1200 X101.511 Y102.077 E194.29213
G0 F5400 X101.819 Y101.819
G1 F1200 X105.648 Y105.648 E194.47224
G0 F5400 X105.648 Y105.083
G1 F1200 X102.074 Y101.508 E194.64037
G0 F5400 X102.287 Y101.156
G1 F1200 X105.648 Y104.517 E194.79846
G0 F5400 X105.648 Y103.951
G1 F1200 X102.451 Y100.754 E194.94884
G0 F5400 X102.55 Y100.288
G1 F1200 X105.648 Y103.386 E195.09456
G0 F5400 X105.648 Y102.82
G1 F1200 X102.555 Y99.726 E195.24007
G1 X102.485 Y99.656
G0 F5400 X102.343 Y98.949
G1 F1200 X105.648 Y102.254 E195.39553
G1 X105.718 Y102.324
G0 F5400 X101.688 Y105.648
G1 F1200 X94.35 Y98.31 E195.74068
G0 F5400 X94.35 Y98.876
G1 F1200 X101.122 Y105.648 E196.05922
G0 F5400 X100.556 Y105.648
G1 F1200 X94.35 Y99.441 E196.35115
G0 F5400 X94.35 Y100.007
G1 F1200 X99.991 Y105.648 E196.61649
G0 F5400 X99.425 Y105.648
G1 F1200 X94.35 Y100.573 E196.8552
G0 F5400 X94.35 Y101.138
G1 F1200 X98.859 Y105.648 E197.06731
G0 F5400 X98.294 Y105.648
G1 F1200 X94.35 Y101.704 E197.25283
G0 F5400 X94.35 Y102.27
G1 F1200 X97.728 Y105.648 E197.41172
G0 F5400 X97.162 Y105.648
G1 F1200 X94.35 Y102.835 E197.54401
G0 F5400 X94.35 Y103.401
G1 F1200 X96.597 Y105.648 E197.6497
G0 F5400 X96.031 Y105.648
G1 F1200 X94.35 Y103.967 E197.72877
G0 F5400 X94.35 Y104.533
G1 F1200 X95.465 Y105.648 E197.78122
G0 F5400 X94.9 Y105.648
G1 F1200 X94.35 Y105.098 E197.80709
;MESH:NONMESH
G0 F5400 X101.79 Y100.906
;TIME_ELAPSED:300.973240
;LAYER:3
;MESH:Push.stl
G0 F6300 X101.79 Y100.906 Z1.572
;TYPE:WALL-INNER
G1 F2100 X101.923 Y100.558 E197.81948
G1 X101.974 Y100.329 E197.82728
G1 X102.002 Y100.024 E197.83747
G1 X101.991 Y99.784 E197.84546
G1 X101.926 Y99.455 E197.85661
G1 X101.845 Y99.22 E197.86488
G1 X101.676 Y98.904 E197.8768
G1 X101.536 Y98.717 E197.88457
G1 X101.397 Y98.567 E197.89137
G1 X101.247 Y98.437 E197.89797
G1 X101.225 Y98.417 E197.89896
G1 X100.906 Y98.21 E197.91161
G1 X100.558 Y98.077 E197.924
G1 X100.329 Y98.026 E197.9318
G1 X100.024 Y97.998 E197.94199
G1 X99.784 Y98.009 E197.94998
G1 X99.455 Y98.074 E197.96114
G1 X99.22 Y98.155 E197.9694
G1 X98.904 Y98.324 E197.98132
G1 X98.717 Y98.464 E197.98909
G1 X98.566 Y98.603 E197.99592
G1 X98.416 Y98.776 E198.00353
G1 X98.227 Y99.07 E198.01516
G1 X98.125 Y99.295 E198.02337
G1 X98.034 Y99.62 E198.0346
G1 X98.004 Y99.849 E198.04228
G1 X98.004 Y100.16 E198.05263
G1 X98.038 Y100.404 E198.06082
G1 X98.145 Y100.765 E198.07334
G1 X98.325 Y101.097 E198.0859
G1 X98.463 Y101.283 E198.09361
G1 X98.603 Y101.432 E198.10041
G1 X98.754 Y101.566 E198.10712
G1 X98.917 Y101.683 E198.1138
G1 X99.118 Y101.798 E198.1215
G1 X99.434 Y101.92 E198.13276
G1 X99.638 Y101.969 E198.13974
G1 X99.849 Y101.996 E198.14682
G1 X100.196 Y101.996 E198.15836
G1 X100.545 Y101.926 E198.1702
G1 X100.78 Y101.845 E198.17846
G1 X101.096 Y101.676 E198.19038
G1 X101.283 Y101.536 E198.19815
G1 X101.433 Y101.397 E198.20495
G1 X101.563 Y101.247 E198.21156
G1 X101.583 Y101.225 E198.21255
G1 X101.79 Y100.906 E198.22519
G0 F6300 X101.431 Y100.724
G1 F2100 X101.539 Y100.442 E198.23524
G1 X101.578 Y100.267 E198.2412
G1 X101.601 Y100.015 E198.24962
G1 X101.593 Y99.832 E198.25571
G1 X101.539 Y99.56 E198.26493
G1 X101.477 Y99.38 E198.27126
G1 X101.338 Y99.119 E198.2811
G1 X101.229 Y98.974 E198.28713
G1 X101.118 Y98.854 E198.29257
G1 X100.984 Y98.737 E198.29849
G1 X100.724 Y98.569 E198.30878
G1 X100.442 Y98.461 E198.31883
G1 X100.267 Y98.422 E198.32479
G1 X100.015 Y98.399 E198.33321
G1 X99.832 Y98.407 E198.3393
G1 X99.56 Y98.461 E198.34852
G1 X99.38 Y98.523 E198.35485
G1 X99.119 Y98.662 E198.36469
G1 X98.974 Y98.771 E198.37072
G1 X98.854 Y98.882 E198.37616
G1 X98.737 Y99.017 E198.3821
G1 X98.579 Y99.262 E198.3918
G1 X98.502 Y99.432 E198.398
G1 X98.427 Y99.7 E198.40726
G1 X98.404 Y99.875 E198.41313
G1 X98.404 Y100.132 E198.42168
G1 X98.43 Y100.319 E198.42796
G1 X98.517 Y100.611 E198.43809
G1 X98.663 Y100.881 E198.4483
G1 X98.771 Y101.026 E198.45432
G1 X98.882 Y101.145 E198.45973
G1 X99.004 Y101.253 E198.46515
G1 X99.133 Y101.346 E198.47044
G1 X99.29 Y101.435 E198.47644
G1 X99.554 Y101.537 E198.48585
G1 X99.711 Y101.575 E198.49122
G1 X99.875 Y101.596 E198.49672
G1 X100.156 Y101.596 E198.50607
G1 X100.44 Y101.539 E198.5157
G1 X100.62 Y101.477 E198.52204
G1 X100.881 Y101.338 E198.53187
G1 X101.026 Y101.229 E198.5379
G1 X101.146 Y101.118 E198.54334
G1 X101.263 Y100.984 E198.54926
G1 X101.431 Y100.724 E198.55955
G0 F6300 X101.072 Y100.542
;TYPE:WALL-OUTER
G1 F1200 X101.155 Y100.326 E198.56725
G1 X101.182 Y100.205 E198.57137
G1 X101.2 Y100.005 E198.57805
G1 X101.195 Y99.88 E198.58221
G1 X101.152 Y99.665 E198.58951
G1 X101.109 Y99.54 E198.5939
G1 X100.999 Y99.334 E198.60167
G1 X100.922 Y99.231 E198.60595
G1 X100.839 Y99.142 E198.60999
G1 X100.742 Y99.057 E198.61428
G1 X100.542 Y98.928 E198.6222
G1 X100.326 Y98.845 E198.6299
G1 X100.205 Y98.818 E198.63402
G1 X100.005 Y98.8 E198.6407
G1 X99.88 Y98.805 E198.64486
G1 X99.665 Y98.848 E198.65215
G1 X99.54 Y98.891 E198.65655
G1 X99.334 Y99.001 E198.66432
G1 X99.231 Y99.078 E198.66859
G1 X99.142 Y99.161 E198.67264
G1 X99.057 Y99.258 E198.67693
G1 X98.931 Y99.454 E198.68468
G1 X98.879 Y99.569 E198.68888
G1 X98.82 Y99.78 E198.69617
G1 X98.804 Y99.901 E198.70022
G1 X98.804 Y100.104 E198.70698
G1 X98.822 Y100.234 E198.71134
G1 X98.889 Y100.457 E198.71909
G1 X99.001 Y100.666 E198.72697
G1 X99.078 Y100.769 E198.73125
G1 X99.161 Y100.858 E198.7353
G1 X99.254 Y100.94 E198.73942
G1 X99.35 Y101.009 E198.74335
G1 X99.462 Y101.073 E198.74764
G1 X99.673 Y101.154 E198.75516
G1 X99.784 Y101.181 E198.75896
G1 X99.901 Y101.196 E198.76288
G1 X100.116 Y101.196 E198.77004
G1 X100.335 Y101.152 E198.77746
G1 X100.46 Y101.109 E198.78186
G1 X100.666 Y100.999 E198.78963
G1 X100.769 Y100.922 E198.79391
G1 X100.858 Y100.839 E198.79795
G1 X100.943 Y100.742 E198.80224
G1 X101.072 Y100.542 E198.81016
G0 F6300 X101.143 Y100.355
G0 X101.554 Y100.513
G0 X101.61 Y100.534
G0 X106.367 Y100.577
;TYPE:WALL-INNER
G1 F2100 X106.372 Y106.173 E198.99628
G1 X106.372 Y106.372 E199.0029
G1 X106.173 Y106.372 E199.00718
G1 X99.423 Y106.367 E199.23169
G1 X93.827 Y106.372 E199.41781
G1 X93.628 Y106.372 E199.42443
G1 X93.628 Y106.173 E199.42871
G1 X93.628 Y93.827 E199.83934
G1 X93.628 Y93.628 E199.84596
G1 X93.827 Y93.628 E199.85025
G1 X100.577 Y93.633 E200.07475
G1 X106.173 Y93.628 E200.26088
G1 X106.372 Y93.628 E200.26749
G1 X106.372 Y93.827 E200.27178
G1 X106.367 Y100.577 E200.49628
G0 F6300 X106.767 Y100.577
G1 F2100 X106.772 Y106.573 E200.69571
G1 X106.772 Y106.772 E200.70233
G1 X106.573 Y106.772 E200.70661
G1 X99.423 Y106.767 E200.94442
G1 X93.427 Y106.772 E201.14385
G1 X93.228 Y106.772 E201.15047
G1 X93.228 Y106.573 E201.15475
G1 X93.228 Y93.427 E201.59199
G1 X93.228 Y93.228 E201.59861
G1 X93.427 Y93.228 E201.60289
G1 X100.577 Y93.233 E201.8407
G1 X106.573 Y93.228 E202.04013
G1 X106.772 Y93.228 E202.04675
G1 X106.772 Y93.427 E202.05103
G1 X106.767 Y100.577 E202.28884
G0 F6300 X107.167 Y100.577
;TYPE:WALL-OUTER
G1 F1200 X107.172 Y106.972 E202.50154
G1 X107.172 Y107.172 E202.50819
G1 X106.972 Y107.172 E202.5125
G1 X99.423 Y107.167 E202.76358
G1 X93.028 Y107.172 E202.97627
G1 X92.828 Y107.172 E202.98293
G1 X92.828 Y106.972 E202.98723
G1 X92.828 Y93.028 E203.45101
G1 X92.828 Y92.828 E203.45767
G1 X93.028 Y92.828 E203.46197
G1 X100.577 Y92.833 E203.71305
G1 X106.972 Y92.828 E203.92575
G1 X107.172 Y92.828 E203.9324
G1 X107.172 Y93.028 E203.93671
G1 X107.167 Y100.577 E204.18779
G0 F6300 X107.167 Y100.777
G0 X106.727 Y100.777
G0 X105.977 Y100.577
;TYPE:SKIN
G1 F1200 X105.982 Y105.982 E204.36756
G1 X99.423 Y105.977 E204.58572
G1 X94.018 Y105.982 E204.76549
G1 X94.018 Y94.018 E205.16341
G1 X100.577 Y94.023 E205.38157
G1 X105.982 Y94.018 E205.56134
G1 X105.977 Y100.577 E205.77949
G0 F6300 X102.36 Y100.389
G1 F1200 X102.392 Y100.033 E205.79138
G1 X102.379 Y99.737 E205.80123
G1 X102.304 Y99.353 E205.81425
G1 X102.204 Y99.064 E205.82442
G1 X102.006 Y98.694 E205.83837
G1 X101.836 Y98.467 E205.84781
G1 X101.669 Y98.286 E205.856
G1 X101.461 Y98.105 E205.86517
G1 X101.084 Y97.861 E205.88011
G1 X100.671 Y97.703 E205.89481
G1 X100.389 Y97.64 E205.90442
G1 X100.033 Y97.608 E205.91631
G1 X99.737 Y97.621 E205.92617
G1 X99.353 Y97.696 E205.93918
G1 X99.064 Y97.796 E205.94935
G1 X98.694 Y97.994 E205.96331
G1 X98.468 Y98.164 E205.97271
G1 X98.285 Y98.331 E205.98095
G1 X98.103 Y98.542 E205.99022
G1 X97.884 Y98.883 E206.0037
G1 X97.758 Y99.161 E206.01385
G1 X97.651 Y99.542 E206.02702
G1 X97.614 Y99.823 E206.03644
G1 X97.614 Y100.187 E206.04855
G1 X97.656 Y100.486 E206.05859
G1 X97.782 Y100.915 E206.07346
G1 X97.995 Y101.307 E206.0883
G1 X98.163 Y101.533 E206.09767
G1 X98.33 Y101.712 E206.10581
G1 X98.511 Y101.871 E206.11382
G1 X98.706 Y102.011 E206.12181
G1 X98.95 Y102.151 E206.13116
G1 X99.317 Y102.293 E206.14425
G1 X99.568 Y102.353 E206.15283
G1 X99.824 Y102.386 E206.16142
G1 X100.235 Y102.386 E206.17509
G1 X100.647 Y102.303 E206.18907
G1 X100.936 Y102.204 E206.19923
G1 X101.306 Y102.006 E206.21319
G1 X101.533 Y101.836 E206.22262
G1 X101.714 Y101.669 E206.23081
G1 X101.895 Y101.461 E206.23998
G1 X102.139 Y101.084 E206.25492
G1 X102.297 Y100.671 E206.26962
G1 X102.36 Y100.389 E206.27923
G0 F6300 X105.8 Y105.199
G1 F1200 X105.199 Y105.801 E206.30753
G0 F6300 X104.634 Y105.8
G1 F1200 X105.8 Y104.634 E206.36237
G0 F6300 X105.799 Y104.069
G1 F1200 X104.068 Y105.8 E206.44379
G0 F6300 X103.503 Y105.8
G1 F1200 X105.798 Y103.504 E206.55177
G0 F6300 X105.798 Y102.939
G1 F1200 X102.938 Y105.799 E206.68629
G0 F6300 X102.372 Y105.799
G1 F1200 X105.798 Y102.374 E206.84742
G0 F6300 X105.797 Y101.809
G1 F1200 X101.807 Y105.798 E207.03507
G0 F6300 X101.242 Y105.798
G1 F1200 X105.796 Y101.244 E207.24928
G0 F6300 X105.796 Y100.678
G1 F1200 X100.677 Y105.798 E207.49008
G0 F6300 X100.112 Y105.797
G1 F1200 X105.796 Y100.112 E207.75746
G0 F6300 X105.797 Y99.546
G1 F1200 X99.546 Y105.797 E208.05149
G0 F6300 X98.98 Y105.797
G1 F1200 X105.797 Y98.98 E208.37214
G0 F6300 X105.798 Y98.414
G1 F1200 X98.414 Y105.798 E208.71946
G0 F6300 X97.848 Y105.798
G1 F1200 X105.798 Y97.848 E209.09341
G0 F6300 X105.798 Y97.282
G1 F1200 X102.501 Y100.579 E209.24849
G0 F6300 X102.567 Y99.947
G1 F1200 X105.799 Y96.715 E209.40051
G0 F6300 X105.799 Y96.15
G1 F1200 X102.505 Y99.444 E209.55545
G0 F6300 X102.374 Y99.009
G1 F1200 X105.8 Y95.583 E209.7166
G0 F6300 X105.8 Y95.017
G1 F1200 X102.179 Y98.638 E209.88692
G0 F6300 X101.939 Y98.313
G1 F1200 X105.8 Y94.451 E210.06855
G0 F6300 X105.489 Y94.197
G1 F1200 X101.652 Y98.034 E210.24903
G0 F6300 X101.319 Y97.801
G1 F1200 X104.922 Y94.198 E210.41851
G0 F6300 X104.356 Y94.198
G1 F1200 X100.94 Y97.614 E210.57919
G0 F6300 X100.506 Y97.483
G1 F1200 X103.79 Y94.199 E210.73366
G0 F6300 X103.224 Y94.2
G1 F1200 X99.994 Y97.43 E210.88558
G0 F6300 X99.344 Y97.514
G1 F1200 X102.657 Y94.2 E211.04144
G0 F6300 X102.092 Y94.2
G1 F1200 X94.197 Y102.094 E211.41277
G0 F6300 X94.197 Y102.66
G1 F1200 X97.521 Y99.337 E211.5691
G0 F6300 X97.433 Y99.99
G1 F1200 X94.197 Y103.226 E211.72131
G0 F6300 X94.197 Y103.791
G1 F1200 X97.477 Y100.512 E211.87557
G0 F6300 X97.604 Y100.95
G1 F1200 X94.197 Y104.357 E212.03583
G0 F6300 X94.197 Y104.923
G1 F1200 X97.798 Y101.322 E212.20521
G0 F6300 X98.031 Y101.655
G1 F1200 X94.197 Y105.489 E212.38555
G0 F6300 X94.451 Y105.801
G1 F1200 X98.315 Y101.937 E212.5673
G0 F6300 X98.639 Y102.179
G1 F1200 X95.017 Y105.8 E212.73764
G0 F6300 X95.583 Y105.8
G1 F1200 X99.016 Y102.367 E212.89912
G0 F6300 X99.442 Y102.507
G1 F1200 X96.149 Y105.8 E213.05401
G0 F6300 X96.715 Y105.799
G1 F1200 X99.95 Y102.565 E213.20615
G0 F6300 X100.583 Y102.497
G1 F1200 X97.282 Y105.798 E213.36142
G1 X97.212 Y105.868
G0 F6300 X94.197 Y101.529
G1 F1200 X101.525 Y94.201 E213.70611
G0 F6300 X100.959 Y94.202
G1 F1200 X94.197 Y100.963 E214.02415
G0 F6300 X94.197 Y100.397
G1 F1200 X100.393 Y94.202 E214.31557
G0 F6300 X99.827 Y94.202
G1 F1200 X94.197 Y99.832 E214.58038
G0 F6300 X94.197 Y99.266
G1 F1200 X99.262 Y94.201 E214.81863
G0 F6300 X98.697 Y94.2
G1 F1200 X94.197 Y98.7 E215.03029
G0 F6300 X94.197 Y98.135
G1 F1200 X98.132 Y94.2 E215.21538
G0 F6300 X97.567 Y94.2
G1 F1200 X94.197 Y97.569 E215.37387
G0 F6300 X94.197 Y97.003
G1 F1200 X97.001 Y94.2 E215.50574
G0 F6300 X96.436 Y94.199
G1 F1200 X94.197 Y96.438 E215.61106
G0 F6300 X94.197 Y95.872
G1 F1200 X95.871 Y94.198 E215.6898
G0 F6300 X95.305 Y94.198
G1 F1200 X94.197 Y95.306 E215.74191
G0 F6300 X94.197 Y94.74
G1 F1200 X94.74 Y94.197 E215.76745
;MESH:NONMESH
G0 F6300 X101.145 Y98.826
G0 X102.005 Y100.009
;TIME_ELAPSED:326.915165
;LAYER:4
;MESH:Push.stl
G0 F7200 X102.005 Y100.009 Z1.772
;TYPE:WALL-INNER
G1 F2400 X101.967 Y99.616 E215.78059
G1 X101.862 Y99.261 E215.7929
G1 X101.765 Y99.058 E215.80038
G1 X101.661 Y98.883 E215.80715
G1 X101.539 Y98.721 E215.8139
G1 X101.402 Y98.571 E215.82066
G1 X101.247 Y98.435 E215.82751
G1 X101.082 Y98.317 E215.83426
G1 X100.909 Y98.217 E215.84091
G1 X100.708 Y98.127 E215.84823
G1 X100.364 Y98.028 E215.86014
G1 X99.995 Y97.995 E215.87246
G1 X99.614 Y98.033 E215.88519
G1 X99.261 Y98.139 E215.89745
G1 X99.058 Y98.235 E215.90492
G1 X98.883 Y98.339 E215.91169
G1 X98.721 Y98.461 E215.91844
G1 X98.571 Y98.598 E215.92519
G1 X98.435 Y98.753 E215.93205
G1 X98.317 Y98.918 E215.9388
G1 X98.217 Y99.091 E215.94545
G1 X98.127 Y99.292 E215.95277
G1 X98.028 Y99.636 E215.96468
G1 X97.995 Y100.005 E215.977
G1 X98.033 Y100.386 E215.98973
G1 X98.139 Y100.739 E216.00199
G1 X98.235 Y100.942 E216.00946
G1 X98.339 Y101.117 E216.01623
G1 X98.461 Y101.279 E216.02298
G1 X98.598 Y101.429 E216.02973
G1 X98.753 Y101.565 E216.03659
G1 X98.918 Y101.683 E216.04334
G1 X99.091 Y101.783 E216.04999
G1 X99.269 Y101.861 E216.05645
G1 X99.292 Y101.872 E216.0573
G1 X99.635 Y101.972 E216.06918
G1 X99.995 Y102.003 E216.0812
G1 X100.327 Y101.978 E216.09227
G1 X100.702 Y101.877 E216.10519
G1 X101.035 Y101.713 E216.11753
G1 X101.224 Y101.583 E216.12516
G1 X101.382 Y101.446 E216.13212
G1 X101.519 Y101.301 E216.13875
G1 X101.644 Y101.14 E216.14553
G1 X101.748 Y100.969 E216.15219
G1 X101.835 Y100.795 E216.15866
G1 X101.897 Y100.626 E216.16465
G1 X101.904 Y100.609 E216.16526
G1 X101.961 Y100.4 E216.17247
G1 X102.005 Y100.009 E216.18555
G0 F7200 X101.603 Y100.006
G1 F2400 X101.573 Y99.693 E216.19601
G1 X101.487 Y99.405 E216.20601
G1 X101.412 Y99.247 E216.21182
G1 X101.328 Y99.106 E216.21728
G1 X101.231 Y98.977 E216.22265
G1 X101.121 Y98.857 E216.22807
G1 X100.998 Y98.748 E216.23353
G1 X100.866 Y98.654 E216.23892
G1 X100.727 Y98.574 E216.24426
G1 X100.57 Y98.504 E216.24997
G1 X100.29 Y98.423 E216.25967
G1 X99.997 Y98.397 E216.26945
G1 X99.692 Y98.427 E216.27964
G1 X99.405 Y98.513 E216.28961
G1 X99.247 Y98.588 E216.29543
G1 X99.106 Y98.672 E216.30089
G1 X98.977 Y98.769 E216.30625
G1 X98.857 Y98.879 E216.31167
G1 X98.748 Y99.002 E216.31713
G1 X98.654 Y99.134 E216.32252
G1 X98.574 Y99.273 E216.32786
G1 X98.504 Y99.43 E216.33358
G1 X98.423 Y99.71 E216.34327
G1 X98.397 Y100.003 E216.35305
G1 X98.427 Y100.308 E216.36325
G1 X98.513 Y100.595 E216.37321
G1 X98.588 Y100.753 E216.37903
G1 X98.672 Y100.894 E216.38449
G1 X98.769 Y101.023 E216.38986
G1 X98.879 Y101.143 E216.39527
G1 X99.002 Y101.252 E216.40074
G1 X99.134 Y101.346 E216.40613
G1 X99.273 Y101.426 E216.41146
G1 X99.43 Y101.496 E216.41718
G1 X99.709 Y101.577 E216.42684
G1 X99.997 Y101.602 E216.43646
G1 X100.259 Y101.582 E216.4452
G1 X100.56 Y101.501 E216.45556
G1 X100.832 Y101.367 E216.46565
G1 X100.979 Y101.266 E216.47158
G1 X101.105 Y101.157 E216.47712
G1 X101.214 Y101.041 E216.48242
G1 X101.314 Y100.912 E216.48784
G1 X101.398 Y100.775 E216.49319
G1 X101.468 Y100.635 E216.49839
G1 X101.523 Y100.487 E216.50365
G1 X101.567 Y100.325 E216.50923
G1 X101.603 Y100.006 E216.51991
G0 F7200 X101.201 Y100.002
;TYPE:WALL-OUTER
G1 F1200 X101.179 Y99.77 E216.52766
G1 X101.112 Y99.548 E216.53537
G1 X101.059 Y99.435 E216.53952
G1 X100.996 Y99.33 E216.54359
G1 X100.923 Y99.233 E216.54763
G1 X100.84 Y99.143 E216.5517
G1 X100.748 Y99.061 E216.5558
G1 X100.65 Y98.991 E216.55981
G1 X100.545 Y98.931 E216.56383
G1 X100.432 Y98.88 E216.56795
G1 X100.217 Y98.818 E216.5754
G1 X99.999 Y98.799 E216.58268
G1 X99.77 Y98.821 E216.59033
G1 X99.548 Y98.888 E216.59804
G1 X99.435 Y98.941 E216.60219
G1 X99.33 Y99.004 E216.60626
G1 X99.233 Y99.077 E216.6103
G1 X99.143 Y99.16 E216.61437
G1 X99.061 Y99.252 E216.61847
G1 X98.991 Y99.35 E216.62248
G1 X98.931 Y99.455 E216.6265
G1 X98.88 Y99.568 E216.63062
G1 X98.818 Y99.783 E216.63807
G1 X98.799 Y100.001 E216.64534
G1 X98.821 Y100.23 E216.653
G1 X98.888 Y100.452 E216.66071
G1 X98.941 Y100.565 E216.66486
G1 X99.004 Y100.67 E216.66893
G1 X99.077 Y100.767 E216.67297
G1 X99.16 Y100.857 E216.67704
G1 X99.252 Y100.939 E216.68114
G1 X99.35 Y101.009 E216.68515
G1 X99.455 Y101.069 E216.68917
G1 X99.568 Y101.12 E216.69329
G1 X99.783 Y101.182 E216.70073
G1 X99.999 Y101.201 E216.70795
G1 X100.191 Y101.186 E216.71435
G1 X100.418 Y101.125 E216.72217
G1 X100.629 Y101.021 E216.72999
G1 X100.734 Y100.949 E216.73423
G1 X100.827 Y100.868 E216.73833
G1 X100.91 Y100.78 E216.74235
G1 X100.985 Y100.684 E216.74641
G1 X101.048 Y100.581 E216.75042
G1 X101.101 Y100.475 E216.75436
G1 X101.142 Y100.365 E216.75827
G1 X101.173 Y100.25 E216.76223
G1 X101.201 Y100.002 E216.77053
G0 F7200 X101.183 Y99.803
G0 X101.621 Y99.763
G0 X101.68 Y99.758
G0 X106.454 Y93.544
;TYPE:WALL-INNER
G1 F2400 X106.454 Y93.743 E216.77715
G1 X106.454 Y106.454 E217.19992
G1 X93.745 Y106.455 E217.62262
G1 X93.546 Y106.455 E217.62924
G1 X93.546 Y106.256 E217.63352
G1 X93.546 Y93.546 E218.05626
G1 X106.255 Y93.544 E218.47896
G1 X106.454 Y93.544 E218.48324
G0 F7200 X106.854 Y93.343
G1 F2400 X106.854 Y106.854 E218.93262
G1 X93.345 Y106.855 E219.38193
G1 X93.146 Y106.855 E219.38855
G1 X93.146 Y106.656 E219.39283
G1 X93.146 Y93.146 E219.84218
G1 X106.655 Y93.144 E220.29149
G1 X106.854 Y93.144 E220.29811
G1 X106.854 Y93.343 E220.30239
G0 F7200 X107.054 Y92.744
;TYPE:WALL-OUTER
G1 F1200 X107.254 Y92.744 E220.30904
G1 X107.254 Y92.944 E220.31335
G1 X107.254 Y107.254 E220.7893
G1 X92.946 Y107.255 E221.26519
G1 X92.746 Y107.255 E221.27184
G1 X92.746 Y107.055 E221.27615
G1 X92.746 Y92.746 E221.75207
G1 X107.054 Y92.744 E222.22795
G0 F7200 X107.254 Y92.744
G0 X106.784 Y93.214
G0 X106.064 Y93.934
;TYPE:SKIN
G1 F1200 X106.064 Y106.064 E222.6314
G1 X93.936 Y106.065 E223.03478
G1 X93.936 Y93.936 E223.43819
G1 X106.064 Y93.934 E223.84157
G0 F7200 X101.675 Y98.292
G1 F1200 X101.489 Y98.129 E223.84979
G1 X101.293 Y97.989 E223.85781
G1 X101.087 Y97.87 E223.86572
G1 X100.842 Y97.76 E223.87465
G1 X100.436 Y97.643 E223.8887
G1 X99.993 Y97.603 E223.9035
G1 X99.538 Y97.649 E223.91871
G1 X99.121 Y97.774 E223.93319
G1 X98.875 Y97.89 E223.94223
G1 X98.665 Y98.015 E223.95036
G1 X98.471 Y98.161 E223.95844
G1 X98.292 Y98.325 E223.96651
G1 X98.129 Y98.511 E223.97474
G1 X97.989 Y98.707 E223.98275
G1 X97.87 Y98.913 E223.99066
G1 X97.76 Y99.158 E223.99959
G1 X97.643 Y99.564 E224.01365
G1 X97.603 Y100.007 E224.02844
G1 X97.649 Y100.462 E224.04365
G1 X97.774 Y100.879 E224.05813
G1 X97.89 Y101.125 E224.06718
G1 X98.015 Y101.335 E224.07531
G1 X98.161 Y101.529 E224.08338
G1 X98.325 Y101.708 E224.09146
G1 X98.511 Y101.871 E224.09968
G1 X98.707 Y102.011 E224.10769
G1 X98.914 Y102.132 E224.11567
G1 X99.158 Y102.239 E224.12453
G1 X99.563 Y102.358 E224.13857
G1 X99.993 Y102.395 E224.15292
G1 X100.393 Y102.364 E224.16627
G1 X100.84 Y102.244 E224.18166
G1 X101.232 Y102.05 E224.19621
G1 X101.463 Y101.892 E224.20552
G1 X101.653 Y101.728 E224.21386
G1 X101.816 Y101.555 E224.22177
G1 X101.966 Y101.362 E224.2299
G1 X102.089 Y101.158 E224.23782
G1 X102.193 Y100.951 E224.24553
G1 X102.276 Y100.728 E224.25344
G1 X102.345 Y100.474 E224.2622
G1 X102.397 Y100.012 E224.27766
G1 X102.351 Y99.542 E224.29337
G1 X102.227 Y99.121 E224.30796
G1 X102.11 Y98.874 E224.31705
G1 X101.985 Y98.665 E224.32515
G1 X101.839 Y98.471 E224.33323
G1 X101.675 Y98.292 E224.3413
G0 F7200 X105.883 Y94.569
G1 F1200 X105.428 Y94.114 E224.36271
G0 F7200 X104.862 Y94.114
G1 F1200 X105.883 Y95.135 E224.41073
G0 F7200 X105.883 Y95.701
G1 F1200 X104.296 Y94.114 E224.48538
G0 F7200 X103.731 Y94.114
G1 F1200 X105.883 Y96.266 E224.5866
G0 F7200 X105.883 Y96.832
G1 F1200 X103.165 Y94.114 E224.71445
G0 F7200 X102.599 Y94.114
G1 F1200 X105.883 Y97.398 E224.86892
G0 F7200 X105.883 Y97.963
G1 F1200 X102.034 Y94.114 E225.04996
G0 F7200 X101.469 Y94.115
G1 F1200 X105.883 Y98.529 E225.25758
G0 F7200 X105.883 Y99.095
G1 F1200 X100.903 Y94.115 E225.49183
G0 F7200 X100.337 Y94.115
G1 F1200 X105.883 Y99.661 E225.75269
G0 F7200 X105.883 Y100.226
G1 F1200 X99.772 Y94.115 E226.04014
G0 F7200 X99.206 Y94.115
G1 F1200 X105.883 Y100.792 E226.3542
G0 F7200 X105.883 Y101.358
G1 F1200 X98.64 Y94.115 E226.69489
G0 F7200 X98.075 Y94.115
G1 F1200 X105.883 Y101.923 E227.06216
G0 F7200 X105.883 Y102.489
G1 F1200 X102.344 Y98.95 E227.22862
G0 F7200 X102.548 Y99.719
G1 F1200 X105.883 Y103.055 E227.38551
G0 F7200 X105.883 Y103.62
G1 F1200 X102.546 Y100.284 E227.54245
G0 F7200 X102.454 Y100.757
G1 F1200 X105.883 Y104.186 E227.70374
G0 F7200 X105.883 Y104.752
G1 F1200 X102.289 Y101.157 E227.87281
G0 F7200 X102.076 Y101.51
G1 F1200 X105.883 Y105.317 E228.05188
G0 F7200 X105.883 Y105.883
G1 F1200 X101.815 Y101.815 E228.24323
G0 F7200 X101.51 Y102.076
G1 F1200 X105.317 Y105.883 E228.4223
G0 F7200 X104.752 Y105.883
G1 F1200 X101.156 Y102.287 E228.59144
G0 F7200 X100.756 Y102.453
G1 F1200 X104.186 Y105.883 E228.75278
G0 F7200 X103.62 Y105.883
G1 F1200 X100.289 Y102.552 E228.90946
G0 F7200 X99.724 Y102.553
G1 F1200 X103.055 Y105.883 E229.06612
G0 F7200 X102.489 Y105.883
G1 F1200 X98.951 Y102.345 E229.23253
G1 X98.881 Y102.275
G0 F7200 X97.656 Y101.05
G1 F1200 X94.115 Y97.51 E229.39907
G0 F7200 X94.115 Y96.944
G1 F1200 X97.449 Y100.278 E229.55589
G0 F7200 X97.449 Y99.712
G1 F1200 X94.115 Y96.378 E229.71271
G0 F7200 X94.115 Y95.812
G1 F1200 X97.547 Y99.244 E229.87414
G0 F7200 X97.706 Y98.837
G1 F1200 X94.115 Y95.247 E230.04303
G0 F7200 X94.115 Y94.681
G1 F1200 X97.923 Y98.489 E230.22214
G0 F7200 X98.181 Y98.181
G1 F1200 X94.115 Y94.115 E230.4134
G0 F7200 X94.681 Y94.115
G1 F1200 X98.487 Y97.921 E230.59242
G0 F7200 X98.838 Y97.707
G1 F1200 X95.247 Y94.115 E230.76135
G0 F7200 X95.812 Y94.115
G1 F1200 X99.245 Y97.548 E230.92283
G0 F7200 X99.712 Y97.449
G1 F1200 X96.378 Y94.115 E231.07965
G0 F7200 X96.944 Y94.115
G1 F1200 X100.275 Y97.447 E231.23635
G1 X100.345 Y97.517
G0 F7200 X101.05 Y97.656
G1 F1200 X97.51 Y94.115 E231.40289
G1 X97.44 Y94.045
G0 F7200 X94.115 Y98.075
G1 F1200 X101.923 Y105.883 E231.77015
G0 F7200 X101.358 Y105.883
G1 F1200 X94.115 Y98.641 E232.11082
G0 F7200 X94.115 Y99.207
G1 F1200 X100.792 Y105.883 E232.42486
G0 F7200 X100.226 Y105.883
G1 F1200 X94.115 Y99.772 E232.7123
G0 F7200 X94.115 Y100.338
G1 F1200 X99.661 Y105.883 E232.97315
G0 F7200 X99.095 Y105.883
G1 F1200 X94.115 Y100.904 E233.20737
G0 F7200 X94.115 Y101.469
G1 F1200 X98.529 Y105.883 E233.41499
G0 F7200 X97.963 Y105.883
G1 F1200 X94.115 Y102.035 E233.59599
G0 F7200 X94.115 Y102.601
G1 F1200 X97.398 Y105.883 E233.75038
G0 F7200 X96.832 Y105.883
G1 F1200 X94.115 Y103.166 E233.87818
G0 F7200 X94.115 Y103.732
G1 F1200 X96.266 Y105.883 E233.97936
G0 F7200 X95.701 Y105.883
G1 F1200 X94.115 Y104.298 E234.05394
G0 F7200 X94.115 Y104.863
G1 F1200 X95.135 Y105.883 E234.10191
G0 F7200 X94.569 Y105.883
G1 F1200 X94.115 Y105.429 E234.12327
;MESH:NONMESH
G0 F7200 X98.829 Y98.851
G0 X99.614 Y98.033
;TIME_ELAPSED:353.078451
;LAYER:5
;MESH:Push.stl
G0 X99.614 Y98.033 Z1.972
;TYPE:WALL-INNER
G1 F2400 X99.261 Y98.139 E234.13553
G1 X99.058 Y98.235 E234.143
G1 X98.883 Y98.339 E234.14977
G1 X98.721 Y98.461 E234.15651
G1 X98.571 Y98.598 E234.16327
G1 X98.435 Y98.753 E234.17013
G1 X98.317 Y98.918 E234.17688
G1 X98.217 Y99.091 E234.18352
G1 X98.127 Y99.292 E234.19085
G1 X98.028 Y99.636 E234.20275
G1 X97.995 Y100.005 E234.21507
G1 X98.033 Y100.386 E234.22781
G1 X98.139 Y100.739 E234.24007
G1 X98.235 Y100.942 E234.24754
G1 X98.339 Y101.117 E234.25431
G1 X98.461 Y101.279 E234.26105
G1 X98.598 Y101.429 E234.26781
G1 X98.753 Y101.565 E234.27467
G1 X98.918 Y101.683 E234.28141
G1 X99.091 Y101.783 E234.28806
G1 X99.269 Y101.861 E234.29452
G1 X99.292 Y101.872 E234.29537
G1 X99.635 Y101.972 E234.30726
G1 X99.985 Y102.003 E234.31894
G1 X100.261 Y101.986 E234.32814
G1 X100.604 Y101.91 E234.33982
G1 X100.816 Y101.827 E234.3474
G1 X100.997 Y101.734 E234.35416
G1 X101.159 Y101.629 E234.36059
G1 X101.32 Y101.505 E234.36734
G1 X101.488 Y101.339 E234.3752
G1 X101.697 Y101.059 E234.38682
G1 X101.805 Y100.863 E234.39426
G1 X101.887 Y100.666 E234.40136
G1 X101.972 Y100.36 E234.41192
G1 X102.005 Y99.995 E234.42411
G1 X101.967 Y99.614 E234.43685
G1 X101.861 Y99.261 E234.44911
G1 X101.765 Y99.058 E234.45658
G1 X101.661 Y98.883 E234.46335
G1 X101.539 Y98.721 E234.47009
G1 X101.402 Y98.571 E234.47685
G1 X101.247 Y98.435 E234.48371
G1 X101.082 Y98.317 E234.49045
G1 X100.909 Y98.217 E234.4971
G1 X100.708 Y98.127 E234.50443
G1 X100.364 Y98.028 E234.51633
G1 X99.995 Y97.995 E234.52865
G1 X99.614 Y98.033 E234.54139
G0 F7200 X99.692 Y98.427
G1 F2400 X99.405 Y98.513 E234.55135
G1 X99.247 Y98.588 E234.55717
G1 X99.106 Y98.672 E234.56263
G1 X98.977 Y98.769 E234.568
G1 X98.857 Y98.879 E234.57341
G1 X98.748 Y99.002 E234.57888
G1 X98.654 Y99.134 E234.58427
G1 X98.574 Y99.273 E234.5896
G1 X98.504 Y99.43 E234.59532
G1 X98.423 Y99.71 E234.60501
G1 X98.397 Y100.003 E234.6148
G1 X98.427 Y100.308 E234.62499
G1 X98.513 Y100.595 E234.63496
G1 X98.588 Y100.753 E234.64077
G1 X98.672 Y100.894 E234.64623
G1 X98.769 Y101.023 E234.6516
G1 X98.879 Y101.143 E234.65701
G1 X99.002 Y101.252 E234.66248
G1 X99.134 Y101.346 E234.66787
G1 X99.273 Y101.426 E234.6732
G1 X99.43 Y101.496 E234.67892
G1 X99.709 Y101.577 E234.68858
G1 X99.991 Y101.602 E234.698
G1 X100.205 Y101.589 E234.70513
G1 X100.487 Y101.526 E234.71474
G1 X100.651 Y101.462 E234.7206
G1 X100.796 Y101.387 E234.72603
G1 X100.928 Y101.302 E234.73125
G1 X101.056 Y101.203 E234.73663
G1 X101.186 Y101.075 E234.7427
G1 X101.36 Y100.842 E234.75237
G1 X101.444 Y100.689 E234.75818
G1 X101.508 Y100.535 E234.76372
G1 X101.577 Y100.288 E234.77225
G1 X101.603 Y99.997 E234.78197
G1 X101.573 Y99.692 E234.79216
G1 X101.487 Y99.405 E234.80213
G1 X101.412 Y99.247 E234.80795
G1 X101.328 Y99.106 E234.8134
G1 X101.231 Y98.977 E234.81877
G1 X101.121 Y98.857 E234.82419
G1 X100.998 Y98.748 E234.82965
G1 X100.866 Y98.654 E234.83504
G1 X100.727 Y98.574 E234.84038
G1 X100.57 Y98.504 E234.84609
G1 X100.29 Y98.423 E234.85579
G1 X99.997 Y98.397 E234.86557
G1 X99.692 Y98.427 E234.87577
G0 F7200 X99.77 Y98.821
;TYPE:WALL-OUTER
G1 F1200 X99.548 Y98.888 E234.88348
G1 X99.435 Y98.941 E234.88763
G1 X99.33 Y99.004 E234.8917
G1 X99.233 Y99.077 E234.89574
G1 X99.143 Y99.16 E234.89981
G1 X99.061 Y99.252 E234.90391
G1 X98.991 Y99.35 E234.90792
G1 X98.931 Y99.455 E234.91194
G1 X98.88 Y99.568 E234.91606
G1 X98.818 Y99.783 E234.9235
G1 X98.799 Y100.001 E234.93078
G1 X98.821 Y100.23 E234.93843
G1 X98.888 Y100.452 E234.94615
G1 X98.941 Y100.565 E234.9503
G1 X99.004 Y100.67 E234.95437
G1 X99.077 Y100.767 E234.95841
G1 X99.16 Y100.857 E234.96248
G1 X99.252 Y100.939 E234.96658
G1 X99.35 Y101.009 E234.97059
G1 X99.455 Y101.069 E234.97461
G1 X99.568 Y101.12 E234.97873
G1 X99.783 Y101.182 E234.98617
G1 X99.997 Y101.201 E234.99332
G1 X100.149 Y101.192 E234.99838
G1 X100.37 Y101.142 E235.00592
G1 X100.487 Y101.097 E235.01009
G1 X100.595 Y101.041 E235.01414
G1 X100.696 Y100.976 E235.01813
G1 X100.792 Y100.901 E235.02218
G1 X100.884 Y100.811 E235.02646
G1 X101.023 Y100.625 E235.03419
G1 X101.083 Y100.516 E235.03832
G1 X101.129 Y100.404 E235.04235
G1 X101.182 Y100.216 E235.04885
G1 X101.201 Y99.999 E235.05609
G1 X101.179 Y99.77 E235.06374
G1 X101.112 Y99.548 E235.07146
G1 X101.059 Y99.435 E235.07561
G1 X100.996 Y99.33 E235.07968
G1 X100.923 Y99.233 E235.08372
G1 X100.84 Y99.143 E235.08779
G1 X100.748 Y99.061 E235.09189
G1 X100.65 Y98.991 E235.0959
G1 X100.545 Y98.931 E235.09992
G1 X100.432 Y98.88 E235.10404
G1 X100.217 Y98.818 E235.11148
G1 X99.999 Y98.799 E235.11876
G1 X99.77 Y98.821 E235.12641
G0 F7200 X99.578 Y98.879
G0 X99.45 Y98.457
G0 X99.434 Y98.401
G0 X106.494 Y93.506
;TYPE:WALL-INNER
G1 F2400 X106.494 Y93.705 E235.13303
G1 X106.493 Y106.493 E235.55836
G1 X93.705 Y106.494 E235.98369
G1 X93.506 Y106.494 E235.99031
G1 X93.506 Y106.295 E235.99459
G1 X93.507 Y93.507 E236.41993
G1 X106.295 Y93.506 E236.84526
G1 X106.494 Y93.506 E236.84954
G0 F7200 X106.894 Y93.305
G1 F2400 X106.893 Y106.893 E237.30148
G1 X93.305 Y106.894 E237.75342
G1 X93.106 Y106.894 E237.76003
G1 X93.106 Y106.695 E237.76432
G1 X93.107 Y93.107 E238.21626
G1 X106.695 Y93.106 E238.66819
G1 X106.894 Y93.106 E238.67481
G1 X106.894 Y93.305 E238.6791
G0 F7200 X107.294 Y92.906
;TYPE:WALL-OUTER
G1 F1200 X107.293 Y107.293 E239.15761
G1 X92.906 Y107.294 E239.63612
G1 X92.706 Y107.294 E239.64277
G1 X92.706 Y107.094 E239.64708
G1 X92.707 Y92.707 E240.1256
G1 X107.094 Y92.706 E240.60411
G1 X107.294 Y92.706 E240.61076
G1 X107.294 Y92.906 E240.61507
G0 F7200 X107.294 Y93.106
G0 X106.853 Y93.147
G0 X106.852 Y93.207
G0 X106.104 Y93.896
;TYPE:SKIN
G1 F1200 X106.103 Y106.103 E241.02107
G1 X93.896 Y106.104 E241.42708
G1 X93.897 Y93.897 E241.83309
G1 X106.104 Y93.896 E242.23909
G0 F7200 X101.675 Y98.292
G1 F1200 X101.489 Y98.129 E242.24732
G1 X101.293 Y97.989 E242.25533
G1 X101.087 Y97.87 E242.26324
G1 X100.842 Y97.76 E242.27218
G1 X100.436 Y97.643 E242.28623
G1 X99.993 Y97.603 E242.30102
G1 X99.538 Y97.649 E242.31623
G1 X99.121 Y97.774 E242.33071
G1 X98.875 Y97.89 E242.33976
G1 X98.665 Y98.015 E242.34789
G1 X98.471 Y98.161 E242.35596
G1 X98.292 Y98.325 E242.36404
G1 X98.129 Y98.511 E242.37226
G1 X97.989 Y98.707 E242.38027
G1 X97.87 Y98.913 E242.38819
G1 X97.76 Y99.158 E242.39712
G1 X97.643 Y99.564 E242.41117
G1 X97.603 Y100.007 E242.42597
G1 X97.649 Y100.462 E242.44118
G1 X97.774 Y100.879 E242.45566
G1 X97.89 Y101.125 E242.4647
G1 X98.015 Y101.335 E242.47283
G1 X98.161 Y101.529 E242.48091
G1 X98.325 Y101.708 E242.48898
G1 X98.511 Y101.871 E242.49721
G1 X98.707 Y102.011 E242.50522
G1 X98.914 Y102.132 E242.51319
G1 X99.158 Y102.239 E242.52205
G1 X99.563 Y102.357 E242.53608
G1 X99.979 Y102.395 E242.54998
G1 X100.316 Y102.374 E242.56121
G1 X100.717 Y102.284 E242.57488
G1 X100.976 Y102.183 E242.58412
G1 X101.192 Y102.072 E242.5922
G1 X101.385 Y101.947 E242.59985
G1 X101.577 Y101.799 E242.60791
G1 X101.783 Y101.596 E242.61753
G1 X102.026 Y101.271 E242.63103
G1 X102.157 Y101.032 E242.64009
G1 X102.256 Y100.793 E242.6487
G1 X102.358 Y100.43 E242.66124
G1 X102.397 Y99.993 E242.67583
G1 X102.351 Y99.538 E242.69104
G1 X102.226 Y99.121 E242.70552
G1 X102.11 Y98.875 E242.71457
G1 X101.985 Y98.665 E242.7227
G1 X101.839 Y98.471 E242.73077
G1 X101.675 Y98.292 E242.73885
G0 F7200 X94.076 Y94.296
G1 F1200 X94.296 Y94.076 E242.74919
G0 F7200 X94.862 Y94.076
G1 F1200 X94.076 Y94.862 E242.78616
G0 F7200 X94.076 Y95.428
G1 F1200 X95.428 Y94.076 E242.84976
G0 F7200 X95.993 Y94.076
G1 F1200 X94.076 Y95.993 E242.93993
G0 F7200 X94.076 Y96.559
G1 F1200 X96.559 Y94.076 E243.05672
G0 F7200 X97.125 Y94.076
G1 F1200 X94.076 Y97.125 E243.20014
G0 F7200 X94.076 Y97.691
G1 F1200 X97.691 Y94.076 E243.37018
G0 F7200 X98.256 Y94.076
G1 F1200 X94.076 Y98.256 E243.56679
G0 F7200 X94.076 Y98.822
G1 F1200 X98.822 Y94.076 E243.79003
G0 F7200 X99.388 Y94.076
G1 F1200 X94.076 Y99.388 E244.03989
G0 F7200 X94.076 Y99.953
G1 F1200 X99.953 Y94.076 E244.31632
G0 F7200 X100.519 Y94.076
G1 F1200 X94.076 Y100.519 E244.61938
G0 F7200 X94.076 Y101.085
G1 F1200 X101.085 Y94.076 E244.94906
G0 F7200 X101.65 Y94.076
G1 F1200 X94.076 Y101.65 E245.30532
G0 F7200 X94.076 Y102.216
G1 F1200 X102.216 Y94.076 E245.6882
G0 F7200 X102.782 Y94.076
G1 F1200 X99.337 Y97.521 E245.85024
G0 F7200 X100.001 Y97.423
G1 F1200 X103.347 Y94.076 E246.00765
G0 F7200 X103.913 Y94.076
G1 F1200 X100.511 Y97.478 E246.16767
G0 F7200 X100.945 Y97.609
G1 F1200 X104.479 Y94.076 E246.33388
G0 F7200 X105.044 Y94.076
G1 F1200 X101.322 Y97.799 E246.50897
G0 F7200 X101.652 Y98.034
G1 F1200 X105.61 Y94.076 E246.69515
G0 F7200 X105.922 Y94.33
G1 F1200 X101.938 Y98.314 E246.88254
G0 F7200 X102.179 Y98.639
G1 F1200 X105.922 Y94.895 E247.05862
G0 F7200 X105.922 Y95.461
G1 F1200 X102.373 Y99.01 E247.22556
G0 F7200 X102.509 Y99.439
G1 F1200 X105.922 Y96.027 E247.38607
G0 F7200 X105.922 Y96.592
G1 F1200 X102.572 Y99.942 E247.54364
G0 F7200 X102.503 Y100.577
G1 F1200 X105.922 Y97.158 E247.70446
G0 F7200 X105.922 Y97.724
G1 F1200 X97.723 Y105.923 E248.09012
G0 F7200 X97.157 Y105.923
G1 F1200 X100.583 Y102.497 E248.25127
G0 F7200 X99.943 Y102.571
G1 F1200 X96.592 Y105.923 E248.40891
G0 F7200 X96.026 Y105.923
G1 F1200 X99.442 Y102.507 E248.56959
G0 F7200 X99.013 Y102.37
G1 F1200 X95.46 Y105.923 E248.73671
G0 F7200 X94.895 Y105.923
G1 F1200 X98.639 Y102.179 E248.91282
G0 F7200 X98.315 Y101.937
G1 F1200 X94.329 Y105.923 E249.10031
G0 F7200 X94.076 Y105.61
G1 F1200 X98.032 Y101.654 E249.28639
G0 F7200 X97.797 Y101.323
G1 F1200 X94.076 Y105.044 E249.46141
G0 F7200 X94.076 Y104.479
G1 F1200 X97.607 Y100.947 E249.62752
G0 F7200 X97.476 Y100.513
G1 F1200 X94.076 Y103.913 E249.78745
G0 F7200 X94.076 Y103.347
G1 F1200 X97.423 Y100.001 E249.94486
G0 F7200 X97.52 Y99.337
G1 F1200 X94.076 Y102.782 E250.10688
G1 X94.006 Y102.852
G0 F7200 X98.289 Y105.923
G1 F1200 X105.922 Y98.289 E250.46593
G0 F7200 X105.922 Y98.855
G1 F1200 X98.854 Y105.923 E250.79839
G0 F7200 X99.42 Y105.923
G1 F1200 X105.922 Y99.421 E251.10422
G0 F7200 X105.922 Y99.987
G1 F1200 X99.986 Y105.923 E251.38343
G0 F7200 X100.551 Y105.923
G1 F1200 X105.922 Y100.552 E251.63607
G0 F7200 X105.922 Y101.118
G1 F1200 X101.117 Y105.923 E251.86208
G0 F7200 X101.683 Y105.923
G1 F1200 X105.922 Y101.684 E252.06147
G0 F7200 X105.922 Y102.249
G1 F1200 X102.249 Y105.923 E252.23426
G0 F7200 X102.814 Y105.923
G1 F1200 X105.922 Y102.815 E252.38045
G0 F7200 X105.922 Y103.381
G1 F1200 X103.38 Y105.923 E252.50002
G0 F7200 X103.946 Y105.923
G1 F1200 X105.922 Y103.946 E252.59299
G0 F7200 X105.922 Y104.512
G1 F1200 X104.511 Y105.923 E252.65936
G0 F7200 X105.077 Y105.923
G1 F1200 X105.922 Y105.078 E252.6991
G0 F7200 X105.922 Y105.643
G1 F1200 X105.643 Y105.923 E252.71225
;MESH:NONMESH
G0 F7200 X98.851 Y101.171
G0 X93.659 Y93.659
;TIME_ELAPSED:379.656857
;LAYER:6
;MESH:Push.stl
G0 X93.659 Y93.659 Z2.172
;TYPE:FILL
G1 F2400 X98.472 Y98.472 E252.93864
G1 X98.542 Y98.542
G0 F7200 X99.864 Y98.379
G0 X101.526 Y98.473
G1 F2400 X106.339 Y93.659 E253.16505
G1 X106.409 Y93.589
G0 F7200 X104.973 Y93.659
G1 F2400 X106.339 Y95.025 E253.2293
G1 X106.409 Y95.095
G0 F7200 X106.339 Y99.316
G1 F2400 X99.316 Y106.339 E253.55964
G1 X99.246 Y106.409
G0 F7200 X100.682 Y106.339
G1 F2400 X93.659 Y99.316 E253.88999
G1 X93.589 Y99.246
G0 F7200 X93.659 Y100.682
G1 F2400 X100.682 Y93.659 E254.22033
G1 X100.752 Y93.589
G0 F7200 X99.316 Y93.659
G1 F2400 X106.339 Y100.682 E254.55067
G1 X106.409 Y100.752
G0 F7200 X106.339 Y104.973
G1 F2400 X104.973 Y106.339 E254.61492
G1 X104.903 Y106.409
G0 F7200 X106.339 Y106.339
G1 F2400 X101.526 Y101.526 E254.84131
G1 X101.456 Y101.456
G0 F7200 X100.036 Y101.617
G0 X98.473 Y101.526
G1 F2400 X93.659 Y106.339 E255.06772
G1 X93.589 Y106.409
G0 F7200 X93.659 Y104.973
G1 F2400 X95.025 Y106.339 E255.13197
G1 X95.095 Y106.409
G0 F7200 X93.659 Y95.025
G1 F2400 X95.025 Y93.659 E255.19622
G1 X95.095 Y93.589
G0 F7200 X101.256 Y98.947
G0 X101.438 Y99.289
G0 X101.972 Y100.363
;TYPE:WALL-INNER
G1 F2400 X102.002 Y100.018 E255.20774
G1 X101.99 Y99.784 E255.21554
G1 X101.928 Y99.457 E255.22661
G1 X101.85 Y99.237 E255.23437
G1 X101.763 Y99.054 E255.24111
G1 X101.66 Y98.88 E255.24783
G1 X101.532 Y98.714 E255.25481
G1 X101.4 Y98.571 E255.26128
G1 X101.224 Y98.415 E255.2691
G1 X100.939 Y98.232 E255.28037
G1 X100.71 Y98.128 E255.28873
G1 X100.363 Y98.028 E255.30074
G1 X100.018 Y97.998 E255.31226
G1 X99.784 Y98.01 E255.32005
G1 X99.457 Y98.072 E255.33112
G1 X99.237 Y98.15 E255.33889
G1 X99.054 Y98.237 E255.34563
G1 X98.88 Y98.34 E255.35235
G1 X98.714 Y98.468 E255.35932
G1 X98.571 Y98.6 E255.3658
G1 X98.415 Y98.776 E255.37362
G1 X98.232 Y99.061 E255.38488
G1 X98.128 Y99.29 E255.39325
G1 X98.033 Y99.62 E255.40467
G1 X98.004 Y99.851 E255.41241
G1 X98.003 Y100.16 E255.42269
G1 X98.036 Y100.388 E255.43035
G1 X98.091 Y100.604 E255.43777
G1 X98.218 Y100.914 E255.44891
G1 X98.34 Y101.118 E255.45681
G1 X98.466 Y101.284 E255.46375
G1 X98.6 Y101.429 E255.47031
G1 X98.776 Y101.585 E255.47814
G1 X99.061 Y101.768 E255.4894
G1 X99.29 Y101.872 E255.49777
G1 X99.62 Y101.967 E255.50919
G1 X99.856 Y101.996 E255.5171
G1 X100.195 Y101.995 E255.52837
G1 X100.543 Y101.928 E255.54016
G1 X100.763 Y101.85 E255.54792
G1 X100.946 Y101.763 E255.55466
G1 X101.12 Y101.66 E255.56139
G1 X101.286 Y101.532 E255.56836
G1 X101.429 Y101.4 E255.57483
G1 X101.585 Y101.224 E255.58265
G1 X101.768 Y100.939 E255.59392
G1 X101.872 Y100.71 E255.60228
G1 X101.972 Y100.363 E255.61429
G0 F7200 X101.577 Y100.29
G1 F2400 X101.601 Y100.011 E255.62361
G1 X101.592 Y99.831 E255.6296
G1 X101.541 Y99.562 E255.63871
G1 X101.48 Y99.391 E255.64475
G1 X101.409 Y99.242 E255.65024
G1 X101.328 Y99.104 E255.65556
G1 X101.226 Y98.972 E255.66111
G1 X101.12 Y98.857 E255.66631
G1 X100.982 Y98.735 E255.67244
G1 X100.747 Y98.584 E255.68173
G1 X100.571 Y98.504 E255.68816
G1 X100.29 Y98.423 E255.69788
G1 X100.011 Y98.399 E255.7072
G1 X99.831 Y98.408 E255.71319
G1 X99.562 Y98.459 E255.7223
G1 X99.391 Y98.52 E255.72834
G1 X99.242 Y98.591 E255.73383
G1 X99.104 Y98.672 E255.73915
G1 X98.972 Y98.774 E255.7447
G1 X98.857 Y98.88 E255.7499
G1 X98.735 Y99.018 E255.75602
G1 X98.584 Y99.253 E255.76532
G1 X98.504 Y99.429 E255.77175
G1 X98.426 Y99.7 E255.78112
G1 X98.404 Y99.877 E255.78706
G1 X98.403 Y100.132 E255.79554
G1 X98.429 Y100.309 E255.80149
G1 X98.472 Y100.478 E255.80729
G1 X98.577 Y100.735 E255.81652
G1 X98.672 Y100.894 E255.82268
G1 X98.773 Y101.027 E255.82824
G1 X98.88 Y101.143 E255.83349
G1 X99.018 Y101.265 E255.83961
G1 X99.253 Y101.416 E255.8489
G1 X99.429 Y101.496 E255.85533
G1 X99.7 Y101.574 E255.86471
G1 X99.88 Y101.596 E255.87074
G1 X100.156 Y101.595 E255.87992
G1 X100.438 Y101.541 E255.88947
G1 X100.609 Y101.48 E255.89551
G1 X100.758 Y101.409 E255.901
G1 X100.896 Y101.328 E255.90632
G1 X101.028 Y101.226 E255.91187
G1 X101.143 Y101.12 E255.91707
G1 X101.265 Y100.982 E255.9232
G1 X101.416 Y100.747 E255.93249
G1 X101.496 Y100.571 E255.93892
G1 X101.577 Y100.29 E255.94865
G0 F7200 X101.182 Y100.217
;TYPE:WALL-OUTER
G1 F1200 X101.2 Y100.004 E255.95576
G1 X101.194 Y99.878 E255.95995
G1 X101.154 Y99.667 E255.9671
G1 X101.11 Y99.544 E255.97144
G1 X101.056 Y99.43 E255.97564
G1 X100.996 Y99.329 E255.97954
G1 X100.92 Y99.23 E255.98369
G1 X100.84 Y99.143 E255.98763
G1 X100.74 Y99.055 E255.99206
G1 X100.555 Y98.936 E255.99937
G1 X100.432 Y98.88 E256.00387
G1 X100.217 Y98.818 E256.01131
G1 X100.004 Y98.8 E256.01842
G1 X99.878 Y98.806 E256.02262
G1 X99.667 Y98.846 E256.02976
G1 X99.544 Y98.89 E256.0341
G1 X99.43 Y98.944 E256.0383
G1 X99.329 Y99.004 E256.04221
G1 X99.23 Y99.08 E256.04636
G1 X99.143 Y99.16 E256.05029
G1 X99.055 Y99.26 E256.05472
G1 X98.936 Y99.445 E256.06203
G1 X98.88 Y99.568 E256.06653
G1 X98.819 Y99.78 E256.07387
G1 X98.804 Y99.902 E256.07796
G1 X98.803 Y100.103 E256.08464
G1 X98.822 Y100.23 E256.08891
G1 X98.853 Y100.353 E256.09313
G1 X98.936 Y100.556 E256.10042
G1 X99.004 Y100.67 E256.10484
G1 X99.08 Y100.77 E256.10902
G1 X99.16 Y100.857 E256.11295
G1 X99.26 Y100.945 E256.11738
G1 X99.445 Y101.064 E256.1247
G1 X99.568 Y101.12 E256.12919
G1 X99.78 Y101.181 E256.13653
G1 X99.903 Y101.196 E256.14065
G1 X100.117 Y101.195 E256.14777
G1 X100.333 Y101.154 E256.15508
G1 X100.456 Y101.11 E256.15942
G1 X100.57 Y101.056 E256.16362
G1 X100.671 Y100.996 E256.16753
G1 X100.77 Y100.92 E256.17168
G1 X100.857 Y100.84 E256.17561
G1 X100.945 Y100.74 E256.18004
G1 X101.064 Y100.555 E256.18736
G1 X101.12 Y100.432 E256.19185
G1 X101.182 Y100.217 E256.19929
G0 F7200 X101.198 Y100.017
G0 X101.638 Y100.053
G0 X101.696 Y100.058
G0 X106.5 Y106.5
;TYPE:WALL-INNER
G1 F2400 X93.5 Y106.5 E256.63167
G1 X93.5 Y93.5 E257.06406
G1 X106.5 Y93.5 E257.49644
G1 X106.5 Y106.5 E257.92882
G0 F7200 X106.9 Y106.9
G1 F2400 X93.1 Y106.9 E258.38781
G1 X93.1 Y93.1 E258.8468
G1 X106.9 Y93.1 E259.30579
G1 X106.9 Y106.9 E259.76478
G0 F7200 X107.3 Y107.3
;TYPE:WALL-OUTER
G1 F1200 X92.7 Y107.3 E260.25038
G1 X92.7 Y92.7 E260.73598
G1 X107.3 Y92.7 E261.22157
G1 X107.3 Y107.3 E261.70717
G0 F7200 X107.1 Y107.3
G0 X106.86 Y106.86
G0 X106.5 Y106.5
;MESH:NONMESH
G0 X101.147 Y98.829
G0 X93.659 Y93.659
;TIME_ELAPSED:389.295523
;LAYER:7
;MESH:Push.stl
G0 X93.659 Y93.659 Z2.372
;TYPE:FILL
G1 F2400 X98.471 Y98.471 E261.93351
G1 X98.541 Y98.541
G0 F7200 X98.381 Y99.954
G0 X98.476 Y101.522
G1 F2400 X93.659 Y106.339 E262.16009
G1 X93.589 Y106.409
G0 F7200 X93.659 Y104.973
G1 F2400 X95.025 Y106.339 E262.22434
G1 X95.095 Y106.409
G0 F7200 X99.316 Y106.339
G1 F2400 X106.339 Y99.316 E262.55468
G1 X106.409 Y99.246
G0 F7200 X106.339 Y100.682
G1 F2400 X99.316 Y93.659 E262.88502
G1 X99.246 Y93.589
G0 F7200 X100.682 Y93.659
G1 F2400 X93.659 Y100.682 E263.21536
G1 X93.589 Y100.752
G0 F7200 X93.659 Y99.316
G1 F2400 X100.682 Y106.339 E263.5457
G1 X100.752 Y106.409
G0 F7200 X104.973 Y106.339
G1 F2400 X106.339 Y104.973 E263.60996
G1 X106.409 Y104.903
G0 F7200 X106.339 Y106.339
G1 F2400 X101.527 Y101.527 E263.8363
G1 X101.457 Y101.457
G0 F7200 X101.611 Y99.97
G0 X101.527 Y98.471
G1 F2400 X106.339 Y93.659 E264.06264
G1 X106.409 Y93.589
G0 F7200 X104.973 Y93.659
G1 F2400 X106.339 Y95.025 E264.12689
G1 X106.409 Y95.095
G0 F7200 X95.025 Y93.659
G1 F2400 X93.659 Y95.025 E264.19114
G1 X93.589 Y95.095
G0 F7200 X100.984 Y98.688
G0 X101.34 Y99.093
G0 X101.972 Y100.363
;TYPE:WALL-INNER
G1 F2400 X102.003 Y100.014 E264.2028
G1 X101.988 Y99.758 E264.21133
G1 X101.934 Y99.48 E264.22075
G1 X101.85 Y99.234 E264.22939
G1 X101.737 Y99.007 E264.23783
G1 X101.578 Y98.768 E264.24737
G1 X101.401 Y98.569 E264.25623
G1 X101.199 Y98.397 E264.26506
G1 X100.962 Y98.247 E264.27438
G1 X100.72 Y98.13 E264.28332
G1 X100.363 Y98.028 E264.29567
G1 X100.014 Y97.997 E264.30733
G1 X99.758 Y98.012 E264.31586
G1 X99.48 Y98.066 E264.32528
G1 X99.234 Y98.15 E264.33392
G1 X99.007 Y98.263 E264.34236
G1 X98.768 Y98.422 E264.3519
G1 X98.569 Y98.599 E264.36076
G1 X98.397 Y98.801 E264.36959
G1 X98.247 Y99.038 E264.37891
G1 X98.13 Y99.28 E264.38785
G1 X98.031 Y99.625 E264.39979
G1 X98.003 Y99.872 E264.40806
G1 X98.002 Y100.136 E264.41684
G1 X98.036 Y100.389 E264.42533
G1 X98.1 Y100.628 E264.43356
G1 X98.207 Y100.889 E264.44294
G1 X98.34 Y101.119 E264.45178
G1 X98.5 Y101.324 E264.46043
G1 X98.705 Y101.525 E264.46998
G1 X98.912 Y101.681 E264.4786
G1 X99.142 Y101.809 E264.48735
G1 X99.401 Y101.909 E264.49659
G1 X99.636 Y101.969 E264.50465
G1 X99.885 Y101.997 E264.51299
G1 X100.222 Y101.991 E264.5242
G1 X100.52 Y101.933 E264.5343
G1 X100.765 Y101.85 E264.5429
G1 X100.993 Y101.737 E264.55136
G1 X101.232 Y101.578 E264.56091
G1 X101.431 Y101.401 E264.56977
G1 X101.603 Y101.199 E264.57859
G1 X101.753 Y100.962 E264.58792
G1 X101.87 Y100.72 E264.59686
G1 X101.972 Y100.363 E264.60921
G0 F7200 X101.577 Y100.29
G1 F2400 X101.602 Y100.008 E264.61863
G1 X101.59 Y99.808 E264.62529
G1 X101.547 Y99.583 E264.63291
G1 X101.48 Y99.389 E264.63974
G1 X101.39 Y99.207 E264.64649
G1 X101.261 Y99.013 E264.65424
G1 X101.121 Y98.856 E264.66123
G1 X100.961 Y98.72 E264.66822
G1 X100.767 Y98.597 E264.67586
G1 X100.577 Y98.505 E264.68288
G1 X100.29 Y98.423 E264.69281
G1 X100.008 Y98.398 E264.70222
G1 X99.808 Y98.41 E264.70889
G1 X99.583 Y98.453 E264.71651
G1 X99.389 Y98.52 E264.72333
G1 X99.207 Y98.61 E264.73009
G1 X99.013 Y98.739 E264.73784
G1 X98.856 Y98.879 E264.74483
G1 X98.72 Y99.039 E264.75182
G1 X98.597 Y99.233 E264.75946
G1 X98.505 Y99.423 E264.76648
G1 X98.425 Y99.703 E264.77616
G1 X98.403 Y99.896 E264.78262
G1 X98.402 Y100.11 E264.78974
G1 X98.429 Y100.31 E264.79645
G1 X98.48 Y100.5 E264.803
G1 X98.567 Y100.713 E264.81065
G1 X98.672 Y100.895 E264.81764
G1 X98.799 Y101.057 E264.82448
G1 X98.966 Y101.221 E264.83227
G1 X99.131 Y101.345 E264.83913
G1 X99.312 Y101.446 E264.84603
G1 X99.523 Y101.527 E264.85355
G1 X99.709 Y101.575 E264.85993
G1 X99.904 Y101.597 E264.86646
G1 X100.18 Y101.592 E264.87564
G1 X100.417 Y101.546 E264.88367
G1 X100.611 Y101.48 E264.89049
G1 X100.793 Y101.39 E264.89724
G1 X100.987 Y101.261 E264.90499
G1 X101.144 Y101.121 E264.91199
G1 X101.28 Y100.961 E264.91897
G1 X101.403 Y100.767 E264.92661
G1 X101.495 Y100.577 E264.93363
G1 X101.577 Y100.29 E264.94356
G0 F7200 X101.182 Y100.217
;TYPE:WALL-OUTER
G1 F1200 X101.201 Y100.003 E264.95071
G1 X101.192 Y99.858 E264.95554
G1 X101.159 Y99.686 E264.96136
G1 X101.11 Y99.543 E264.96639
G1 X101.043 Y99.408 E264.9714
G1 X100.943 Y99.258 E264.9774
G1 X100.841 Y99.143 E264.98251
G1 X100.723 Y99.043 E264.98766
G1 X100.572 Y98.947 E264.99361
G1 X100.434 Y98.88 E264.99871
G1 X100.217 Y98.818 E265.00622
G1 X100.003 Y98.799 E265.01336
G1 X99.858 Y98.808 E265.01819
G1 X99.686 Y98.841 E265.02402
G1 X99.543 Y98.89 E265.02905
G1 X99.408 Y98.957 E265.03406
G1 X99.258 Y99.057 E265.04006
G1 X99.143 Y99.159 E265.04517
G1 X99.043 Y99.277 E265.05031
G1 X98.947 Y99.428 E265.05626
G1 X98.88 Y99.566 E265.06137
G1 X98.819 Y99.781 E265.0688
G1 X98.803 Y99.92 E265.07345
G1 X98.802 Y100.084 E265.07891
G1 X98.822 Y100.231 E265.08384
G1 X98.86 Y100.372 E265.0887
G1 X98.927 Y100.537 E265.09462
G1 X99.004 Y100.67 E265.09973
G1 X99.098 Y100.79 E265.1048
G1 X99.227 Y100.917 E265.11082
G1 X99.35 Y101.009 E265.11593
G1 X99.482 Y101.083 E265.12097
G1 X99.645 Y101.145 E265.12677
G1 X99.783 Y101.181 E265.13151
G1 X99.923 Y101.197 E265.1362
G1 X100.138 Y101.193 E265.14335
G1 X100.314 Y101.159 E265.14931
G1 X100.457 Y101.11 E265.15434
G1 X100.592 Y101.043 E265.15935
G1 X100.742 Y100.943 E265.16535
G1 X100.857 Y100.841 E265.17046
G1 X100.957 Y100.723 E265.1756
G1 X101.053 Y100.572 E265.18156
G1 X101.12 Y100.434 E265.18666
G1 X101.182 Y100.217 E265.19416
G0 F7200 X101.199 Y100.017
G0 X101.639 Y100.055
G0 X101.697 Y100.06
G0 X106.5 Y106.5
;TYPE:WALL-INNER
G1 F2400 X93.5 Y106.5 E265.62655
G1 X93.5 Y93.5 E266.05893
G1 X106.5 Y93.5 E266.49131
G1 X106.5 Y106.5 E266.92369
G0 F7200 X106.9 Y106.9
G1 F2400 X93.1 Y106.9 E267.38268
G1 X93.1 Y93.1 E267.84167
G1 X106.9 Y93.1 E268.30066
G1 X106.9 Y106.9 E268.75965
G0 F7200 X107.3 Y107.3
;TYPE:WALL-OUTER
G1 F1200 X92.7 Y107.3 E269.24525
G1 X92.7 Y92.7 E269.73085
G1 X107.3 Y92.7 E270.21644
G1 X107.3 Y107.3 E270.70204
G0 F7200 X107.1 Y107.3
G0 X106.86 Y106.86
G0 X106.5 Y106.5
;MESH:NONMESH
G0 X98.94 Y101.251
G0 X98.709 Y100.957
G0 X93.659 Y93.659
;TIME_ELAPSED:398.937836
;LAYER:8
;MESH:Push.stl
G0 X93.659 Y93.659 Z2.572
;TYPE:FILL
G1 F2400 X98.469 Y98.469 E270.92829
G1 X98.539 Y98.539
G0 F7200 X99.857 Y98.377
G0 X101.529 Y98.47
G1 F2400 X106.339 Y93.659 E271.15456
G1 X106.409 Y93.589
G0 F7200 X104.973 Y93.659
G1 F2400 X106.339 Y95.025 E271.21881
G1 X106.409 Y95.095
G0 F7200 X106.339 Y99.316
G1 F2400 X99.316 Y106.339 E271.54915
G1 X99.246 Y106.409
G0 F7200 X100.682 Y106.339
G1 F2400 X93.659 Y99.316 E271.87949
G1 X93.589 Y99.246
G0 F7200 X93.659 Y100.682
G1 F2400 X100.682 Y93.659 E272.20984
G1 X100.752 Y93.589
G0 F7200 X99.316 Y93.659
G1 F2400 X106.339 Y100.682 E272.54018
G1 X106.409 Y100.752
G0 F7200 X106.339 Y104.973
G1 F2400 X104.973 Y106.339 E272.60443
G1 X104.903 Y106.409
G0 F7200 X106.339 Y106.339
G1 F2400 X101.529 Y101.529 E272.83068
G1 X101.459 Y101.459
G0 F7200 X100.145 Y101.623
G0 X98.47 Y101.529
G1 F2400 X93.659 Y106.339 E273.05695
G1 X93.589 Y106.409
G0 F7200 X93.659 Y104.973
G1 F2400 X95.025 Y106.339 E273.1212
G1 X95.095 Y106.409
G0 F7200 X93.659 Y95.025
G1 F2400 X95.025 Y93.659 E273.18545
G1 X95.095 Y93.589
G0 F7200 X101.305 Y99.007
G0 X101.972 Y100.362
;TYPE:WALL-INNER
G1 F2400 X102.003 Y100.007 E273.1973
G1 X101.983 Y99.733 E273.20644
G1 X101.939 Y99.504 E273.2142
G1 X101.852 Y99.236 E273.22357
G1 X101.725 Y98.987 E273.23287
G1 X101.593 Y98.788 E273.24081
G1 X101.402 Y98.568 E273.2505
G1 X101.179 Y98.383 E273.26014
G1 X100.983 Y98.259 E273.26785
G1 X100.725 Y98.13 E273.27744
G1 X100.362 Y98.028 E273.28998
G1 X100.007 Y97.997 E273.30184
G1 X99.733 Y98.017 E273.31097
G1 X99.504 Y98.061 E273.31873
G1 X99.236 Y98.148 E273.3281
G1 X98.987 Y98.275 E273.3374
G1 X98.788 Y98.407 E273.34534
G1 X98.568 Y98.598 E273.35503
G1 X98.383 Y98.821 E273.36467
G1 X98.258 Y99.018 E273.37243
G1 X98.135 Y99.27 E273.38176
G1 X98.056 Y99.532 E273.39086
G1 X98.053 Y99.552 E273.39153
G1 X98.017 Y99.742 E273.39796
G1 X97.997 Y99.998 E273.4065
G1 X98.017 Y100.267 E273.41547
G1 X98.061 Y100.496 E273.42323
G1 X98.148 Y100.764 E273.4326
G1 X98.275 Y101.013 E273.4419
G1 X98.407 Y101.212 E273.44984
G1 X98.598 Y101.432 E273.45953
G1 X98.821 Y101.617 E273.46917
G1 X99.018 Y101.742 E273.47693
G1 X99.27 Y101.865 E273.48625
G1 X99.532 Y101.944 E273.49536
G1 X99.552 Y101.947 E273.49603
G1 X99.742 Y101.983 E273.50246
G1 X99.998 Y102.003 E273.511
G1 X100.267 Y101.983 E273.51997
G1 X100.496 Y101.939 E273.52773
G1 X100.764 Y101.852 E273.5371
G1 X101.013 Y101.725 E273.5464
G1 X101.212 Y101.593 E273.55434
G1 X101.432 Y101.402 E273.56403
G1 X101.617 Y101.179 E273.57367
G1 X101.741 Y100.983 E273.58138
G1 X101.87 Y100.725 E273.59097
G1 X101.972 Y100.362 E273.60352
G0 F7200 X101.577 Y100.29
G1 F2400 X101.602 Y100.004 E273.61306
G1 X101.586 Y99.786 E273.62033
G1 X101.551 Y99.604 E273.6265
G1 X101.481 Y99.39 E273.63399
G1 X101.379 Y99.189 E273.64148
G1 X101.274 Y99.031 E273.64779
G1 X101.121 Y98.855 E273.65555
G1 X100.943 Y98.707 E273.66325
G1 X100.786 Y98.608 E273.66942
G1 X100.58 Y98.505 E273.67708
G1 X100.29 Y98.423 E273.68711
G1 X100.004 Y98.398 E273.69666
G1 X99.786 Y98.414 E273.70393
G1 X99.604 Y98.449 E273.71009
G1 X99.39 Y98.519 E273.71758
G1 X99.189 Y98.621 E273.72508
G1 X99.031 Y98.726 E273.73139
G1 X98.855 Y98.879 E273.73914
G1 X98.707 Y99.057 E273.74684
G1 X98.608 Y99.214 E273.75301
G1 X98.508 Y99.417 E273.76054
G1 X98.445 Y99.626 E273.7678
G1 X98.414 Y99.794 E273.77348
G1 X98.398 Y99.999 E273.78032
G1 X98.414 Y100.214 E273.78749
G1 X98.449 Y100.396 E273.79366
G1 X98.519 Y100.61 E273.80115
G1 X98.621 Y100.811 E273.80864
G1 X98.726 Y100.969 E273.81495
G1 X98.879 Y101.145 E273.82271
G1 X99.057 Y101.293 E273.83041
G1 X99.214 Y101.392 E273.83658
G1 X99.417 Y101.492 E273.84411
G1 X99.626 Y101.555 E273.85137
G1 X99.794 Y101.586 E273.85705
G1 X99.999 Y101.602 E273.86389
G1 X100.214 Y101.586 E273.87106
G1 X100.396 Y101.551 E273.87723
G1 X100.61 Y101.481 E273.88471
G1 X100.811 Y101.379 E273.89221
G1 X100.969 Y101.274 E273.89852
G1 X101.145 Y101.121 E273.90628
G1 X101.293 Y100.943 E273.91398
G1 X101.392 Y100.786 E273.92015
G1 X101.495 Y100.58 E273.92781
G1 X101.577 Y100.29 E273.93783
G0 F7200 X101.182 Y100.217
;TYPE:WALL-OUTER
G1 F1200 X101.201 Y100.001 E273.94505
G1 X101.189 Y99.839 E273.95045
G1 X101.163 Y99.705 E273.95499
G1 X101.11 Y99.543 E273.96066
G1 X101.033 Y99.391 E273.96632
G1 X100.955 Y99.274 E273.971
G1 X100.84 Y99.142 E273.97682
G1 X100.707 Y99.031 E273.98259
G1 X100.59 Y98.957 E273.98719
G1 X100.435 Y98.88 E273.99295
G1 X100.217 Y98.818 E274.00049
G1 X100.001 Y98.799 E274.0077
G1 X99.839 Y98.811 E274.0131
G1 X99.705 Y98.837 E274.01764
G1 X99.543 Y98.89 E274.02331
G1 X99.391 Y98.967 E274.02898
G1 X99.274 Y99.045 E274.03365
G1 X99.142 Y99.16 E274.03948
G1 X99.031 Y99.293 E274.04524
G1 X98.957 Y99.41 E274.04984
G1 X98.881 Y99.564 E274.05555
G1 X98.834 Y99.72 E274.06097
G1 X98.811 Y99.846 E274.06523
G1 X98.799 Y100 E274.07037
G1 X98.811 Y100.161 E274.07574
G1 X98.837 Y100.295 E274.08028
G1 X98.89 Y100.457 E274.08595
G1 X98.967 Y100.609 E274.09162
G1 X99.045 Y100.726 E274.09629
G1 X99.16 Y100.858 E274.10212
G1 X99.293 Y100.969 E274.10788
G1 X99.41 Y101.043 E274.11248
G1 X99.564 Y101.119 E274.11819
G1 X99.72 Y101.166 E274.12361
G1 X99.846 Y101.189 E274.12787
G1 X100 Y101.201 E274.13301
G1 X100.161 Y101.189 E274.13838
G1 X100.295 Y101.163 E274.14292
G1 X100.457 Y101.11 E274.14859
G1 X100.609 Y101.033 E274.15426
G1 X100.726 Y100.955 E274.15893
G1 X100.858 Y100.84 E274.16476
G1 X100.969 Y100.707 E274.17052
G1 X101.043 Y100.59 E274.17512
G1 X101.12 Y100.435 E274.18088
G1 X101.182 Y100.217 E274.18842
G0 F7200 X101.199 Y100.017
G0 X101.639 Y100.054
G0 X101.696 Y100.059
G0 X106.5 Y106.5
;TYPE:WALL-INNER
G1 F2400 X93.5 Y106.5 E274.6208
G1 X93.5 Y93.5 E275.05318
G1 X106.5 Y93.5 E275.48556
G1 X106.5 Y106.5 E275.91795
G0 F7200 X106.9 Y106.9
G1 F2400 X93.1 Y106.9 E276.37693
G1 X93.1 Y93.1 E276.83592
G1 X106.9 Y93.1 E277.29491
G1 X106.9 Y106.9 E277.7539
G0 F7200 X107.3 Y107.3
;TYPE:WALL-OUTER
G1 F1200 X92.7 Y107.3 E278.2395
G1 X92.7 Y92.7 E278.7251
G1 X107.3 Y92.7 E279.2107
G1 X107.3 Y107.3 E279.6963
G0 F7200 X107.1 Y107.3
G0 X106.86 Y106.86
G0 X106.5 Y106.5
;MESH:NONMESH
G0 X98.852 Y101.173
G0 X93.659 Y93.659
;TIME_ELAPSED:408.576808
;LAYER:9
;MESH:Push.stl
G0 X93.659 Y93.659 Z2.772
;TYPE:FILL
G1 F2400 X98.469 Y98.469 E279.92254
G1 X98.539 Y98.539
G0 F7200 X99.845 Y98.377
G0 X101.529 Y98.469
G1 F2400 X106.339 Y93.659 E280.14879
G1 X106.409 Y93.589
G0 F7200 X104.973 Y93.659
G1 F2400 X106.339 Y95.025 E280.21304
G1 X106.409 Y95.095
G0 F7200 X106.339 Y99.316
G1 F2400 X99.316 Y106.339 E280.54338
G1 X99.246 Y106.409
G0 F7200 X100.682 Y106.339
G1 F2400 X93.659 Y99.316 E280.87372
G1 X93.589 Y99.246
G0 F7200 X93.659 Y100.682
G1 F2400 X100.682 Y93.659 E281.20407
G1 X100.752 Y93.589
G0 F7200 X99.316 Y93.659
G1 F2400 X106.339 Y100.682 E281.53441
G1 X106.409 Y100.752
G0 F7200 X106.339 Y104.973
G1 F2400 X104.973 Y106.339 E281.59866
G1 X104.903 Y106.409
G0 F7200 X106.339 Y106.339
G1 F2400 X101.529 Y101.529 E281.82491
G1 X101.459 Y101.459
G0 F7200 X100.155 Y101.623
G0 X98.469 Y101.529
G1 F2400 X93.659 Y106.339 E282.05115
G1 X93.589 Y106.409
G0 F7200 X93.659 Y104.973
G1 F2400 X95.025 Y106.339 E282.11541
G1 X95.095 Y106.409
G0 F7200 X93.659 Y95.025
G1 F2400 X95.025 Y93.659 E282.17966
G1 X95.095 Y93.589
G0 F7200 X101.317 Y99.024
G0 X102.005 Y99.985
;TYPE:WALL-INNER
G1 F2400 X101.956 Y99.561 E282.19385
G1 X101.852 Y99.236 E282.2052
G1 X101.713 Y98.968 E282.21525
G1 X101.606 Y98.806 E282.2217
G1 X101.402 Y98.568 E282.23213
G1 X101.163 Y98.372 E282.24241
G1 X101.001 Y98.268 E282.24881
G1 X100.725 Y98.133 E282.25903
G1 X100.364 Y98.028 E282.27154
G1 X99.985 Y97.995 E282.28419
G1 X99.561 Y98.044 E282.29838
G1 X99.236 Y98.148 E282.30973
G1 X98.968 Y98.287 E282.31978
G1 X98.806 Y98.394 E282.32623
G1 X98.568 Y98.598 E282.33666
G1 X98.372 Y98.838 E282.34697
G1 X98.269 Y98.998 E282.35329
G1 X98.133 Y99.271 E282.36344
G1 X98.05 Y99.552 E282.37318
G1 X98.019 Y99.724 E282.379
G1 X97.995 Y100.017 E282.38877
G1 X98.044 Y100.439 E282.4029
G1 X98.148 Y100.764 E282.41425
G1 X98.287 Y101.032 E282.4243
G1 X98.394 Y101.194 E282.43075
G1 X98.598 Y101.432 E282.44118
G1 X98.838 Y101.628 E282.45148
G1 X98.998 Y101.731 E282.45781
G1 X99.271 Y101.867 E282.46796
G1 X99.552 Y101.95 E282.4777
G1 X99.724 Y101.981 E282.48352
G1 X100.017 Y102.005 E282.49329
G1 X100.439 Y101.956 E282.50742
G1 X100.764 Y101.852 E282.51877
G1 X101.032 Y101.713 E282.52881
G1 X101.194 Y101.606 E282.53527
G1 X101.432 Y101.402 E282.5457
G1 X101.628 Y101.163 E282.55598
G1 X101.732 Y101.001 E282.56238
G1 X101.867 Y100.725 E282.5726
G1 X101.972 Y100.364 E282.58511
G1 X102.005 Y99.985 E282.59776
G0 F7200 X101.603 Y99.991
G1 F2400 X101.563 Y99.646 E282.60931
G1 X101.481 Y99.39 E282.61825
G1 X101.368 Y99.171 E282.62645
G1 X101.286 Y99.048 E282.63136
G1 X101.121 Y98.855 E282.63981
G1 X100.927 Y98.696 E282.64815
G1 X100.804 Y98.617 E282.65301
G1 X100.58 Y98.507 E282.66131
G1 X100.29 Y98.423 E282.67136
G1 X99.991 Y98.397 E282.68134
G1 X99.646 Y98.437 E282.69289
G1 X99.39 Y98.519 E282.70183
G1 X99.171 Y98.632 E282.71003
G1 X99.048 Y98.714 E282.71494
G1 X98.855 Y98.879 E282.72339
G1 X98.696 Y99.073 E282.73173
G1 X98.618 Y99.195 E282.73655
G1 X98.507 Y99.418 E282.74483
G1 X98.44 Y99.645 E282.75271
G1 X98.416 Y99.776 E282.75713
G1 X98.397 Y100.01 E282.76494
G1 X98.437 Y100.354 E282.77646
G1 X98.519 Y100.61 E282.7854
G1 X98.632 Y100.829 E282.7936
G1 X98.714 Y100.952 E282.79852
G1 X98.879 Y101.145 E282.80696
G1 X99.073 Y101.304 E282.8153
G1 X99.195 Y101.382 E282.82012
G1 X99.418 Y101.493 E282.82841
G1 X99.645 Y101.56 E282.83628
G1 X99.776 Y101.584 E282.84071
G1 X100.01 Y101.603 E282.84852
G1 X100.354 Y101.563 E282.86003
G1 X100.61 Y101.481 E282.86897
G1 X100.829 Y101.368 E282.87717
G1 X100.952 Y101.286 E282.88209
G1 X101.145 Y101.121 E282.89053
G1 X101.304 Y100.927 E282.89888
G1 X101.383 Y100.804 E282.90374
G1 X101.493 Y100.58 E282.91204
G1 X101.577 Y100.29 E282.92208
G1 X101.603 Y99.991 E282.93206
G0 F7200 X101.201 Y99.997
;TYPE:WALL-OUTER
G1 F1200 X101.17 Y99.731 E282.94097
G1 X101.11 Y99.543 E282.94753
G1 X101.023 Y99.374 E282.95386
G1 X100.967 Y99.29 E282.95721
G1 X100.84 Y99.142 E282.9637
G1 X100.691 Y99.02 E282.9701
G1 X100.607 Y98.966 E282.97343
G1 X100.435 Y98.881 E282.97981
G1 X100.217 Y98.818 E282.98735
G1 X99.997 Y98.799 E282.9947
G1 X99.731 Y98.83 E283.00361
G1 X99.543 Y98.89 E283.01017
G1 X99.374 Y98.977 E283.01649
G1 X99.29 Y99.033 E283.01985
G1 X99.142 Y99.16 E283.02634
G1 X99.02 Y99.309 E283.03274
G1 X98.966 Y99.393 E283.03606
G1 X98.881 Y99.564 E283.04241
G1 X98.83 Y99.738 E283.04844
G1 X98.813 Y99.829 E283.05152
G1 X98.799 Y100.003 E283.05733
G1 X98.83 Y100.269 E283.06624
G1 X98.89 Y100.457 E283.0728
G1 X98.977 Y100.626 E283.07912
G1 X99.033 Y100.71 E283.08248
G1 X99.16 Y100.858 E283.08897
G1 X99.309 Y100.98 E283.09537
G1 X99.393 Y101.034 E283.09869
G1 X99.564 Y101.119 E283.10504
G1 X99.738 Y101.17 E283.11107
G1 X99.829 Y101.187 E283.11415
G1 X100.003 Y101.201 E283.11996
G1 X100.269 Y101.17 E283.12887
G1 X100.457 Y101.11 E283.13543
G1 X100.626 Y101.023 E283.14175
G1 X100.71 Y100.967 E283.14511
G1 X100.858 Y100.84 E283.1516
G1 X100.98 Y100.691 E283.158
G1 X101.034 Y100.607 E283.16132
G1 X101.119 Y100.435 E283.1677
G1 X101.182 Y100.217 E283.17525
G1 X101.201 Y99.997 E283.1826
G0 F7200 X101.178 Y99.798
G0 X101.616 Y99.747
G0 X101.675 Y99.741
G0 X106.5 Y106.5
;TYPE:WALL-INNER
G1 F2400 X93.5 Y106.5 E283.61498
G1 X93.5 Y93.5 E284.04736
G1 X106.5 Y93.5 E284.47974
G1 X106.5 Y106.5 E284.91212
G0 F7200 X106.9 Y106.9
G1 F2400 X93.1 Y106.9 E285.37111
G1 X93.1 Y93.1 E285.8301
G1 X106.9 Y93.1 E286.28909
G1 X106.9 Y106.9 E286.74808
G0 F7200 X107.3 Y107.3
;TYPE:WALL-OUTER
G1 F1200 X92.7 Y107.3 E287.23368
G1 X92.7 Y92.7 E287.71928
G1 X107.3 Y92.7 E288.20488
G1 X107.3 Y107.3 E288.69047
G0 F7200 X107.1 Y107.3
G0 X106.86 Y106.86
G0 X106.5 Y106.5
;MESH:NONMESH
G0 X98.852 Y101.173
G0 X93.659 Y93.659
;TIME_ELAPSED:418.210164
;LAYER:10
;MESH:Push.stl
G0 X93.659 Y93.659 Z2.972
;TYPE:FILL
G1 F2400 X98.47 Y98.47 E288.91677
G1 X98.54 Y98.54
G0 F7200 X99.848 Y98.376
G0 X101.527 Y98.472
G1 F2400 X106.339 Y93.659 E289.14313
G1 X106.409 Y93.589
G0 F7200 X104.973 Y93.659
G1 F2400 X106.339 Y95.025 E289.20739
G1 X106.409 Y95.095
G0 F7200 X106.339 Y99.316
G1 F2400 X99.316 Y106.339 E289.53773
G1 X99.246 Y106.409
G0 F7200 X100.682 Y106.339
G1 F2400 X93.659 Y99.316 E289.86807
G1 X93.589 Y99.246
G0 F7200 X93.659 Y100.682
G1 F2400 X100.682 Y93.659 E290.19841
G1 X100.752 Y93.589
G0 F7200 X99.316 Y93.659
G1 F2400 X106.339 Y100.682 E290.52875
G1 X106.409 Y100.752
G0 F7200 X106.339 Y104.973
G1 F2400 X104.973 Y106.339 E290.593
G1 X104.903 Y106.409
G0 F7200 X106.339 Y106.339
G1 F2400 X101.529 Y101.529 E290.81925
G1 X101.459 Y101.459
G0 F7200 X100.143 Y101.624
G0 X98.47 Y101.528
G1 F2400 X93.659 Y106.339 E291.04554
G1 X93.589 Y106.409
G0 F7200 X93.659 Y104.973
G1 F2400 X95.025 Y106.339 E291.1098
G1 X95.095 Y106.409
G0 F7200 X93.659 Y95.025
G1 F2400 X95.025 Y93.659 E291.17405
G1 X95.095 Y93.589
G0 F7200 X98.652 Y100.937
G0 X99.133 Y101.392
G0 X99.441 Y101.515
G0 X100.763 Y101.855
;TYPE:WALL-INNER
G1 F2400 X101.143 Y101.647 E291.18846
G1 X101.441 Y101.395 E291.20144
G1 X101.698 Y101.061 E291.21545
G1 X101.848 Y100.767 E291.22643
G1 X101.866 Y100.733 E291.22771
G1 X101.967 Y100.387 E291.2397
G1 X102.005 Y99.977 E291.25339
G1 X101.967 Y99.604 E291.26586
G1 X101.842 Y99.211 E291.27958
G1 X101.66 Y98.872 E291.29238
G1 X101.38 Y98.548 E291.30662
G1 X101.078 Y98.309 E291.31943
G1 X100.707 Y98.126 E291.33319
G1 X100.362 Y98.028 E291.34512
G1 X99.991 Y97.995 E291.35751
G1 X99.589 Y98.037 E291.37095
G1 X99.227 Y98.15 E291.38356
G1 X98.857 Y98.353 E291.3976
G1 X98.559 Y98.605 E291.41058
G1 X98.302 Y98.939 E291.4246
G1 X98.133 Y99.267 E291.43687
G1 X98.035 Y99.611 E291.44877
G1 X97.995 Y100.001 E291.46181
G1 X98.037 Y100.411 E291.47551
G1 X98.15 Y100.773 E291.48813
G1 X98.353 Y101.143 E291.50216
G1 X98.605 Y101.441 E291.51514
G1 X98.939 Y101.698 E291.52916
G1 X99.267 Y101.867 E291.54143
G1 X99.61 Y101.965 E291.5533
G1 X99.993 Y102.005 E291.56611
G1 X100.355 Y101.973 E291.57819
G1 X100.763 Y101.855 E291.59232
G0 F7200 X100.61 Y101.483
G1 F2400 X100.915 Y101.316 E291.60388
G1 X101.15 Y101.117 E291.61413
G1 X101.359 Y100.846 E291.62551
G1 X101.493 Y100.585 E291.63527
G1 X101.572 Y100.312 E291.64472
G1 X101.603 Y99.979 E291.65584
G1 X101.573 Y99.686 E291.66564
G1 X101.472 Y99.368 E291.67674
G1 X101.328 Y99.1 E291.68686
G1 X101.102 Y98.838 E291.69836
G1 X100.863 Y98.649 E291.7085
G1 X100.563 Y98.501 E291.71962
G1 X100.289 Y98.423 E291.7291
G1 X99.994 Y98.397 E291.73895
G1 X99.67 Y98.431 E291.74979
G1 X99.384 Y98.52 E291.75975
G1 X99.085 Y98.684 E291.77109
G1 X98.85 Y98.883 E291.78133
G1 X98.641 Y99.154 E291.79271
G1 X98.507 Y99.415 E291.80247
G1 X98.429 Y99.687 E291.81188
G1 X98.397 Y100.001 E291.82238
G1 X98.431 Y100.33 E291.83338
G1 X98.52 Y100.616 E291.84335
G1 X98.684 Y100.915 E291.85469
G1 X98.883 Y101.15 E291.86493
G1 X99.154 Y101.359 E291.87631
G1 X99.415 Y101.493 E291.88607
G1 X99.686 Y101.571 E291.89545
G1 X99.996 Y101.603 E291.90582
G1 X100.281 Y101.578 E291.91533
G1 X100.61 Y101.483 E291.92672
G0 F7200 X100.457 Y101.111
;TYPE:WALL-OUTER
G1 F1200 X100.687 Y100.985 E291.93544
G1 X100.859 Y100.839 E291.94295
G1 X101.02 Y100.631 E291.9517
G1 X101.119 Y100.437 E291.95894
G1 X101.177 Y100.237 E291.96587
G1 X101.201 Y99.981 E291.97442
G1 X101.179 Y99.768 E291.98154
G1 X101.102 Y99.525 E291.99002
G1 X100.996 Y99.328 E291.99746
G1 X100.824 Y99.128 E292.00623
G1 X100.648 Y98.989 E292.01369
G1 X100.418 Y98.876 E292.02221
G1 X100.216 Y98.818 E292.0292
G1 X99.998 Y98.799 E292.03648
G1 X99.751 Y98.825 E292.04474
G1 X99.541 Y98.89 E292.05205
G1 X99.313 Y99.015 E292.0607
G1 X99.141 Y99.161 E292.06821
G1 X98.98 Y99.369 E292.07696
G1 X98.881 Y99.563 E292.0842
G1 X98.823 Y99.763 E292.09113
G1 X98.799 Y100 E292.09905
G1 X98.825 Y100.249 E292.10738
G1 X98.89 Y100.459 E292.11469
G1 X99.015 Y100.687 E292.12334
G1 X99.161 Y100.859 E292.13084
G1 X99.369 Y101.02 E292.13959
G1 X99.563 Y101.119 E292.14683
G1 X99.763 Y101.177 E292.15376
G1 X99.999 Y101.201 E292.16165
G1 X100.208 Y101.183 E292.16862
G1 X100.457 Y101.111 E292.17725
G0 F7200 X100.632 Y101.015
G0 X100.842 Y101.402
G0 X100.87 Y101.454
G0 X106.5 Y106.5
;TYPE:WALL-INNER
G1 F2400 X93.5 Y106.5 E292.60963
G1 X93.5 Y93.5 E293.04201
G1 X106.5 Y93.5 E293.47439
G1 X106.5 Y106.5 E293.90677
G0 F7200 X106.9 Y106.9
G1 F2400 X93.1 Y106.9 E294.36576
G1 X93.1 Y93.1 E294.82475
G1 X106.9 Y93.1 E295.28374
G1 X106.9 Y106.9 E295.74273
G0 F7200 X107.3 Y107.3
;TYPE:WALL-OUTER
G1 F1200 X92.7 Y107.3 E296.22833
G1 X92.7 Y92.7 E296.71393
G1 X107.3 Y92.7 E297.19953
G1 X107.3 Y107.3 E297.68512
G0 F7200 X107.1 Y107.3
G0 X106.86 Y106.86
G0 X106.5 Y106.5
;MESH:NONMESH
G0 X98.856 Y101.178
G0 X93.659 Y93.659
;TIME_ELAPSED:427.847990
;LAYER:11
;MESH:Push.stl
G0 X93.659 Y93.659 Z3.172
;TYPE:FILL
G1 F2400 X98.468 Y98.468 E297.91132
G1 X98.538 Y98.538
G0 F7200 X99.852 Y98.376
G0 X101.53 Y98.468
G1 F2400 X106.339 Y93.659 E298.13753
G1 X106.409 Y93.589
G0 F7200 X104.973 Y93.659
G1 F2400 X106.339 Y95.025 E298.20178
G1 X106.409 Y95.095
G0 F7200 X106.339 Y99.316
G1 F2400 X99.316 Y106.339 E298.53212
G1 X99.246 Y106.409
G0 F7200 X100.682 Y106.339
G1 F2400 X93.659 Y99.316 E298.86246
G1 X93.589 Y99.246
G0 F7200 X93.659 Y100.682
G1 F2400 X100.682 Y93.659 E299.1928
G1 X100.752 Y93.589
G0 F7200 X99.316 Y93.659
G1 F2400 X106.339 Y100.682 E299.52314
G1 X106.409 Y100.752
G0 F7200 X106.339 Y104.973
G1 F2400 X104.973 Y106.339 E299.58739
G1 X104.903 Y106.409
G0 F7200 X106.339 Y106.339
G1 F2400 X101.53 Y101.53 E299.81359
G1 X101.46 Y101.46
G0 F7200 X100.147 Y101.624
G0 X98.468 Y101.53
G1 F2400 X93.659 Y106.339 E300.03979
G1 X93.589 Y106.409
G0 F7200 X93.659 Y104.973
G1 F2400 X95.025 Y106.339 E300.10405
G1 X95.095 Y106.409
G0 F7200 X93.659 Y95.025
G1 F2400 X95.025 Y93.659 E300.1683
G1 X95.095 Y93.589
G0 F7200 X98.884 Y98.334
;TYPE:WALL-INNER
G1 F2400 X98.569 Y98.595 E300.1819
G1 X98.315 Y98.913 E300.19544
G1 X98.134 Y99.266 E300.20863
G1 X98.029 Y99.634 E300.22136
G1 X97.995 Y100.002 E300.23365
G1 X98.033 Y100.384 E300.24642
G1 X98.145 Y100.759 E300.25944
G1 X98.334 Y101.116 E300.27287
G1 X98.595 Y101.431 E300.28648
G1 X98.913 Y101.685 E300.30002
G1 X99.266 Y101.866 E300.31321
G1 X99.634 Y101.971 E300.32594
G1 X100.002 Y102.005 E300.33823
G1 X100.384 Y101.967 E300.351
G1 X100.759 Y101.855 E300.36402
G1 X101.116 Y101.666 E300.37745
G1 X101.431 Y101.405 E300.39106
G1 X101.685 Y101.087 E300.40459
G1 X101.866 Y100.733 E300.41782
G1 X101.972 Y100.361 E300.43068
G1 X102.005 Y99.997 E300.44284
G1 X101.967 Y99.614 E300.45564
G1 X101.855 Y99.239 E300.46866
G1 X101.666 Y98.884 E300.48203
G1 X101.405 Y98.569 E300.49564
G1 X101.087 Y98.315 E300.50918
G1 X100.733 Y98.134 E300.5224
G1 X100.361 Y98.028 E300.53527
G1 X99.997 Y97.995 E300.54742
G1 X99.614 Y98.033 E300.56022
G1 X99.239 Y98.145 E300.57324
G1 X98.884 Y98.334 E300.58662
G0 F7200 X99.108 Y98.668
G1 F2400 X98.856 Y98.877 E300.59751
G1 X98.653 Y99.131 E300.60832
G1 X98.508 Y99.414 E300.6189
G1 X98.424 Y99.708 E300.62907
G1 X98.397 Y100.001 E300.63885
G1 X98.427 Y100.306 E300.64905
G1 X98.517 Y100.607 E300.6595
G1 X98.668 Y100.892 E300.67022
G1 X98.877 Y101.144 E300.68111
G1 X99.131 Y101.347 E300.69193
G1 X99.414 Y101.492 E300.7025
G1 X99.708 Y101.576 E300.71267
G1 X100.001 Y101.603 E300.72246
G1 X100.306 Y101.573 E300.73265
G1 X100.607 Y101.483 E300.7431
G1 X100.892 Y101.332 E300.75383
G1 X101.144 Y101.123 E300.76472
G1 X101.347 Y100.869 E300.77553
G1 X101.492 Y100.586 E300.78611
G1 X101.577 Y100.288 E300.79642
G1 X101.603 Y99.999 E300.80607
G1 X101.573 Y99.692 E300.81633
G1 X101.483 Y99.392 E300.82674
G1 X101.332 Y99.108 E300.83744
G1 X101.123 Y98.856 E300.84833
G1 X100.869 Y98.653 E300.85915
G1 X100.586 Y98.508 E300.86972
G1 X100.288 Y98.423 E300.88003
G1 X99.999 Y98.397 E300.88968
G1 X99.692 Y98.427 E300.89994
G1 X99.392 Y98.517 E300.91036
G1 X99.108 Y98.668 E300.92105
G0 F7200 X99.331 Y99.002
;TYPE:WALL-OUTER
G1 F1200 X99.143 Y99.158 E300.92918
G1 X98.991 Y99.349 E300.9373
G1 X98.882 Y99.562 E300.94526
G1 X98.819 Y99.782 E300.95287
G1 X98.799 Y100 E300.96015
G1 X98.821 Y100.229 E300.9678
G1 X98.889 Y100.455 E300.97565
G1 X99.002 Y100.669 E300.9837
G1 X99.158 Y100.857 E300.99183
G1 X99.349 Y101.009 E300.99994
G1 X99.562 Y101.118 E301.0079
G1 X99.782 Y101.181 E301.01551
G1 X100 Y101.201 E301.02279
G1 X100.229 Y101.179 E301.03045
G1 X100.455 Y101.111 E301.0383
G1 X100.669 Y100.998 E301.04634
G1 X100.857 Y100.842 E301.05447
G1 X101.009 Y100.651 E301.06259
G1 X101.118 Y100.438 E301.07055
G1 X101.182 Y100.215 E301.07826
G1 X101.201 Y100 E301.08544
G1 X101.179 Y99.77 E301.09313
G1 X101.111 Y99.545 E301.10094
G1 X100.998 Y99.331 E301.10899
G1 X100.842 Y99.143 E301.11712
G1 X100.651 Y98.991 E301.12524
G1 X100.438 Y98.882 E301.1332
G1 X100.215 Y98.818 E301.14091
G1 X100 Y98.799 E301.14809
G1 X99.77 Y98.821 E301.15578
G1 X99.545 Y98.889 E301.16359
G1 X99.331 Y99.002 E301.17164
G0 F7200 X99.177 Y99.129
G0 X98.897 Y98.79
G0 X98.861 Y98.744
G0 X99.685 Y98.388
G0 X100.295 Y98.384
G0 X100.89 Y98.62
G0 X101.274 Y98.997
G0 X106.5 Y106.5
;TYPE:WALL-INNER
G1 F2400 X93.5 Y106.5 E301.60402
G1 X93.5 Y93.5 E302.03641
G1 X106.5 Y93.5 E302.46879
G1 X106.5 Y106.5 E302.90117
G0 F7200 X106.9 Y106.9
G1 F2400 X93.1 Y106.9 E303.36016
G1 X93.1 Y93.1 E303.81915
G1 X106.9 Y93.1 E304.27814
G1 X106.9 Y106.9 E304.73713
G0 F7200 X107.3 Y107.3
;TYPE:WALL-OUTER
G1 F1200 X92.7 Y107.3 E305.22273
G1 X92.7 Y92.7 E305.70833
G1 X107.3 Y92.7 E306.19392
G1 X107.3 Y107.3 E306.67952
G0 F7200 X107.1 Y107.3
G0 X106.86 Y106.86
G0 X106.5 Y106.5
;MESH:NONMESH
G0 X98.849 Y101.172
G0 X93.659 Y93.659
;TIME_ELAPSED:437.499491
;LAYER:12
;MESH:Push.stl
G0 X93.659 Y93.659 Z3.372
;TYPE:FILL
G1 F2400 X98.468 Y98.468 E306.90572
G1 X98.538 Y98.538
G0 F7200 X99.848 Y98.376
G0 X101.527 Y98.471
G1 F2400 X106.339 Y93.659 E307.13206
G1 X106.409 Y93.589
G0 F7200 X104.973 Y93.659
G1 F2400 X106.339 Y95.025 E307.19632
G1 X106.409 Y95.095
G0 F7200 X106.339 Y99.316
G1 F2400 X99.316 Y106.339 E307.52666
G1 X99.246 Y106.409
G0 F7200 X100.682 Y106.339
G1 F2400 X93.659 Y99.316 E307.857
G1 X93.589 Y99.246
G0 F7200 X93.659 Y100.682
G1 F2400 X100.682 Y93.659 E308.18734
G1 X100.752 Y93.589
G0 F7200 X99.316 Y93.659
G1 F2400 X106.339 Y100.682 E308.51768
G1 X106.409 Y100.752
G0 F7200 X106.339 Y104.973
G1 F2400 X104.973 Y106.339 E308.58193
G1 X104.903 Y106.409
G0 F7200 X106.339 Y106.339
G1 F2400 X101.53 Y101.53 E308.80813
G1 X101.46 Y101.46
G0 F7200 X100.169 Y101.622
G0 X98.471 Y101.527
G1 F2400 X93.659 Y106.339 E309.03447
G1 X93.589 Y106.409
G0 F7200 X93.659 Y104.973
G1 F2400 X95.025 Y106.339 E309.09873
G1 X95.095 Y106.409
G0 F7200 X93.659 Y95.025
G1 F2400 X95.025 Y93.659 E309.16298
G1 X95.095 Y93.589
G0 F7200 X98.34 Y101.128
;TYPE:WALL-INNER
G1 F2400 X98.618 Y101.451 E309.17715
G1 X98.924 Y101.691 E309.19009
G1 X99.292 Y101.874 E309.20376
G1 X99.643 Y101.974 E309.21589
G1 X100.032 Y102.004 E309.22887
G1 X100.412 Y101.961 E309.24159
G1 X100.773 Y101.85 E309.25415
G1 X101.14 Y101.649 E309.26807
G1 X101.437 Y101.4 E309.28096
G1 X101.7 Y101.064 E309.29515
G1 X101.869 Y100.726 E309.30772
G1 X101.966 Y100.382 E309.31961
G1 X102.004 Y99.983 E309.33294
G1 X101.967 Y99.609 E309.34544
G1 X101.843 Y99.214 E309.35921
G1 X101.66 Y98.872 E309.37211
G1 X101.382 Y98.549 E309.38628
G1 X101.077 Y98.309 E309.39919
G1 X100.709 Y98.126 E309.41286
G1 X100.362 Y98.028 E309.42486
G1 X99.991 Y97.995 E309.43724
G1 X99.59 Y98.037 E309.45065
G1 X99.227 Y98.15 E309.4633
G1 X98.86 Y98.351 E309.47722
G1 X98.563 Y98.6 E309.49011
G1 X98.3 Y98.936 E309.5043
G1 X98.131 Y99.274 E309.51687
G1 X98.034 Y99.618 E309.52875
G1 X97.996 Y100.017 E309.54209
G1 X98.033 Y100.391 E309.55459
G1 X98.157 Y100.786 E309.56836
G1 X98.34 Y101.128 E309.58126
G0 F7200 X98.672 Y100.9
G1 F2400 X98.896 Y101.161 E309.5927
G1 X99.138 Y101.351 E309.60293
G1 X99.437 Y101.499 E309.61403
G1 X99.714 Y101.578 E309.62361
G1 X100.025 Y101.602 E309.63398
G1 X100.33 Y101.568 E309.64419
G1 X100.616 Y101.48 E309.65414
G1 X100.913 Y101.317 E309.66541
G1 X101.148 Y101.12 E309.67561
G1 X101.36 Y100.849 E309.68705
G1 X101.494 Y100.581 E309.69702
G1 X101.571 Y100.308 E309.70645
G1 X101.602 Y99.984 E309.71728
G1 X101.573 Y99.689 E309.72714
G1 X101.473 Y99.37 E309.73826
G1 X101.328 Y99.1 E309.74845
G1 X101.104 Y98.839 E309.75989
G1 X100.862 Y98.649 E309.77012
G1 X100.564 Y98.501 E309.78119
G1 X100.289 Y98.423 E309.7907
G1 X99.994 Y98.397 E309.80055
G1 X99.671 Y98.431 E309.81135
G1 X99.384 Y98.52 E309.82134
G1 X99.087 Y98.683 E309.83261
G1 X98.852 Y98.88 E309.84281
G1 X98.64 Y99.151 E309.85425
G1 X98.506 Y99.419 E309.86422
G1 X98.429 Y99.692 E309.87365
G1 X98.398 Y100.016 E309.88448
G1 X98.427 Y100.311 E309.89434
G1 X98.527 Y100.63 E309.90546
G1 X98.672 Y100.9 E309.91565
G0 F7200 X99.004 Y100.672
;TYPE:WALL-OUTER
G1 F1200 X99.174 Y100.871 E309.92436
G1 X99.352 Y101.011 E309.93189
G1 X99.581 Y101.124 E309.94038
G1 X99.785 Y101.182 E309.94743
G1 X100.019 Y101.2 E309.95524
G1 X100.249 Y101.175 E309.96294
G1 X100.459 Y101.11 E309.97025
G1 X100.686 Y100.985 E309.97887
G1 X100.859 Y100.84 E309.98637
G1 X101.02 Y100.634 E309.99507
G1 X101.119 Y100.436 E310.00243
G1 X101.176 Y100.234 E310.00941
G1 X101.2 Y99.984 E310.01777
G1 X101.179 Y99.769 E310.02495
G1 X101.103 Y99.526 E310.03342
G1 X100.996 Y99.328 E310.04091
G1 X100.826 Y99.129 E310.04961
G1 X100.648 Y98.989 E310.05714
G1 X100.419 Y98.876 E310.06564
G1 X100.216 Y98.818 E310.07266
G1 X99.998 Y98.799 E310.07994
G1 X99.752 Y98.825 E310.08816
G1 X99.541 Y98.89 E310.09551
G1 X99.314 Y99.015 E310.10413
G1 X99.141 Y99.16 E310.11163
G1 X98.98 Y99.366 E310.12033
G1 X98.881 Y99.564 E310.12769
G1 X98.824 Y99.766 E310.13467
G1 X98.8 Y100.016 E310.14303
G1 X98.821 Y100.231 E310.15021
G1 X98.897 Y100.474 E310.15868
G1 X99.004 Y100.672 E310.16617
G0 F7200 X99.134 Y100.824
G0 X98.799 Y101.11
G0 X98.754 Y101.149
G0 X106.5 Y106.5
;TYPE:WALL-INNER
G1 F2400 X93.5 Y106.5 E310.59855
G1 X93.5 Y93.5 E311.03093
G1 X106.5 Y93.5 E311.46331
G1 X106.5 Y106.5 E311.89569
G0 F7200 X106.9 Y106.9
G1 F2400 X93.1 Y106.9 E312.35468
G1 X93.1 Y93.1 E312.81367
G1 X106.9 Y93.1 E313.27266
G1 X106.9 Y106.9 E313.73165
G0 F7200 X107.3 Y107.3
;TYPE:WALL-OUTER
G1 F1200 X92.7 Y107.3 E314.21725
G1 X92.7 Y92.7 E314.70285
G1 X107.3 Y92.7 E315.18845
G1 X107.3 Y107.3 E315.67404
G0 F7200 X107.1 Y107.3
G0 X106.86 Y106.86
G0 X106.5 Y106.5
;MESH:NONMESH
G0 X98.869 Y101.189
G0 X93.659 Y93.659
;TIME_ELAPSED:447.133007
;LAYER:13
;MESH:Push.stl
G0 X93.659 Y93.659 Z3.572
;TYPE:FILL
G1 F2400 X98.469 Y98.469 E315.90029
G1 X98.539 Y98.539
G0 F7200 X99.856 Y98.377
G0 X101.529 Y98.47
G1 F2400 X106.339 Y93.659 E316.12656
G1 X106.409 Y93.589
G0 F7200 X104.973 Y93.659
G1 F2400 X106.339 Y95.025 E316.19082
G1 X106.409 Y95.095
G0 F7200 X106.339 Y99.316
G1 F2400 X99.316 Y106.339 E316.52116
G1 X99.246 Y106.409
G0 F7200 X100.682 Y106.339
G1 F2400 X93.659 Y99.316 E316.8515
G1 X93.589 Y99.246
G0 F7200 X93.659 Y100.682
G1 F2400 X100.682 Y93.659 E317.18184
G1 X100.752 Y93.589
G0 F7200 X99.316 Y93.659
G1 F2400 X106.339 Y100.682 E317.51218
G1 X106.409 Y100.752
G0 F7200 X106.339 Y104.973
G1 F2400 X104.973 Y106.339 E317.57643
G1 X104.903 Y106.409
G0 F7200 X106.339 Y106.339
G1 F2400 X101.529 Y101.529 E317.80268
G1 X101.459 Y101.459
G0 F7200 X100.145 Y101.623
G0 X98.47 Y101.529
G1 F2400 X93.659 Y106.339 E318.02895
G1 X93.589 Y106.409
G0 F7200 X93.659 Y104.973
G1 F2400 X95.025 Y106.339 E318.0932
G1 X95.095 Y106.409
G0 F7200 X93.659 Y95.025
G1 F2400 X95.025 Y93.659 E318.15745
G1 X95.095 Y93.589
G0 F7200 X99.25 Y98.14
;TYPE:WALL-INNER
G1 F2400 X98.963 Y98.29 E318.16822
G1 X98.808 Y98.394 E318.17443
G1 X98.569 Y98.595 E318.18482
G1 X98.37 Y98.841 E318.19534
G1 X98.271 Y98.996 E318.20146
G1 X98.133 Y99.272 E318.21172
G1 X98.028 Y99.637 E318.22436
G1 X97.997 Y99.995 E318.23631
G1 X98.022 Y100.33 E318.24748
G1 X98.14 Y100.75 E318.26199
G1 X98.29 Y101.037 E318.27276
G1 X98.394 Y101.192 E318.27897
G1 X98.595 Y101.431 E318.28936
G1 X98.841 Y101.63 E318.29988
G1 X98.995 Y101.729 E318.30597
G1 X99.27 Y101.867 E318.3162
G1 X99.555 Y101.95 E318.32608
G1 X99.72 Y101.98 E318.33165
G1 X99.998 Y102.003 E318.34093
G1 X100.33 Y101.978 E318.35201
G1 X100.75 Y101.86 E318.36652
G1 X101.037 Y101.71 E318.37729
G1 X101.192 Y101.606 E318.38349
G1 X101.431 Y101.405 E318.39388
G1 X101.63 Y101.159 E318.40441
G1 X101.729 Y101.004 E318.41052
G1 X101.867 Y100.728 E318.42079
G1 X101.972 Y100.363 E318.43342
G1 X102.003 Y100.005 E318.44537
G1 X101.978 Y99.67 E318.45654
G1 X101.86 Y99.25 E318.47105
G1 X101.71 Y98.963 E318.48182
G1 X101.606 Y98.808 E318.48803
G1 X101.405 Y98.569 E318.49842
G1 X101.159 Y98.37 E318.50894
G1 X101.004 Y98.271 E318.51506
G1 X100.728 Y98.133 E318.52532
G1 X100.363 Y98.028 E318.53796
G1 X100.005 Y97.997 E318.54991
G1 X99.67 Y98.022 E318.56108
G1 X99.25 Y98.14 E318.57559
G0 F7200 X99.398 Y98.514
G1 F2400 X99.168 Y98.634 E318.58422
G1 X99.05 Y98.714 E318.58896
G1 X98.856 Y98.877 E318.59739
G1 X98.695 Y99.076 E318.6059
G1 X98.619 Y99.194 E318.61057
G1 X98.507 Y99.418 E318.6189
G1 X98.423 Y99.71 E318.62901
G1 X98.398 Y99.997 E318.63859
G1 X98.418 Y100.26 E318.64736
G1 X98.514 Y100.602 E318.65917
G1 X98.634 Y100.832 E318.6678
G1 X98.714 Y100.95 E318.67254
G1 X98.877 Y101.144 E318.68097
G1 X99.076 Y101.305 E318.68949
G1 X99.194 Y101.381 E318.69415
G1 X99.417 Y101.493 E318.70245
G1 X99.647 Y101.56 E318.71042
G1 X99.773 Y101.583 E318.71468
G1 X99.999 Y101.602 E318.72223
G1 X100.26 Y101.582 E318.73093
G1 X100.602 Y101.486 E318.74275
G1 X100.832 Y101.366 E318.75137
G1 X100.95 Y101.286 E318.75612
G1 X101.144 Y101.123 E318.76454
G1 X101.305 Y100.924 E318.77306
G1 X101.381 Y100.806 E318.77773
G1 X101.493 Y100.582 E318.78606
G1 X101.577 Y100.29 E318.79616
G1 X101.602 Y100.003 E318.80574
G1 X101.582 Y99.74 E318.81452
G1 X101.486 Y99.398 E318.82633
G1 X101.366 Y99.168 E318.83496
G1 X101.286 Y99.05 E318.8397
G1 X101.123 Y98.856 E318.84813
G1 X100.924 Y98.695 E318.85664
G1 X100.806 Y98.619 E318.86131
G1 X100.582 Y98.507 E318.86964
G1 X100.29 Y98.423 E318.87975
G1 X100.003 Y98.398 E318.88933
G1 X99.74 Y98.418 E318.8981
G1 X99.398 Y98.514 E318.90991
G0 F7200 X99.546 Y98.888
;TYPE:WALL-OUTER
G1 F1200 X99.373 Y98.978 E318.9164
G1 X99.292 Y99.033 E318.91966
G1 X99.143 Y99.159 E318.92615
G1 X99.019 Y99.311 E318.93267
G1 X98.967 Y99.392 E318.93587
G1 X98.881 Y99.564 E318.94227
G1 X98.818 Y99.783 E318.94985
G1 X98.799 Y99.999 E318.95706
G1 X98.814 Y100.19 E318.96343
G1 X98.888 Y100.454 E318.97255
G1 X98.978 Y100.627 E318.97904
G1 X99.033 Y100.708 E318.98229
G1 X99.159 Y100.857 E318.98878
G1 X99.311 Y100.981 E318.99531
G1 X99.392 Y101.033 E318.99851
G1 X99.564 Y101.119 E319.00491
G1 X99.739 Y101.17 E319.01097
G1 X99.826 Y101.186 E319.01391
G1 X100 Y101.201 E319.01972
G1 X100.19 Y101.186 E319.02606
G1 X100.454 Y101.112 E319.03518
G1 X100.627 Y101.022 E319.04166
G1 X100.708 Y100.967 E319.04492
G1 X100.857 Y100.841 E319.05141
G1 X100.981 Y100.689 E319.05794
G1 X101.033 Y100.608 E319.06114
G1 X101.119 Y100.436 E319.06753
G1 X101.182 Y100.217 E319.07511
G1 X101.201 Y100.001 E319.08232
G1 X101.186 Y99.81 E319.0887
G1 X101.112 Y99.546 E319.09782
G1 X101.022 Y99.373 E319.1043
G1 X100.967 Y99.292 E319.10756
G1 X100.841 Y99.143 E319.11405
G1 X100.689 Y99.019 E319.12057
G1 X100.608 Y98.967 E319.12377
G1 X100.436 Y98.881 E319.13017
G1 X100.217 Y98.818 E319.13775
G1 X100.001 Y98.799 E319.14496
G1 X99.81 Y98.814 E319.15133
G1 X99.546 Y98.888 E319.16045
G0 F7200 X99.373 Y98.978
G0 X99.369 Y98.98
G0 X99.121 Y98.613
G0 X99.09 Y98.566
G0 X99.734 Y98.379
G0 X100.297 Y98.384
G0 X100.825 Y98.585
G0 X101.222 Y98.941
G0 X106.5 Y106.5
;TYPE:WALL-INNER
G1 F2400 X93.5 Y106.5 E319.59283
G1 X93.5 Y93.5 E320.02522
G1 X106.5 Y93.5 E320.4576
G1 X106.5 Y106.5 E320.88998
G0 F7200 X106.9 Y106.9
G1 F2400 X93.1 Y106.9 E321.34897
G1 X93.1 Y93.1 E321.80796
G1 X106.9 Y93.1 E322.26695
G1 X106.9 Y106.9 E322.72594
G0 F7200 X107.3 Y107.3
;TYPE:WALL-OUTER
G1 F1200 X92.7 Y107.3 E323.21154
G1 X92.7 Y92.7 E323.69713
G1 X107.3 Y92.7 E324.18273
G1 X107.3 Y107.3 E324.66833
G0 F7200 X107.1 Y107.3
G0 X106.86 Y106.86
G0 X106.5 Y106.5
;MESH:NONMESH
G0 X98.849 Y101.172
G0 X93.659 Y93.659
;TIME_ELAPSED:456.777552
;LAYER:14
;MESH:Push.stl
G0 X93.659 Y93.659 Z3.772
;TYPE:FILL
G1 F2400 X98.469 Y98.469 E324.89458
G1 X98.539 Y98.539
G0 F7200 X99.859 Y98.377
G0 X101.529 Y98.47
G1 F2400 X106.339 Y93.659 E325.12085
G1 X106.409 Y93.589
G0 F7200 X104.973 Y93.659
G1 F2400 X106.339 Y95.025 E325.1851
G1 X106.409 Y95.095
G0 F7200 X106.339 Y99.316
G1 F2400 X99.316 Y106.339 E325.51544
G1 X99.246 Y106.409
G0 F7200 X100.682 Y106.339
G1 F2400 X93.659 Y99.316 E325.84578
G1 X93.589 Y99.246
G0 F7200 X93.659 Y100.682
G1 F2400 X100.682 Y93.659 E326.17612
G1 X100.752 Y93.589
G0 F7200 X99.316 Y93.659
G1 F2400 X106.339 Y100.682 E326.50646
G1 X106.409 Y100.752
G0 F7200 X106.339 Y104.973
G1 F2400 X104.973 Y106.339 E326.57072
G1 X104.903 Y106.409
G0 F7200 X106.339 Y106.339
G1 F2400 X101.529 Y101.529 E326.79696
G1 X101.459 Y101.459
G0 F7200 X100.145 Y101.622
G0 X98.47 Y101.529
G1 F2400 X93.659 Y106.339 E327.02323
G1 X93.589 Y106.409
G0 F7200 X93.659 Y104.973
G1 F2400 X95.025 Y106.339 E327.08749
G1 X95.095 Y106.409
G0 F7200 X93.659 Y95.025
G1 F2400 X95.025 Y93.659 E327.15174
G1 X95.095 Y93.589
G0 F7200 X98.028 Y99.637
;TYPE:WALL-INNER
G1 F2400 X97.997 Y99.99 E327.16353
G1 X98.016 Y100.272 E327.17293
G1 X98.063 Y100.498 E327.1806
G1 X98.147 Y100.76 E327.18976
G1 X98.277 Y101.019 E327.19939
G1 X98.411 Y101.213 E327.20724
G1 X98.596 Y101.43 E327.21672
G1 X98.819 Y101.615 E327.22636
G1 X99.016 Y101.742 E327.23415
G1 X99.274 Y101.867 E327.24369
G1 X99.528 Y101.943 E327.25251
G1 X99.739 Y101.984 E327.25966
G1 X99.763 Y101.985 E327.26045
G1 X99.997 Y102.002 E327.26826
G1 X100.271 Y101.986 E327.27739
G1 X100.499 Y101.937 E327.28514
G1 X100.76 Y101.853 E327.29426
G1 X101.019 Y101.723 E327.3039
G1 X101.213 Y101.589 E327.31174
G1 X101.43 Y101.404 E327.32123
G1 X101.615 Y101.181 E327.33086
G1 X101.742 Y100.984 E327.33866
G1 X101.87 Y100.72 E327.34842
G1 X101.972 Y100.363 E327.36077
G1 X102.003 Y100.01 E327.37255
G1 X101.984 Y99.728 E327.38195
G1 X101.937 Y99.502 E327.38963
G1 X101.853 Y99.24 E327.39878
G1 X101.723 Y98.981 E327.40842
G1 X101.589 Y98.787 E327.41626
G1 X101.404 Y98.57 E327.42575
G1 X101.181 Y98.385 E327.43539
G1 X100.984 Y98.258 E327.44318
G1 X100.72 Y98.13 E327.45294
G1 X100.363 Y98.028 E327.46529
G1 X100.01 Y97.997 E327.47707
G1 X99.728 Y98.016 E327.48647
G1 X99.502 Y98.063 E327.49415
G1 X99.24 Y98.147 E327.5033
G1 X98.981 Y98.277 E327.51294
G1 X98.787 Y98.411 E327.52078
G1 X98.57 Y98.596 E327.53027
G1 X98.385 Y98.819 E327.53991
G1 X98.258 Y99.016 E327.5477
G1 X98.13 Y99.28 E327.55746
G1 X98.028 Y99.637 E327.56981
G0 F7200 X98.423 Y99.71
G1 F2400 X98.398 Y99.994 E327.57929
G1 X98.413 Y100.218 E327.58676
G1 X98.45 Y100.396 E327.59281
G1 X98.518 Y100.608 E327.60021
G1 X98.622 Y100.815 E327.60791
G1 X98.728 Y100.969 E327.61413
G1 X98.878 Y101.144 E327.6218
G1 X99.056 Y101.292 E327.6295
G1 X99.212 Y101.393 E327.63568
G1 X99.419 Y101.493 E327.64333
G1 X99.624 Y101.554 E327.65044
G1 X99.791 Y101.587 E327.6561
G1 X99.999 Y101.601 E327.66304
G1 X100.217 Y101.588 E327.6703
G1 X100.396 Y101.55 E327.67639
G1 X100.608 Y101.482 E327.68379
G1 X100.815 Y101.378 E327.69149
G1 X100.969 Y101.272 E327.69771
G1 X101.144 Y101.122 E327.70538
G1 X101.292 Y100.944 E327.71308
G1 X101.393 Y100.788 E327.71926
G1 X101.495 Y100.577 E327.72705
G1 X101.577 Y100.29 E327.73698
G1 X101.602 Y100.006 E327.74646
G1 X101.587 Y99.782 E327.75393
G1 X101.55 Y99.604 E327.75998
G1 X101.482 Y99.392 E327.76738
G1 X101.378 Y99.185 E327.77509
G1 X101.272 Y99.031 E327.78131
G1 X101.122 Y98.856 E327.78897
G1 X100.944 Y98.708 E327.79667
G1 X100.788 Y98.607 E327.80285
G1 X100.577 Y98.505 E327.81065
G1 X100.29 Y98.423 E327.82058
G1 X100.006 Y98.398 E327.83006
G1 X99.782 Y98.413 E327.83753
G1 X99.604 Y98.45 E327.84357
G1 X99.392 Y98.518 E327.85098
G1 X99.185 Y98.622 E327.85868
G1 X99.031 Y98.728 E327.8649
G1 X98.856 Y98.878 E327.87257
G1 X98.708 Y99.056 E327.88027
G1 X98.607 Y99.212 E327.88645
G1 X98.505 Y99.423 E327.89424
G1 X98.423 Y99.71 E327.90417
G0 F7200 X98.818 Y99.783
;TYPE:WALL-OUTER
G1 F1200 X98.799 Y99.998 E327.91135
G1 X98.81 Y100.164 E327.91688
G1 X98.837 Y100.294 E327.9213
G1 X98.889 Y100.456 E327.92696
G1 X98.967 Y100.611 E327.93273
G1 X99.045 Y100.725 E327.93732
G1 X99.159 Y100.857 E327.94312
G1 X99.294 Y100.969 E327.94896
G1 X99.409 Y101.044 E327.95352
G1 X99.564 Y101.119 E327.95925
G1 X99.72 Y101.165 E327.96466
G1 X99.844 Y101.19 E327.96887
G1 X100 Y101.2 E327.97407
G1 X100.164 Y101.19 E327.97953
G1 X100.294 Y101.163 E327.98395
G1 X100.456 Y101.111 E327.98961
G1 X100.611 Y101.033 E327.99538
G1 X100.725 Y100.955 E327.99997
G1 X100.857 Y100.841 E328.00577
G1 X100.969 Y100.706 E328.01161
G1 X101.044 Y100.591 E328.01617
G1 X101.12 Y100.434 E328.02197
G1 X101.182 Y100.217 E328.02948
G1 X101.201 Y100.002 E328.03666
G1 X101.19 Y99.836 E328.04219
G1 X101.163 Y99.706 E328.04661
G1 X101.111 Y99.544 E328.05227
G1 X101.033 Y99.389 E328.05804
G1 X100.955 Y99.275 E328.06263
G1 X100.841 Y99.143 E328.06843
G1 X100.706 Y99.031 E328.07427
G1 X100.591 Y98.956 E328.07884
G1 X100.434 Y98.88 E328.08464
G1 X100.217 Y98.818 E328.09214
G1 X100.002 Y98.799 E328.09932
G1 X99.836 Y98.81 E328.10486
G1 X99.706 Y98.837 E328.10927
G1 X99.544 Y98.889 E328.11493
G1 X99.389 Y98.967 E328.1207
G1 X99.275 Y99.045 E328.1253
G1 X99.143 Y99.159 E328.1311
G1 X99.031 Y99.294 E328.13693
G1 X98.956 Y99.409 E328.1415
G1 X98.88 Y99.566 E328.1473
G1 X98.818 Y99.783 E328.15481
G0 F7200 X98.801 Y99.983
G0 X98.361 Y99.946
G0 X98.303 Y99.941
G0 X98.588 Y100.835
G0 X98.948 Y101.231
G0 X106.5 Y106.5
;TYPE:WALL-INNER
G1 F2400 X93.5 Y106.5 E328.58719
G1 X93.5 Y93.5 E329.01957
G1 X106.5 Y93.5 E329.45195
G1 X106.5 Y106.5 E329.88433
G0 F7200 X106.9 Y106.9
G1 F2400 X93.1 Y106.9 E330.34332
G1 X93.1 Y93.1 E330.80231
G1 X106.9 Y93.1 E331.2613
G1 X106.9 Y106.9 E331.72029
G0 F7200 X107.3 Y107.3
;TYPE:WALL-OUTER
G1 F1200 X92.7 Y107.3 E332.20589
G1 X92.7 Y92.7 E332.69149
G1 X107.3 Y92.7 E333.17709
G1 X107.3 Y107.3 E333.66268
G0 F7200 X107.1 Y107.3
G0 X106.86 Y106.86
G0 X106.5 Y106.5
;MESH:NONMESH
G0 X98.85 Y101.172
G0 X93.659 Y93.659
;TIME_ELAPSED:466.415549
;LAYER:15
;MESH:Push.stl
G0 X93.659 Y93.659 Z3.972
;TYPE:FILL
G1 F2400 X98.471 Y98.471 E333.88903
G1 X98.541 Y98.541
G0 F7200 X98.388 Y100.035
G0 X98.471 Y101.527
G1 F2400 X93.659 Y106.339 E334.11537
G1 X93.589 Y106.409
G0 F7200 X93.659 Y104.973
G1 F2400 X95.025 Y106.339 E334.17962
G1 X95.095 Y106.409
G0 F7200 X99.316 Y106.339
G1 F2400 X106.339 Y99.316 E334.50996
G1 X106.409 Y99.246
G0 F7200 X106.339 Y100.682
G1 F2400 X99.316 Y93.659 E334.8403
G1 X99.246 Y93.589
G0 F7200 X100.682 Y93.659
G1 F2400 X93.659 Y100.682 E335.17064
G1 X93.589 Y100.752
G0 F7200 X93.659 Y99.316
G1 F2400 X100.682 Y106.339 E335.50098
G1 X100.752 Y106.409
G0 F7200 X104.973 Y106.339
G1 F2400 X106.339 Y104.973 E335.56523
G1 X106.409 Y104.903
G0 F7200 X106.339 Y106.339
G1 F2400 X101.527 Y101.527 E335.79158
G1 X101.457 Y101.457
G0 F7200 X101.611 Y99.965
G0 X101.527 Y98.472
G1 F2400 X106.339 Y93.659 E336.01794
G1 X106.409 Y93.589
G0 F7200 X104.973 Y93.659
G1 F2400 X106.339 Y95.025 E336.08219
G1 X106.409 Y95.095
G0 F7200 X95.025 Y93.659
G1 F2400 X93.659 Y95.025 E336.14645
G1 X93.589 Y95.095
G0 F7200 X98.028 Y99.637
;TYPE:WALL-INNER
G1 F2400 X97.997 Y99.986 E336.1581
G1 X98.012 Y100.248 E336.16683
G1 X98.068 Y100.517 E336.17597
G1 X98.147 Y100.76 E336.18446
G1 X98.264 Y100.996 E336.19323
G1 X98.422 Y101.233 E336.2027
G1 X98.6 Y101.431 E336.21155
G1 X98.797 Y101.599 E336.22017
G1 X99.035 Y101.753 E336.22959
G1 X99.275 Y101.867 E336.23843
G1 X99.51 Y101.939 E336.24661
G1 X99.762 Y101.988 E336.25515
G1 X100 Y102.002 E336.26307
G1 X100.247 Y101.988 E336.2713
G1 X100.516 Y101.932 E336.28044
G1 X100.76 Y101.853 E336.28897
G1 X100.996 Y101.736 E336.29773
G1 X101.233 Y101.578 E336.30721
G1 X101.431 Y101.4 E336.31606
G1 X101.599 Y101.203 E336.32467
G1 X101.753 Y100.967 E336.33405
G1 X101.872 Y100.718 E336.34323
G1 X101.972 Y100.363 E336.35549
G1 X102.003 Y100.014 E336.36715
G1 X101.988 Y99.752 E336.37587
G1 X101.932 Y99.483 E336.38501
G1 X101.853 Y99.24 E336.39351
G1 X101.736 Y99.004 E336.40227
G1 X101.578 Y98.767 E336.41175
G1 X101.4 Y98.569 E336.4206
G1 X101.203 Y98.401 E336.42921
G1 X100.967 Y98.247 E336.43859
G1 X100.718 Y98.128 E336.44776
G1 X100.363 Y98.028 E336.46003
G1 X100.014 Y97.997 E336.47169
G1 X99.752 Y98.012 E336.48041
G1 X99.483 Y98.068 E336.48955
G1 X99.24 Y98.147 E336.49805
G1 X99.004 Y98.264 E336.50681
G1 X98.767 Y98.422 E336.51629
G1 X98.569 Y98.6 E336.52514
G1 X98.401 Y98.797 E336.53375
G1 X98.247 Y99.033 E336.54313
G1 X98.128 Y99.282 E336.5523
G1 X98.028 Y99.637 E336.56457
G0 F7200 X98.423 Y99.71
G1 F2400 X98.398 Y99.992 E336.57399
G1 X98.41 Y100.196 E336.58078
G1 X98.455 Y100.414 E336.58819
G1 X98.518 Y100.608 E336.59497
G1 X98.611 Y100.795 E336.60192
G1 X98.739 Y100.987 E336.60959
G1 X98.88 Y101.144 E336.61661
G1 X99.037 Y101.278 E336.62348
G1 X99.23 Y101.403 E336.63112
G1 X99.42 Y101.493 E336.63812
G1 X99.607 Y101.55 E336.64462
G1 X99.812 Y101.59 E336.65157
G1 X100 Y101.601 E336.65783
G1 X100.195 Y101.59 E336.66433
G1 X100.414 Y101.545 E336.67176
G1 X100.608 Y101.482 E336.67855
G1 X100.795 Y101.389 E336.68549
G1 X100.987 Y101.261 E336.69317
G1 X101.144 Y101.12 E336.70019
G1 X101.278 Y100.963 E336.70705
G1 X101.403 Y100.771 E336.71467
G1 X101.496 Y100.576 E336.72186
G1 X101.577 Y100.29 E336.73174
G1 X101.602 Y100.008 E336.74116
G1 X101.59 Y99.804 E336.74796
G1 X101.545 Y99.586 E336.75536
G1 X101.482 Y99.392 E336.76214
G1 X101.389 Y99.205 E336.76909
G1 X101.261 Y99.013 E336.77677
G1 X101.12 Y98.856 E336.78378
G1 X100.963 Y98.722 E336.79065
G1 X100.771 Y98.597 E336.79827
G1 X100.576 Y98.504 E336.80546
G1 X100.29 Y98.423 E336.81534
G1 X100.008 Y98.398 E336.82476
G1 X99.804 Y98.41 E336.83155
G1 X99.586 Y98.455 E336.83896
G1 X99.392 Y98.518 E336.84574
G1 X99.205 Y98.611 E336.85269
G1 X99.013 Y98.739 E336.86036
G1 X98.856 Y98.88 E336.86738
G1 X98.722 Y99.037 E336.87425
G1 X98.597 Y99.229 E336.88187
G1 X98.504 Y99.424 E336.88905
G1 X98.423 Y99.71 E336.89894
G0 F7200 X98.818 Y99.783
;TYPE:WALL-OUTER
G1 F1200 X98.799 Y99.997 E336.90609
G1 X98.808 Y100.144 E336.91098
G1 X98.842 Y100.312 E336.91668
G1 X98.889 Y100.456 E336.92172
G1 X98.958 Y100.594 E336.92685
G1 X99.056 Y100.741 E336.93273
G1 X99.16 Y100.857 E336.93791
G1 X99.277 Y100.957 E336.94303
G1 X99.425 Y101.053 E336.9489
G1 X99.564 Y101.119 E336.95402
G1 X99.703 Y101.161 E336.95885
G1 X99.862 Y101.192 E336.96423
G1 X100 Y101.2 E336.96883
G1 X100.144 Y101.192 E336.97363
G1 X100.312 Y101.158 E336.97933
G1 X100.456 Y101.111 E336.98437
G1 X100.594 Y101.042 E336.9895
G1 X100.741 Y100.944 E336.99538
G1 X100.857 Y100.84 E337.00056
G1 X100.957 Y100.723 E337.00568
G1 X101.053 Y100.575 E337.01154
G1 X101.12 Y100.434 E337.01674
G1 X101.182 Y100.217 E337.02424
G1 X101.201 Y100.003 E337.03139
G1 X101.192 Y99.856 E337.03629
G1 X101.158 Y99.688 E337.04199
G1 X101.111 Y99.544 E337.04703
G1 X101.042 Y99.406 E337.05216
G1 X100.944 Y99.259 E337.05803
G1 X100.84 Y99.143 E337.06322
G1 X100.723 Y99.043 E337.06833
G1 X100.575 Y98.947 E337.0742
G1 X100.434 Y98.88 E337.07939
G1 X100.217 Y98.818 E337.0869
G1 X100.003 Y98.799 E337.09405
G1 X99.856 Y98.808 E337.09894
G1 X99.688 Y98.842 E337.10465
G1 X99.544 Y98.889 E337.10968
G1 X99.406 Y98.958 E337.11482
G1 X99.259 Y99.056 E337.12069
G1 X99.143 Y99.16 E337.12587
G1 X99.043 Y99.277 E337.13099
G1 X98.947 Y99.425 E337.13686
G1 X98.88 Y99.566 E337.14205
G1 X98.818 Y99.783 E337.14956
G0 F7200 X98.801 Y99.983
G0 X98.361 Y99.945
G0 X98.303 Y99.94
G0 X98.577 Y100.815
G0 X98.93 Y101.215
G0 X106.5 Y106.5
;TYPE:WALL-INNER
G1 F2400 X93.5 Y106.5 E337.58194
G1 X93.5 Y93.5 E338.01432
G1 X106.5 Y93.5 E338.4467
G1 X106.5 Y106.5 E338.87908
G0 F7200 X106.9 Y106.9
G1 F2400 X93.1 Y106.9 E339.33807
G1 X93.1 Y93.1 E339.79706
G1 X106.9 Y93.1 E340.25605
G1 X106.9 Y106.9 E340.71504
G0 F7200 X107.3 Y107.3
;TYPE:WALL-OUTER
G1 F1200 X92.7 Y107.3 E341.20064
G1 X92.7 Y92.7 E341.68624
G1 X107.3 Y92.7 E342.17184
G1 X107.3 Y107.3 E342.65744
G0 F7200 X107.1 Y107.3
G0 X106.86 Y106.86
G0 X106.5 Y106.5
;MESH:NONMESH
G0 X98.853 Y101.172
G0 X93.659 Y93.659
;TIME_ELAPSED:476.049951
;LAYER:16
;MESH:Push.stl
G0 X93.659 Y93.659 Z4.172
;TYPE:FILL
G1 F2400 X98.471 Y98.471 E342.88378
G1 X98.541 Y98.541
G0 F7200 X99.87 Y98.379
G0 X101.527 Y98.472
G1 F2400 X106.339 Y93.659 E343.11014
G1 X106.409 Y93.589
G0 F7200 X104.973 Y93.659
G1 F2400 X106.339 Y95.025 E343.1744
G1 X106.409 Y95.095
G0 F7200 X106.339 Y99.316
G1 F2400 X99.316 Y106.339 E343.50474
G1 X99.246 Y106.409
G0 F7200 X100.682 Y106.339
G1 F2400 X93.659 Y99.316 E343.83508
G1 X93.589 Y99.246
G0 F7200 X93.659 Y100.682
G1 F2400 X100.682 Y93.659 E344.16542
G1 X100.752 Y93.589
G0 F7200 X99.316 Y93.659
G1 F2400 X106.339 Y100.682 E344.49576
G1 X106.409 Y100.752
G0 F7200 X106.339 Y104.973
G1 F2400 X104.973 Y106.339 E344.56001
G1 X104.903 Y106.409
G0 F7200 X106.339 Y106.339
G1 F2400 X101.527 Y101.527 E344.78635
G1 X101.457 Y101.457
G0 F7200 X100.037 Y101.617
G0 X98.472 Y101.527
G1 F2400 X93.659 Y106.339 E345.01272
G1 X93.589 Y106.409
G0 F7200 X93.659 Y104.973
G1 F2400 X95.025 Y106.339 E345.07697
G1 X95.095 Y106.409
G0 F7200 X93.659 Y95.025
G1 F2400 X95.025 Y93.659 E345.14122
G1 X95.095 Y93.589
G0 F7200 X98.914 Y101.686
;TYPE:WALL-INNER
G1 F2400 X99.269 Y101.867 E345.15448
G1 X99.593 Y101.958 E345.16567
G1 X99.622 Y101.967 E345.16668
G1 X99.857 Y101.996 E345.17455
G1 X100.18 Y101.996 E345.1853
G1 X100.537 Y101.93 E345.19737
G1 X100.762 Y101.85 E345.20531
G1 X100.949 Y101.761 E345.2122
G1 X101.117 Y101.661 E345.21871
G1 X101.289 Y101.532 E345.22586
G1 X101.449 Y101.381 E345.23317
G1 X101.465 Y101.36 E345.23405
G1 X101.686 Y101.086 E345.24576
G1 X101.86 Y100.745 E345.25849
G1 X101.931 Y100.524 E345.26621
G1 X101.974 Y100.319 E345.27318
G1 X102.002 Y100.028 E345.2829
G1 X101.991 Y99.78 E345.29116
G1 X101.927 Y99.457 E345.30211
G1 X101.851 Y99.239 E345.30979
G1 X101.761 Y99.051 E345.31672
G1 X101.661 Y98.883 E345.32323
G1 X101.532 Y98.711 E345.33038
G1 X101.381 Y98.551 E345.33769
G1 X101.36 Y98.535 E345.33857
G1 X101.086 Y98.314 E345.35028
G1 X100.745 Y98.14 E345.36301
G1 X100.524 Y98.069 E345.37073
G1 X100.319 Y98.026 E345.3777
G1 X100.028 Y97.998 E345.38742
G1 X99.78 Y98.009 E345.39568
G1 X99.457 Y98.073 E345.40663
G1 X99.239 Y98.149 E345.41431
G1 X99.051 Y98.239 E345.42124
G1 X98.883 Y98.339 E345.42775
G1 X98.711 Y98.468 E345.4349
G1 X98.551 Y98.619 E345.44221
G1 X98.535 Y98.64 E345.44309
G1 X98.314 Y98.914 E345.4548
G1 X98.14 Y99.255 E345.46753
G1 X98.069 Y99.476 E345.47525
G1 X98.026 Y99.681 E345.48222
G1 X97.998 Y99.972 E345.49194
G1 X98.009 Y100.22 E345.5002
G1 X98.073 Y100.543 E345.51115
G1 X98.149 Y100.761 E345.51883
G1 X98.239 Y100.949 E345.52576
G1 X98.339 Y101.117 E345.53227
G1 X98.468 Y101.289 E345.53942
G1 X98.619 Y101.449 E345.54673
G1 X98.64 Y101.465 E345.54761
G1 X98.914 Y101.686 E345.55932
G0 F7200 X99.132 Y101.348
G1 F2400 X99.416 Y101.493 E345.56993
G1 X99.701 Y101.574 E345.57978
G1 X99.881 Y101.596 E345.58581
G1 X100.143 Y101.596 E345.59453
G1 X100.433 Y101.542 E345.60434
G1 X100.609 Y101.48 E345.61054
G1 X100.76 Y101.408 E345.61611
G1 X100.894 Y101.328 E345.6213
G1 X101.031 Y101.225 E345.627
G1 X101.155 Y101.109 E345.63265
G1 X101.348 Y100.868 E345.64292
G1 X101.489 Y100.592 E345.65322
G1 X101.544 Y100.421 E345.6592
G1 X101.578 Y100.259 E345.6647
G1 X101.601 Y100.017 E345.67279
G1 X101.593 Y99.828 E345.67908
G1 X101.54 Y99.562 E345.6881
G1 X101.481 Y99.392 E345.69409
G1 X101.408 Y99.24 E345.6997
G1 X101.328 Y99.106 E345.70489
G1 X101.225 Y98.969 E345.71059
G1 X101.109 Y98.845 E345.71624
G1 X100.868 Y98.652 E345.7265
G1 X100.592 Y98.511 E345.73681
G1 X100.421 Y98.456 E345.74279
G1 X100.259 Y98.422 E345.74829
G1 X100.017 Y98.399 E345.75638
G1 X99.828 Y98.407 E345.76267
G1 X99.562 Y98.46 E345.77169
G1 X99.392 Y98.519 E345.77768
G1 X99.24 Y98.592 E345.78328
G1 X99.106 Y98.672 E345.78848
G1 X98.969 Y98.775 E345.79418
G1 X98.845 Y98.891 E345.79982
G1 X98.652 Y99.132 E345.81009
G1 X98.511 Y99.408 E345.8204
G1 X98.456 Y99.579 E345.82638
G1 X98.422 Y99.741 E345.83188
G1 X98.399 Y99.983 E345.83997
G1 X98.407 Y100.172 E345.84626
G1 X98.46 Y100.438 E345.85528
G1 X98.519 Y100.608 E345.86126
G1 X98.592 Y100.76 E345.86687
G1 X98.672 Y100.894 E345.87206
G1 X98.775 Y101.031 E345.87776
G1 X98.891 Y101.155 E345.88341
G1 X99.132 Y101.348 E345.89368
G0 F7200 X99.35 Y101.01
;TYPE:WALL-OUTER
G1 F1200 X99.563 Y101.119 E345.90164
G1 X99.78 Y101.181 E345.90915
G1 X99.905 Y101.196 E345.91333
G1 X100.106 Y101.196 E345.92002
G1 X100.33 Y101.154 E345.9276
G1 X100.456 Y101.11 E345.93204
G1 X100.571 Y101.055 E345.93628
G1 X100.67 Y100.996 E345.94011
G1 X100.773 Y100.918 E345.94441
G1 X100.861 Y100.836 E345.94841
G1 X101.01 Y100.65 E345.95633
G1 X101.118 Y100.439 E345.96422
G1 X101.157 Y100.318 E345.96845
G1 X101.182 Y100.199 E345.97249
G1 X101.2 Y100.006 E345.97894
G1 X101.195 Y99.876 E345.98327
G1 X101.153 Y99.668 E345.99032
G1 X101.11 Y99.544 E345.99469
G1 X101.055 Y99.429 E345.99893
G1 X100.996 Y99.33 E346.00276
G1 X100.918 Y99.227 E346.00706
G1 X100.836 Y99.139 E346.01106
G1 X100.65 Y98.99 E346.01899
G1 X100.439 Y98.882 E346.02687
G1 X100.318 Y98.843 E346.0311
G1 X100.199 Y98.818 E346.03514
G1 X100.006 Y98.8 E346.04159
G1 X99.876 Y98.805 E346.04592
G1 X99.668 Y98.847 E346.05297
G1 X99.544 Y98.89 E346.05734
G1 X99.429 Y98.945 E346.06158
G1 X99.33 Y99.004 E346.06541
G1 X99.227 Y99.082 E346.06971
G1 X99.139 Y99.164 E346.07371
G1 X98.99 Y99.35 E346.08164
G1 X98.882 Y99.561 E346.08952
G1 X98.843 Y99.682 E346.09375
G1 X98.818 Y99.801 E346.09779
G1 X98.8 Y99.994 E346.10424
G1 X98.805 Y100.124 E346.10857
G1 X98.847 Y100.332 E346.11562
G1 X98.89 Y100.456 E346.11999
G1 X98.945 Y100.571 E346.12423
G1 X99.004 Y100.67 E346.12806
G1 X99.082 Y100.773 E346.13236
G1 X99.164 Y100.861 E346.13636
G1 X99.35 Y101.01 E346.14429
G0 F7200 X99.528 Y101.101
G0 X99.328 Y101.493
G0 X99.302 Y101.546
G0 X106.5 Y106.5
;TYPE:WALL-INNER
G1 F2400 X93.5 Y106.5 E346.57667
G1 X93.5 Y93.5 E347.00905
G1 X106.5 Y93.5 E347.44143
G1 X106.5 Y106.5 E347.87381
G0 F7200 X106.9 Y106.9
G1 F2400 X93.1 Y106.9 E348.3328
G1 X93.1 Y93.1 E348.79179
G1 X106.9 Y93.1 E349.25078
G1 X106.9 Y106.9 E349.70977
G0 F7200 X107.3 Y107.3
;TYPE:WALL-OUTER
G1 F1200 X92.7 Y107.3 E350.19537
G1 X92.7 Y92.7 E350.68097
G1 X107.3 Y92.7 E351.16657
G1 X107.3 Y107.3 E351.65217
G0 F7200 X107.1 Y107.3
G0 X106.86 Y106.86
G0 X106.5 Y106.5
;MESH:NONMESH
G0 X98.864 Y101.184
G0 X93.659 Y93.659
;TIME_ELAPSED:485.683387
;LAYER:17
;MESH:Push.stl
G0 X93.659 Y93.659 Z4.372
;TYPE:FILL
G1 F2400 X98.47 Y98.47 E351.87846
G1 X98.54 Y98.54
G0 F7200 X99.851 Y98.376
G0 X101.527 Y98.472
G1 F2400 X106.339 Y93.659 E352.10483
G1 X106.409 Y93.589
G0 F7200 X104.973 Y93.659
G1 F2400 X106.339 Y95.025 E352.16908
G1 X106.409 Y95.095
G0 F7200 X106.339 Y99.316
G1 F2400 X99.316 Y106.339 E352.49942
G1 X99.246 Y106.409
G0 F7200 X100.682 Y106.339
G1 F2400 X93.659 Y99.316 E352.82976
G1 X93.589 Y99.246
G0 F7200 X93.659 Y100.682
G1 F2400 X100.682 Y93.659 E353.1601
G1 X100.752 Y93.589
G0 F7200 X99.316 Y93.659
G1 F2400 X106.339 Y100.682 E353.49044
G1 X106.409 Y100.752
G0 F7200 X106.339 Y104.973
G1 F2400 X104.973 Y106.339 E353.55469
G1 X104.903 Y106.409
G0 F7200 X106.339 Y106.339
G1 F2400 X101.526 Y101.526 E353.78108
G1 X101.456 Y101.456
G0 F7200 X100.133 Y101.621
G0 X98.472 Y101.527
G1 F2400 X93.659 Y106.339 E354.00745
G1 X93.589 Y106.409
G0 F7200 X93.659 Y104.973
G1 F2400 X95.025 Y106.339 E354.0717
G1 X95.095 Y106.409
G0 F7200 X93.659 Y95.025
G1 F2400 X95.025 Y93.659 E354.13595
G1 X95.095 Y93.589
G0 F7200 X101.261 Y98.952
G0 X102.005 Y100.006
;TYPE:WALL-INNER
G1 F2400 X101.967 Y99.615 E354.14902
G1 X101.861 Y99.261 E354.16131
G1 X101.765 Y99.058 E354.16878
G1 X101.661 Y98.883 E354.17555
G1 X101.539 Y98.721 E354.18229
G1 X101.402 Y98.571 E354.18905
G1 X101.247 Y98.435 E354.19591
G1 X101.082 Y98.317 E354.20265
G1 X100.909 Y98.217 E354.2093
G1 X100.708 Y98.127 E354.21663
G1 X100.364 Y98.028 E354.22853
G1 X99.995 Y97.995 E354.24085
G1 X99.614 Y98.033 E354.25359
G1 X99.261 Y98.139 E354.26585
G1 X99.058 Y98.235 E354.27332
G1 X98.883 Y98.339 E354.28009
G1 X98.721 Y98.461 E354.28683
G1 X98.571 Y98.598 E354.29359
G1 X98.435 Y98.753 E354.30045
G1 X98.317 Y98.918 E354.30719
G1 X98.217 Y99.091 E354.31384
G1 X98.127 Y99.292 E354.32116
G1 X98.028 Y99.636 E354.33307
G1 X97.995 Y100.005 E354.34539
G1 X98.033 Y100.386 E354.35813
G1 X98.139 Y100.739 E354.37039
G1 X98.235 Y100.942 E354.37786
G1 X98.339 Y101.117 E354.38463
G1 X98.461 Y101.279 E354.39137
G1 X98.598 Y101.429 E354.39813
G1 X98.753 Y101.565 E354.40499
G1 X98.918 Y101.683 E354.41173
G1 X99.091 Y101.783 E354.41838
G1 X99.292 Y101.873 E354.4257
G1 X99.636 Y101.972 E354.43761
G1 X99.977 Y102.002 E354.449
G1 X100.205 Y101.993 E354.45658
G1 X100.536 Y101.932 E354.46778
G1 X100.878 Y101.799 E354.47998
G1 X101.078 Y101.686 E354.48762
G1 X101.239 Y101.57 E354.49422
G1 X101.394 Y101.437 E354.50102
G1 X101.55 Y101.265 E354.50874
G1 X101.748 Y100.976 E354.52039
G1 X101.857 Y100.75 E354.52874
G1 X101.963 Y100.403 E354.54081
G1 X102.005 Y100.006 E354.55408
G0 F7200 X101.603 Y100.004
G1 F2400 X101.573 Y99.692 E354.56451
G1 X101.487 Y99.405 E354.57447
G1 X101.412 Y99.247 E354.58029
G1 X101.328 Y99.106 E354.58575
G1 X101.231 Y98.977 E354.59112
G1 X101.121 Y98.857 E354.59653
G1 X100.998 Y98.748 E354.602
G1 X100.866 Y98.654 E354.60739
G1 X100.727 Y98.574 E354.61272
G1 X100.57 Y98.504 E354.61844
G1 X100.29 Y98.423 E354.62813
G1 X99.997 Y98.397 E354.63792
G1 X99.692 Y98.427 E354.64811
G1 X99.405 Y98.513 E354.65808
G1 X99.247 Y98.588 E354.66389
G1 X99.106 Y98.672 E354.66935
G1 X98.977 Y98.769 E354.67472
G1 X98.857 Y98.879 E354.68013
G1 X98.748 Y99.002 E354.6856
G1 X98.654 Y99.134 E354.69099
G1 X98.574 Y99.273 E354.69632
G1 X98.504 Y99.43 E354.70204
G1 X98.423 Y99.71 E354.71174
G1 X98.397 Y100.003 E354.72152
G1 X98.427 Y100.308 E354.73171
G1 X98.513 Y100.595 E354.74168
G1 X98.588 Y100.753 E354.7475
G1 X98.672 Y100.894 E354.75295
G1 X98.769 Y101.023 E354.75832
G1 X98.879 Y101.143 E354.76374
G1 X99.002 Y101.252 E354.7692
G1 X99.134 Y101.346 E354.77459
G1 X99.273 Y101.426 E354.77993
G1 X99.43 Y101.496 E354.78564
G1 X99.71 Y101.577 E354.79534
G1 X99.986 Y101.601 E354.80455
G1 X100.161 Y101.594 E354.81038
G1 X100.427 Y101.545 E354.81937
G1 X100.706 Y101.437 E354.82933
G1 X100.861 Y101.349 E354.83525
G1 X100.991 Y101.255 E354.84059
G1 X101.115 Y101.149 E354.84602
G1 X101.236 Y101.016 E354.852
G1 X101.401 Y100.775 E354.86171
G1 X101.483 Y100.604 E354.86802
G1 X101.569 Y100.323 E354.87779
G1 X101.603 Y100.004 E354.88846
G0 F7200 X101.201 Y100.001
;TYPE:WALL-OUTER
G1 F1200 X101.179 Y99.77 E354.89618
G1 X101.112 Y99.548 E354.90389
G1 X101.059 Y99.435 E354.90804
G1 X100.996 Y99.33 E354.91212
G1 X100.923 Y99.233 E354.91615
G1 X100.84 Y99.143 E354.92023
G1 X100.748 Y99.061 E354.92432
G1 X100.65 Y98.991 E354.92833
G1 X100.545 Y98.931 E354.93235
G1 X100.432 Y98.88 E354.93648
G1 X100.217 Y98.818 E354.94392
G1 X99.999 Y98.799 E354.9512
G1 X99.77 Y98.821 E354.95885
G1 X99.548 Y98.888 E354.96656
G1 X99.435 Y98.941 E354.97071
G1 X99.33 Y99.004 E354.97479
G1 X99.233 Y99.077 E354.97882
G1 X99.143 Y99.16 E354.98289
G1 X99.061 Y99.252 E354.98699
G1 X98.991 Y99.35 E354.991
G1 X98.931 Y99.455 E354.99502
G1 X98.88 Y99.568 E354.99915
G1 X98.818 Y99.783 E355.00659
G1 X98.799 Y100.001 E355.01387
G1 X98.821 Y100.23 E355.02152
G1 X98.888 Y100.452 E355.02923
G1 X98.941 Y100.565 E355.03338
G1 X99.004 Y100.67 E355.03745
G1 X99.077 Y100.767 E355.04149
G1 X99.16 Y100.857 E355.04556
G1 X99.252 Y100.939 E355.04966
G1 X99.35 Y101.009 E355.05367
G1 X99.455 Y101.069 E355.05769
G1 X99.568 Y101.12 E355.06181
G1 X99.783 Y101.182 E355.06926
G1 X99.995 Y101.2 E355.07633
G1 X100.116 Y101.195 E355.08036
G1 X100.318 Y101.158 E355.08719
G1 X100.535 Y101.074 E355.09493
G1 X100.645 Y101.012 E355.09913
G1 X100.743 Y100.941 E355.10316
G1 X100.836 Y100.861 E355.10724
G1 X100.922 Y100.767 E355.11147
G1 X101.053 Y100.575 E355.1192
G1 X101.109 Y100.458 E355.12352
G1 X101.175 Y100.242 E355.13103
G1 X101.201 Y100.001 E355.13909
G0 F7200 X101.183 Y99.802
G0 X101.621 Y99.762
G0 X101.68 Y99.757
G0 X106.5 Y106.5
;TYPE:WALL-INNER
G1 F2400 X93.5 Y106.5 E355.57147
G1 X93.5 Y93.5 E356.00386
G1 X106.5 Y93.5 E356.43624
G1 X106.5 Y106.5 E356.86862
G0 F7200 X106.9 Y106.9
G1 F2400 X93.1 Y106.9 E357.32761
G1 X93.1 Y93.1 E357.7866
G1 X106.9 Y93.1 E358.24559
G1 X106.9 Y106.9 E358.70458
G0 F7200 X107.3 Y107.3
;TYPE:WALL-OUTER
G1 F1200 X92.7 Y107.3 E359.19018
G1 X92.7 Y92.7 E359.67577
G1 X107.3 Y92.7 E360.16137
G1 X107.3 Y107.3 E360.64697
G0 F7200 X107.1 Y107.3
G0 X106.86 Y106.86
G0 X106.5 Y106.5
;MESH:NONMESH
G0 X98.851 Y101.171
G0 X93.659 Y93.659
;TIME_ELAPSED:495.317628
;LAYER:18
;MESH:Push.stl
G0 X93.659 Y93.659 Z4.572
;TYPE:FILL
G1 F2400 X98.47 Y98.47 E360.87327
G1 X98.54 Y98.54
G0 F7200 X99.851 Y98.376
G0 X101.527 Y98.472
G1 F2400 X106.339 Y93.659 E361.09963
G1 X106.409 Y93.589
G0 F7200 X104.973 Y93.659
G1 F2400 X106.339 Y95.025 E361.16388
G1 X106.409 Y95.095
G0 F7200 X106.339 Y99.316
G1 F2400 X99.316 Y106.339 E361.49422
G1 X99.246 Y106.409
G0 F7200 X100.682 Y106.339
G1 F2400 X93.659 Y99.316 E361.82456
G1 X93.589 Y99.246
G0 F7200 X93.659 Y100.682
G1 F2400 X100.682 Y93.659 E362.1549
G1 X100.752 Y93.589
G0 F7200 X99.316 Y93.659
G1 F2400 X106.339 Y100.682 E362.48524
G1 X106.409 Y100.752
G0 F7200 X106.339 Y104.973
G1 F2400 X104.973 Y106.339 E362.5495
G1 X104.903 Y106.409
G0 F7200 X106.339 Y106.339
G1 F2400 X101.525 Y101.525 E362.77593
G1 X101.455 Y101.455
G0 F7200 X100.133 Y101.621
G0 X98.472 Y101.527
G1 F2400 X93.659 Y106.339 E363.0023
G1 X93.589 Y106.409
G0 F7200 X93.659 Y104.973
G1 F2400 X95.025 Y106.339 E363.06655
G1 X95.095 Y106.409
G0 F7200 X93.659 Y95.025
G1 F2400 X95.025 Y93.659 E363.1308
G1 X95.095 Y93.589
G0 F7200 X99.614 Y98.033
;TYPE:WALL-INNER
G1 F2400 X99.261 Y98.139 E363.14306
G1 X99.058 Y98.235 E363.15053
G1 X98.883 Y98.339 E363.1573
G1 X98.721 Y98.461 E363.16405
G1 X98.571 Y98.598 E363.1708
G1 X98.435 Y98.753 E363.17766
G1 X98.317 Y98.918 E363.18441
G1 X98.217 Y99.091 E363.19105
G1 X98.127 Y99.292 E363.19838
G1 X98.028 Y99.636 E363.21029
G1 X97.995 Y100.005 E363.22261
G1 X98.033 Y100.386 E363.23534
G1 X98.139 Y100.739 E363.2476
G1 X98.235 Y100.942 E363.25507
G1 X98.339 Y101.117 E363.26184
G1 X98.461 Y101.279 E363.26859
G1 X98.598 Y101.429 E363.27534
G1 X98.753 Y101.565 E363.2822
G1 X98.918 Y101.683 E363.28895
G1 X99.091 Y101.783 E363.29559
G1 X99.292 Y101.873 E363.30292
G1 X99.636 Y101.972 E363.31482
G1 X99.977 Y102.002 E363.32621
G1 X100.196 Y101.993 E363.3335
G1 X100.472 Y101.947 E363.34281
G1 X100.81 Y101.831 E363.35469
G1 X101.01 Y101.728 E363.36217
G1 X101.179 Y101.615 E363.36894
G1 X101.338 Y101.488 E363.3757
G1 X101.501 Y101.324 E363.3834
G1 X101.71 Y101.039 E363.39515
G1 X101.814 Y100.841 E363.40259
G1 X101.891 Y100.652 E363.40938
G1 X101.972 Y100.359 E363.41949
G1 X102.005 Y99.995 E363.43164
G1 X101.967 Y99.614 E363.44438
G1 X101.861 Y99.261 E363.45664
G1 X101.765 Y99.058 E363.46411
G1 X101.661 Y98.883 E363.47088
G1 X101.539 Y98.721 E363.47762
G1 X101.402 Y98.571 E363.48438
G1 X101.247 Y98.435 E363.49124
G1 X101.082 Y98.317 E363.49798
G1 X100.909 Y98.217 E363.50463
G1 X100.708 Y98.127 E363.51195
G1 X100.364 Y98.028 E363.52386
G1 X99.995 Y97.995 E363.53618
G1 X99.614 Y98.033 E363.54892
G0 F7200 X99.692 Y98.427
G1 F2400 X99.405 Y98.513 E363.55888
G1 X99.247 Y98.588 E363.5647
G1 X99.106 Y98.672 E363.57016
G1 X98.977 Y98.769 E363.57553
G1 X98.857 Y98.879 E363.58094
G1 X98.748 Y99.002 E363.58641
G1 X98.654 Y99.134 E363.5918
G1 X98.574 Y99.273 E363.59713
G1 X98.504 Y99.43 E363.60285
G1 X98.423 Y99.71 E363.61254
G1 X98.397 Y100.003 E363.62233
G1 X98.427 Y100.308 E363.63252
G1 X98.513 Y100.595 E363.64249
G1 X98.588 Y100.753 E363.6483
G1 X98.672 Y100.894 E363.65376
G1 X98.769 Y101.023 E363.65913
G1 X98.879 Y101.143 E363.66454
G1 X99.002 Y101.252 E363.67001
G1 X99.134 Y101.346 E363.6754
G1 X99.273 Y101.426 E363.68073
G1 X99.43 Y101.496 E363.68645
G1 X99.71 Y101.577 E363.69615
G1 X99.986 Y101.601 E363.70536
G1 X100.155 Y101.594 E363.71099
G1 X100.374 Y101.558 E363.71837
G1 X100.652 Y101.462 E363.72815
G1 X100.807 Y101.382 E363.73395
G1 X100.943 Y101.292 E363.73938
G1 X101.07 Y101.19 E363.74479
G1 X101.196 Y101.063 E363.75074
G1 X101.37 Y100.826 E363.76052
G1 X101.451 Y100.672 E363.76631
G1 X101.512 Y100.523 E363.77166
G1 X101.577 Y100.287 E363.77981
G1 X101.603 Y99.997 E363.78949
G1 X101.573 Y99.692 E363.79968
G1 X101.487 Y99.405 E363.80965
G1 X101.412 Y99.247 E363.81547
G1 X101.328 Y99.106 E363.82092
G1 X101.231 Y98.977 E363.82629
G1 X101.121 Y98.857 E363.83171
G1 X100.998 Y98.748 E363.83717
G1 X100.866 Y98.654 E363.84256
G1 X100.727 Y98.574 E363.8479
G1 X100.57 Y98.504 E363.85362
G1 X100.29 Y98.423 E363.86331
G1 X99.997 Y98.397 E363.87309
G1 X99.692 Y98.427 E363.88329
G0 F7200 X99.77 Y98.821
;TYPE:WALL-OUTER
G1 F1200 X99.548 Y98.888 E363.891
G1 X99.435 Y98.941 E363.89515
G1 X99.33 Y99.004 E363.89922
G1 X99.233 Y99.077 E363.90326
G1 X99.143 Y99.16 E363.90733
G1 X99.061 Y99.252 E363.91143
G1 X98.991 Y99.35 E363.91544
G1 X98.931 Y99.455 E363.91946
G1 X98.88 Y99.568 E363.92358
G1 X98.818 Y99.783 E363.93103
G1 X98.799 Y100.001 E363.9383
G1 X98.821 Y100.23 E363.94596
G1 X98.888 Y100.452 E363.95367
G1 X98.941 Y100.565 E363.95782
G1 X99.004 Y100.67 E363.96189
G1 X99.077 Y100.767 E363.96593
G1 X99.16 Y100.857 E363.97
G1 X99.252 Y100.939 E363.9741
G1 X99.35 Y101.009 E363.97811
G1 X99.455 Y101.069 E363.98213
G1 X99.568 Y101.12 E363.98625
G1 X99.783 Y101.182 E363.99369
G1 X99.995 Y101.2 E364.00077
G1 X100.115 Y101.195 E364.00477
G1 X100.276 Y101.169 E364.01019
G1 X100.494 Y101.093 E364.01787
G1 X100.605 Y101.036 E364.02202
G1 X100.707 Y100.969 E364.02608
G1 X100.802 Y100.892 E364.03015
G1 X100.892 Y100.802 E364.03438
G1 X101.03 Y100.614 E364.04214
G1 X101.088 Y100.503 E364.0463
G1 X101.133 Y100.393 E364.05025
G1 X101.182 Y100.216 E364.05636
G1 X101.201 Y99.999 E364.06361
G1 X101.179 Y99.77 E364.07126
G1 X101.112 Y99.548 E364.07897
G1 X101.059 Y99.435 E364.08312
G1 X100.996 Y99.33 E364.0872
G1 X100.923 Y99.233 E364.09123
G1 X100.84 Y99.143 E364.09531
G1 X100.748 Y99.061 E364.0994
G1 X100.65 Y98.991 E364.10341
G1 X100.545 Y98.931 E364.10743
G1 X100.432 Y98.88 E364.11156
G1 X100.217 Y98.818 E364.119
G1 X99.999 Y98.799 E364.12628
G1 X99.77 Y98.821 E364.13393
G0 F7200 X99.578 Y98.879
G0 X99.45 Y98.457
G0 X99.434 Y98.401
G0 X100.297 Y98.384
G0 X100.887 Y98.621
G0 X101.27 Y98.995
G0 X106.5 Y106.5
;TYPE:WALL-INNER
G1 F2400 X93.5 Y106.5 E364.56631
G1 X93.5 Y93.5 E364.99869
G1 X106.5 Y93.5 E365.43107
G1 X106.5 Y106.5 E365.86345
G0 F7200 X106.9 Y106.9
G1 F2400 X93.1 Y106.9 E366.32244
G1 X93.1 Y93.1 E366.78143
G1 X106.9 Y93.1 E367.24042
G1 X106.9 Y106.9 E367.69941
G0 F7200 X107.3 Y107.3
;TYPE:WALL-OUTER
G1 F1200 X92.7 Y107.3 E368.18501
G1 X92.7 Y92.7 E368.67061
G1 X107.3 Y92.7 E369.15621
G1 X107.3 Y107.3 E369.64181
G0 F7200 X107.1 Y107.3
G0 X106.86 Y106.86
G0 X106.5 Y106.5
;MESH:NONMESH
G0 X98.851 Y101.171
G0 X93.659 Y93.659
;TIME_ELAPSED:504.961211
;LAYER:19
;MESH:Push.stl
G0 X93.659 Y93.659 Z4.772
;TYPE:FILL
G1 F2400 X98.47 Y98.47 E369.8681
G1 X98.54 Y98.54
G0 F7200 X99.851 Y98.376
G0 X101.527 Y98.472
G1 F2400 X106.339 Y93.659 E370.09447
G1 X106.409 Y93.589
G0 F7200 X104.973 Y93.659
G1 F2400 X106.339 Y95.025 E370.15872
G1 X106.409 Y95.095
G0 F7200 X106.339 Y99.316
G1 F2400 X99.316 Y106.339 E370.48906
G1 X99.246 Y106.409
G0 F7200 X100.682 Y106.339
G1 F2400 X93.659 Y99.316 E370.8194
G1 X93.589 Y99.246
G0 F7200 X93.659 Y100.682
G1 F2400 X100.682 Y93.659 E371.14974
G1 X100.752 Y93.589
G0 F7200 X99.316 Y93.659
G1 F2400 X106.339 Y100.682 E371.48008
G1 X106.409 Y100.752
G0 F7200 X106.339 Y104.973
G1 F2400 X104.973 Y106.339 E371.54433
G1 X104.903 Y106.409
G0 F7200 X106.339 Y106.339
G1 F2400 X101.527 Y101.527 E371.77067
G1 X101.457 Y101.457
G0 F7200 X100.147 Y101.624
G0 X98.472 Y101.527
G1 F2400 X93.659 Y106.339 E371.99704
G1 X93.589 Y106.409
G0 F7200 X93.659 Y104.973
G1 F2400 X95.025 Y106.339 E372.06129
G1 X95.095 Y106.409
G0 F7200 X93.659 Y95.025
G1 F2400 X95.025 Y93.659 E372.12554
G1 X95.095 Y93.589
G0 F7200 X99.614 Y98.033
;TYPE:WALL-INNER
G1 F2400 X99.261 Y98.139 E372.1378
G1 X99.058 Y98.235 E372.14527
G1 X98.883 Y98.339 E372.15204
G1 X98.721 Y98.461 E372.15879
G1 X98.571 Y98.598 E372.16554
G1 X98.435 Y98.753 E372.1724
G1 X98.317 Y98.918 E372.17915
G1 X98.217 Y99.091 E372.1858
G1 X98.127 Y99.292 E372.19312
G1 X98.028 Y99.636 E372.20503
G1 X97.995 Y100.005 E372.21735
G1 X98.033 Y100.386 E372.23008
G1 X98.139 Y100.739 E372.24234
G1 X98.235 Y100.942 E372.24981
G1 X98.339 Y101.117 E372.25658
G1 X98.461 Y101.279 E372.26333
G1 X98.598 Y101.429 E372.27008
G1 X98.753 Y101.565 E372.27694
G1 X98.918 Y101.683 E372.28369
G1 X99.091 Y101.783 E372.29034
G1 X99.269 Y101.861 E372.2968
G1 X99.292 Y101.872 E372.29765
G1 X99.635 Y101.972 E372.30953
G1 X100.002 Y102.005 E372.32179
G1 X100.362 Y101.97 E372.33382
G1 X100.578 Y101.916 E372.34122
G1 X100.76 Y101.85 E372.34766
G1 X100.941 Y101.767 E372.35428
G1 X101.118 Y101.66 E372.36116
G1 X101.279 Y101.539 E372.36786
G1 X101.429 Y101.402 E372.37462
G1 X101.565 Y101.247 E372.38148
G1 X101.683 Y101.082 E372.38822
G1 X101.783 Y100.909 E372.39487
G1 X101.873 Y100.708 E372.40219
G1 X101.972 Y100.364 E372.4141
G1 X102.005 Y99.995 E372.42642
G1 X101.967 Y99.614 E372.43916
G1 X101.861 Y99.261 E372.45142
G1 X101.765 Y99.058 E372.45888
G1 X101.661 Y98.883 E372.46565
G1 X101.539 Y98.721 E372.4724
G1 X101.402 Y98.571 E372.47916
G1 X101.247 Y98.435 E372.48602
G1 X101.082 Y98.317 E372.49276
G1 X100.909 Y98.217 E372.49941
G1 X100.708 Y98.127 E372.50673
G1 X100.364 Y98.028 E372.51864
G1 X99.995 Y97.995 E372.53096
G1 X99.614 Y98.033 E372.5437
G0 F7200 X99.692 Y98.427
G1 F2400 X99.405 Y98.513 E372.55366
G1 X99.247 Y98.588 E372.55948
G1 X99.106 Y98.672 E372.56494
G1 X98.977 Y98.769 E372.57031
G1 X98.857 Y98.879 E372.57572
G1 X98.748 Y99.002 E372.58119
G1 X98.654 Y99.134 E372.58658
G1 X98.574 Y99.273 E372.59191
G1 X98.504 Y99.43 E372.59763
G1 X98.423 Y99.71 E372.60732
G1 X98.397 Y100.003 E372.61711
G1 X98.427 Y100.308 E372.6273
G1 X98.513 Y100.595 E372.63726
G1 X98.588 Y100.753 E372.64308
G1 X98.672 Y100.894 E372.64854
G1 X98.769 Y101.023 E372.65391
G1 X98.879 Y101.143 E372.65932
G1 X99.002 Y101.252 E372.66479
G1 X99.134 Y101.346 E372.67018
G1 X99.273 Y101.426 E372.67551
G1 X99.43 Y101.496 E372.68123
G1 X99.709 Y101.577 E372.69089
G1 X100.001 Y101.603 E372.70064
G1 X100.294 Y101.575 E372.71043
G1 X100.461 Y101.533 E372.71616
G1 X100.608 Y101.48 E372.72136
G1 X100.753 Y101.413 E372.72667
G1 X100.894 Y101.328 E372.73215
G1 X101.023 Y101.231 E372.73751
G1 X101.143 Y101.121 E372.74293
G1 X101.252 Y100.998 E372.74839
G1 X101.346 Y100.866 E372.75378
G1 X101.426 Y100.727 E372.75912
G1 X101.496 Y100.57 E372.76484
G1 X101.577 Y100.29 E372.77453
G1 X101.603 Y99.997 E372.78431
G1 X101.573 Y99.692 E372.79451
G1 X101.487 Y99.405 E372.80447
G1 X101.412 Y99.247 E372.81029
G1 X101.328 Y99.106 E372.81575
G1 X101.231 Y98.977 E372.82112
G1 X101.121 Y98.857 E372.82653
G1 X100.998 Y98.748 E372.832
G1 X100.866 Y98.654 E372.83739
G1 X100.727 Y98.574 E372.84272
G1 X100.57 Y98.504 E372.84844
G1 X100.29 Y98.423 E372.85813
G1 X99.997 Y98.397 E372.86792
G1 X99.692 Y98.427 E372.87811
G0 F7200 X99.77 Y98.821
;TYPE:WALL-OUTER
G1 F1200 X99.548 Y98.888 E372.88582
G1 X99.435 Y98.941 E372.88997
G1 X99.33 Y99.004 E372.89405
G1 X99.233 Y99.077 E372.89808
G1 X99.143 Y99.16 E372.90216
G1 X99.061 Y99.252 E372.90626
G1 X98.991 Y99.35 E372.91026
G1 X98.931 Y99.455 E372.91428
G1 X98.88 Y99.568 E372.91841
G1 X98.818 Y99.783 E372.92585
G1 X98.799 Y100.001 E372.93313
G1 X98.821 Y100.23 E372.94078
G1 X98.888 Y100.452 E372.94849
G1 X98.941 Y100.565 E372.95264
G1 X99.004 Y100.67 E372.95672
G1 X99.077 Y100.767 E372.96075
G1 X99.16 Y100.857 E372.96483
G1 X99.252 Y100.939 E372.96892
G1 X99.35 Y101.009 E372.97293
G1 X99.455 Y101.069 E372.97695
G1 X99.568 Y101.12 E372.98108
G1 X99.783 Y101.182 E372.98852
G1 X100 Y101.201 E372.99576
G1 X100.226 Y101.18 E373.00331
G1 X100.344 Y101.15 E373.00736
G1 X100.456 Y101.11 E373.01132
G1 X100.565 Y101.059 E373.01532
G1 X100.67 Y100.996 E373.01939
G1 X100.767 Y100.923 E373.02343
G1 X100.857 Y100.84 E373.0275
G1 X100.939 Y100.748 E373.0316
G1 X101.009 Y100.65 E373.03561
G1 X101.069 Y100.545 E373.03963
G1 X101.12 Y100.432 E373.04375
G1 X101.182 Y100.217 E373.05119
G1 X101.201 Y99.999 E373.05847
G1 X101.179 Y99.77 E373.06612
G1 X101.112 Y99.548 E373.07384
G1 X101.059 Y99.435 E373.07799
G1 X100.996 Y99.33 E373.08206
G1 X100.923 Y99.233 E373.0861
G1 X100.84 Y99.143 E373.09017
G1 X100.748 Y99.061 E373.09427
G1 X100.65 Y98.991 E373.09828
G1 X100.545 Y98.931 E373.1023
G1 X100.432 Y98.88 E373.10642
G1 X100.217 Y98.818 E373.11386
G1 X99.999 Y98.799 E373.12114
G1 X99.77 Y98.821 E373.12879
G0 F7200 X99.578 Y98.879
G0 X99.45 Y98.457
G0 X99.434 Y98.401
G0 X100.297 Y98.384
G0 X100.887 Y98.621
G0 X101.27 Y98.995
G0 X106.5 Y106.5
;TYPE:WALL-INNER
G1 F2400 X93.5 Y106.5 E373.56118
G1 X93.5 Y93.5 E373.99356
G1 X106.5 Y93.5 E374.42594
G1 X106.5 Y106.5 E374.85832
G0 F7200 X106.9 Y106.9
G1 F2400 X93.1 Y106.9 E375.31731
G1 X93.1 Y93.1 E375.7763
G1 X106.9 Y93.1 E376.23529
G1 X106.9 Y106.9 E376.69428
G0 F7200 X107.3 Y107.3
;TYPE:WALL-OUTER
G1 F1200 X92.7 Y107.3 E377.17988
G1 X92.7 Y92.7 E377.66548
G1 X107.3 Y92.7 E378.15107
G1 X107.3 Y107.3 E378.63667
G0 F7200 X107.1 Y107.3
G0 X106.86 Y106.86
G0 X106.5 Y106.5
;MESH:NONMESH
G0 X101.149 Y98.829
G0 X93.659 Y93.659
;TIME_ELAPSED:514.604879
;LAYER:20
;MESH:Push.stl
G0 X93.659 Y93.659 Z4.972
;TYPE:FILL
G1 F2400 X98.469 Y98.469 E378.86292
G1 X98.539 Y98.539
G0 F7200 X99.86 Y98.377
G0 X101.529 Y98.47
G1 F2400 X106.339 Y93.659 E379.08919
G1 X106.409 Y93.589
G0 F7200 X104.973 Y93.659
G1 F2400 X106.339 Y95.025 E379.15344
G1 X106.409 Y95.095
G0 F7200 X106.339 Y99.316
G1 F2400 X99.316 Y106.339 E379.48378
G1 X99.246 Y106.409
G0 F7200 X100.682 Y106.339
G1 F2400 X93.659 Y99.316 E379.81412
G1 X93.589 Y99.246
G0 F7200 X93.659 Y100.682
G1 F2400 X100.682 Y93.659 E380.14446
G1 X100.752 Y93.589
G0 F7200 X99.316 Y93.659
G1 F2400 X106.339 Y100.682 E380.4748
G1 X106.409 Y100.752
G0 F7200 X106.339 Y104.973
G1 F2400 X104.973 Y106.339 E380.53906
G1 X104.903 Y106.409
G0 F7200 X106.339 Y106.339
G1 F2400 X101.529 Y101.529 E380.7653
G1 X101.459 Y101.459
G0 F7200 X100.144 Y101.623
G0 X98.47 Y101.529
G1 F2400 X93.659 Y106.339 E380.99158
G1 X93.589 Y106.409
G0 F7200 X93.659 Y104.973
G1 F2400 X95.025 Y106.339 E381.05583
G1 X95.095 Y106.409
G0 F7200 X93.659 Y95.025
G1 F2400 X95.025 Y93.659 E381.12008
G1 X95.095 Y93.589
G0 F7200 X98.03 Y99.631
;TYPE:WALL-INNER
G1 F2400 X97.997 Y99.988 E381.13201
G1 X98.016 Y100.255 E381.14091
G1 X98.06 Y100.492 E381.14893
G1 X98.142 Y100.754 E381.15806
G1 X98.271 Y101.005 E381.16744
G1 X98.409 Y101.21 E381.17566
G1 X98.586 Y101.42 E381.1848
G1 X98.808 Y101.607 E381.19445
G1 X99.023 Y101.746 E381.20297
G1 X99.264 Y101.862 E381.21186
G1 X99.523 Y101.944 E381.2209
G1 X99.751 Y101.983 E381.22859
G1 X99.995 Y102.003 E381.23673
G1 X100.256 Y101.984 E381.24544
G1 X100.492 Y101.94 E381.25342
G1 X100.754 Y101.858 E381.26255
G1 X101.005 Y101.729 E381.27194
G1 X101.21 Y101.591 E381.28016
G1 X101.42 Y101.414 E381.28929
G1 X101.607 Y101.192 E381.29895
G1 X101.746 Y100.976 E381.30749
G1 X101.867 Y100.724 E381.31679
G1 X101.97 Y100.369 E381.32908
G1 X102.003 Y100.012 E381.34101
G1 X101.984 Y99.745 E381.34991
G1 X101.94 Y99.508 E381.35793
G1 X101.858 Y99.246 E381.36706
G1 X101.729 Y98.995 E381.37645
G1 X101.591 Y98.79 E381.38466
G1 X101.414 Y98.58 E381.3938
G1 X101.192 Y98.393 E381.40345
G1 X100.976 Y98.254 E381.412
G1 X100.724 Y98.133 E381.42129
G1 X100.369 Y98.03 E381.43359
G1 X100.012 Y97.997 E381.44551
G1 X99.745 Y98.016 E381.45442
G1 X99.508 Y98.06 E381.46243
G1 X99.246 Y98.142 E381.47156
G1 X98.995 Y98.271 E381.48095
G1 X98.79 Y98.409 E381.48917
G1 X98.58 Y98.586 E381.4983
G1 X98.393 Y98.808 E381.50796
G1 X98.254 Y99.024 E381.5165
G1 X98.133 Y99.276 E381.5258
G1 X98.03 Y99.631 E381.53809
G0 F7200 X98.425 Y99.706
G1 F2400 X98.398 Y99.993 E381.54768
G1 X98.413 Y100.204 E381.55472
G1 X98.449 Y100.395 E381.56118
G1 X98.514 Y100.602 E381.5684
G1 X98.616 Y100.802 E381.57587
G1 X98.728 Y100.968 E381.58253
G1 X98.87 Y101.136 E381.58984
G1 X99.046 Y101.285 E381.59751
G1 X99.219 Y101.396 E381.60435
G1 X99.412 Y101.489 E381.61147
G1 X99.618 Y101.554 E381.61866
G1 X99.802 Y101.586 E381.62487
G1 X99.997 Y101.602 E381.63138
G1 X100.204 Y101.587 E381.63828
G1 X100.395 Y101.551 E381.64475
G1 X100.602 Y101.486 E381.65196
G1 X100.802 Y101.384 E381.65943
G1 X100.968 Y101.272 E381.66609
G1 X101.136 Y101.13 E381.67341
G1 X101.285 Y100.954 E381.68108
G1 X101.396 Y100.781 E381.68791
G1 X101.492 Y100.581 E381.69529
G1 X101.575 Y100.294 E381.70523
G1 X101.602 Y100.007 E381.71482
G1 X101.587 Y99.796 E381.72185
G1 X101.551 Y99.605 E381.72832
G1 X101.486 Y99.398 E381.73553
G1 X101.384 Y99.198 E381.743
G1 X101.272 Y99.032 E381.74966
G1 X101.13 Y98.864 E381.75698
G1 X100.954 Y98.715 E381.76465
G1 X100.781 Y98.604 E381.77148
G1 X100.581 Y98.508 E381.77886
G1 X100.294 Y98.425 E381.7888
G1 X100.007 Y98.398 E381.79839
G1 X99.796 Y98.413 E381.80542
G1 X99.605 Y98.449 E381.81189
G1 X99.398 Y98.514 E381.8191
G1 X99.198 Y98.616 E381.82657
G1 X99.032 Y98.728 E381.83323
G1 X98.864 Y98.87 E381.84055
G1 X98.715 Y99.046 E381.84822
G1 X98.604 Y99.219 E381.85505
G1 X98.508 Y99.419 E381.86243
G1 X98.425 Y99.706 E381.87237
G0 F7200 X98.82 Y99.781
;TYPE:WALL-OUTER
G1 F1200 X98.799 Y99.998 E381.87962
G1 X98.81 Y100.152 E381.88475
G1 X98.838 Y100.297 E381.88967
G1 X98.886 Y100.451 E381.89503
G1 X98.961 Y100.599 E381.90055
G1 X99.047 Y100.726 E381.90565
G1 X99.154 Y100.852 E381.91115
G1 X99.285 Y100.963 E381.91686
G1 X99.414 Y101.046 E381.92196
G1 X99.56 Y101.116 E381.92735
G1 X99.713 Y101.165 E381.93269
G1 X99.852 Y101.189 E381.93738
G1 X99.999 Y101.201 E381.94229
G1 X100.152 Y101.19 E381.94739
G1 X100.297 Y101.162 E381.9523
G1 X100.451 Y101.114 E381.95767
G1 X100.599 Y101.039 E381.96318
G1 X100.726 Y100.953 E381.96829
G1 X100.852 Y100.846 E381.97378
G1 X100.963 Y100.715 E381.97949
G1 X101.046 Y100.586 E381.9846
G1 X101.117 Y100.438 E381.99006
G1 X101.18 Y100.219 E381.99764
G1 X101.201 Y100.002 E382.00489
G1 X101.19 Y99.848 E382.01002
G1 X101.162 Y99.703 E382.01493
G1 X101.114 Y99.549 E382.0203
G1 X101.039 Y99.401 E382.02582
G1 X100.953 Y99.274 E382.03092
G1 X100.846 Y99.148 E382.03642
G1 X100.715 Y99.037 E382.04213
G1 X100.586 Y98.954 E382.04723
G1 X100.438 Y98.883 E382.05269
G1 X100.219 Y98.82 E382.06027
G1 X100.002 Y98.799 E382.06752
G1 X99.848 Y98.81 E382.07265
G1 X99.703 Y98.838 E382.07757
G1 X99.549 Y98.886 E382.08293
G1 X99.401 Y98.961 E382.08845
G1 X99.274 Y99.047 E382.09355
G1 X99.148 Y99.154 E382.09905
G1 X99.037 Y99.285 E382.10476
G1 X98.954 Y99.414 E382.10986
G1 X98.883 Y99.562 E382.11532
G1 X98.82 Y99.781 E382.1229
G0 F7200 X98.801 Y99.98
G0 X98.364 Y99.937
G0 X98.304 Y99.931
G0 X98.477 Y100.617
G0 X98.842 Y101.164
G0 X106.5 Y106.5
;TYPE:WALL-INNER
G1 F2400 X93.5 Y106.5 E382.55528
G1 X93.5 Y93.5 E382.98766
G1 X106.5 Y93.5 E383.42005
G1 X106.5 Y106.5 E383.85243
G0 F7200 X106.9 Y106.9
G1 F2400 X93.1 Y106.9 E384.31142
G1 X93.1 Y93.1 E384.77041
G1 X106.9 Y93.1 E385.2294
G1 X106.9 Y106.9 E385.68839
G0 F7200 X107.3 Y107.3
;TYPE:WALL-OUTER
G1 F1200 X92.7 Y107.3 E386.17399
G1 X92.7 Y92.7 E386.65958
G1 X107.3 Y92.7 E387.14518
G1 X107.3 Y107.3 E387.63078
G0 F7200 X107.1 Y107.3
G0 X106.86 Y106.86
G0 X106.5 Y106.5
;MESH:NONMESH
G0 X98.842 Y101.164
G0 X93.659 Y93.659
;TIME_ELAPSED:524.243998
;LAYER:21
;MESH:Push.stl
G0 X93.659 Y93.659 Z5.172
;TYPE:FILL
G1 F2400 X98.468 Y98.468 E387.85698
G1 X98.538 Y98.538
G0 F7200 X99.849 Y98.376
G0 X101.527 Y98.472
G1 F2400 X106.339 Y93.659 E388.08335
G1 X106.409 Y93.589
G0 F7200 X104.973 Y93.659
G1 F2400 X106.339 Y95.025 E388.1476
G1 X106.409 Y95.095
G0 F7200 X106.339 Y99.316
G1 F2400 X99.316 Y106.339 E388.47794
G1 X99.246 Y106.409
G0 F7200 X100.682 Y106.339
G1 F2400 X93.659 Y99.316 E388.80828
G1 X93.589 Y99.246
G0 F7200 X93.659 Y100.682
G1 F2400 X100.682 Y93.659 E389.13862
G1 X100.752 Y93.589
G0 F7200 X99.316 Y93.659
G1 F2400 X106.339 Y100.682 E389.46896
G1 X106.409 Y100.752
G0 F7200 X106.339 Y104.973
G1 F2400 X104.973 Y106.339 E389.53321
G1 X104.903 Y106.409
G0 F7200 X106.339 Y106.339
G1 F2400 X101.529 Y101.529 E389.75946
G1 X101.459 Y101.459
G0 F7200 X100.118 Y101.622
G0 X98.472 Y101.527
G1 F2400 X93.659 Y106.339 E389.98582
G1 X93.589 Y106.409
G0 F7200 X93.659 Y104.973
G1 F2400 X95.025 Y106.339 E390.05008
G1 X95.095 Y106.409
G0 F7200 X93.659 Y95.025
G1 F2400 X95.025 Y93.659 E390.11433
G1 X95.095 Y93.589
G0 F7200 X98.631 Y100.91
G0 X99.101 Y101.373
G0 X99.435 Y101.508
G0 X100.745 Y101.865
;TYPE:WALL-INNER
G1 F2400 X101.135 Y101.65 E390.12914
G1 X101.418 Y101.416 E390.14136
G1 X101.656 Y101.127 E390.15381
G1 X101.86 Y100.749 E390.16809
G1 X101.951 Y100.431 E390.17909
G1 X101.962 Y100.396 E390.18032
G1 X102.005 Y99.973 E390.19446
G1 X101.968 Y99.616 E390.20639
G1 X101.846 Y99.223 E390.22008
G1 X101.669 Y98.886 E390.23274
G1 X101.384 Y98.552 E390.24734
G1 X101.098 Y98.325 E390.25949
G1 X100.776 Y98.151 E390.27166
G1 X100.375 Y98.03 E390.28559
G1 X99.992 Y97.995 E390.29839
G1 X99.597 Y98.038 E390.3116
G1 X99.245 Y98.14 E390.32379
G1 X98.865 Y98.35 E390.33823
G1 X98.582 Y98.584 E390.35044
G1 X98.344 Y98.873 E390.3629
G1 X98.14 Y99.251 E390.37718
G1 X98.049 Y99.569 E390.38818
G1 X98.038 Y99.604 E390.3894
G1 X97.995 Y100.027 E390.40355
G1 X98.032 Y100.384 E390.41548
G1 X98.154 Y100.777 E390.42917
G1 X98.331 Y101.114 E390.44183
G1 X98.616 Y101.448 E390.45643
G1 X98.902 Y101.675 E390.46858
G1 X99.224 Y101.849 E390.48075
G1 X99.263 Y101.86 E390.4821
G1 X99.621 Y101.968 E390.49454
G1 X99.962 Y102.004 E390.50594
G1 X100.325 Y101.976 E390.51805
G1 X100.745 Y101.865 E390.5325
G0 F7200 X100.595 Y101.491
G1 F2400 X100.909 Y101.318 E390.54442
G1 X101.134 Y101.132 E390.55413
G1 X101.323 Y100.903 E390.56401
G1 X101.488 Y100.597 E390.57557
G1 X101.568 Y100.32 E390.58516
G1 X101.603 Y99.974 E390.59673
G1 X101.574 Y99.697 E390.60599
G1 X101.475 Y99.376 E390.61716
G1 X101.336 Y99.112 E390.62709
G1 X101.105 Y98.841 E390.63893
G1 X100.877 Y98.66 E390.64861
G1 X100.622 Y98.522 E390.65826
G1 X100.298 Y98.425 E390.66951
G1 X99.995 Y98.397 E390.67963
G1 X99.675 Y98.432 E390.69033
G1 X99.399 Y98.512 E390.69989
G1 X99.091 Y98.682 E390.71159
G1 X98.866 Y98.868 E390.7213
G1 X98.677 Y99.097 E390.73118
G1 X98.512 Y99.403 E390.74274
G1 X98.432 Y99.68 E390.75233
G1 X98.397 Y100.026 E390.7639
G1 X98.426 Y100.303 E390.77316
G1 X98.525 Y100.624 E390.78433
G1 X98.664 Y100.888 E390.79426
G1 X98.895 Y101.159 E390.8061
G1 X99.123 Y101.34 E390.81578
G1 X99.378 Y101.478 E390.82543
G1 X99.7 Y101.574 E390.8366
G1 X99.968 Y101.602 E390.84556
G1 X100.258 Y101.58 E390.85524
G1 X100.595 Y101.491 E390.86683
G0 F7200 X100.445 Y101.117
;TYPE:WALL-OUTER
G1 F1200 X100.683 Y100.986 E390.87587
G1 X100.85 Y100.848 E390.88307
G1 X100.989 Y100.679 E390.89035
G1 X101.116 Y100.444 E390.89923
G1 X101.174 Y100.244 E390.90616
G1 X101.201 Y99.975 E390.91515
G1 X101.18 Y99.777 E390.92177
G1 X101.104 Y99.529 E390.9304
G1 X101.003 Y99.338 E390.93759
G1 X100.826 Y99.13 E390.94667
G1 X100.656 Y98.995 E390.95389
G1 X100.468 Y98.894 E390.96099
G1 X100.221 Y98.82 E390.96957
G1 X99.998 Y98.799 E390.97702
G1 X99.753 Y98.826 E390.98521
G1 X99.553 Y98.884 E390.99214
G1 X99.317 Y99.014 E391.0011
G1 X99.15 Y99.152 E391.00831
G1 X99.011 Y99.321 E391.01558
G1 X98.884 Y99.556 E391.02447
G1 X98.826 Y99.756 E391.0314
G1 X98.799 Y100.025 E391.04039
G1 X98.82 Y100.223 E391.04701
G1 X98.896 Y100.471 E391.05564
G1 X98.997 Y100.662 E391.06282
G1 X99.174 Y100.87 E391.07191
G1 X99.344 Y101.005 E391.07913
G1 X99.532 Y101.106 E391.08623
G1 X99.779 Y101.18 E391.0948
G1 X99.974 Y101.2 E391.10132
G1 X100.192 Y101.184 E391.10859
G1 X100.445 Y101.117 E391.1173
G0 F7200 X100.62 Y101.021
G0 X100.832 Y101.407
G0 X100.86 Y101.459
G0 X106.5 Y106.5
;TYPE:WALL-INNER
G1 F2400 X93.5 Y106.5 E391.54968
G1 X93.5 Y93.5 E391.98206
G1 X106.5 Y93.5 E392.41444
G1 X106.5 Y106.5 E392.84682
G0 F7200 X106.9 Y106.9
G1 F2400 X93.1 Y106.9 E393.30581
G1 X93.1 Y93.1 E393.7648
G1 X106.9 Y93.1 E394.22379
G1 X106.9 Y106.9 E394.68278
G0 F7200 X107.3 Y107.3
;TYPE:WALL-OUTER
G1 F1200 X92.7 Y107.3 E395.16838
G1 X92.7 Y92.7 E395.65398
G1 X107.3 Y92.7 E396.13958
G1 X107.3 Y107.3 E396.62517
G0 F7200 X107.1 Y107.3
G0 X106.86 Y106.86
G0 X106.5 Y106.5
;MESH:NONMESH
G0 X98.868 Y101.187
G0 X93.659 Y93.659
;TIME_ELAPSED:533.881408
;LAYER:22
;MESH:Push.stl
G0 X93.659 Y93.659 Z5.372
;TYPE:FILL
G1 F2400 X98.468 Y98.468 E396.85137
G1 X98.538 Y98.538
G0 F7200 X99.884 Y98.374
G0 X101.53 Y98.468
G1 F2400 X106.339 Y93.659 E397.07758
G1 X106.409 Y93.589
G0 F7200 X104.973 Y93.659
G1 F2400 X106.339 Y95.025 E397.14183
G1 X106.409 Y95.095
G0 F7200 X106.339 Y99.316
G1 F2400 X99.316 Y106.339 E397.47217
G1 X99.246 Y106.409
G0 F7200 X100.682 Y106.339
G1 F2400 X93.659 Y99.316 E397.80251
G1 X93.589 Y99.246
G0 F7200 X93.659 Y100.682
G1 F2400 X100.682 Y93.659 E398.13285
G1 X100.752 Y93.589
G0 F7200 X99.316 Y93.659
G1 F2400 X106.339 Y100.682 E398.46319
G1 X106.409 Y100.752
G0 F7200 X106.339 Y104.973
G1 F2400 X104.973 Y106.339 E398.52744
G1 X104.903 Y106.409
G0 F7200 X106.339 Y106.339
G1 F2400 X101.531 Y101.531 E398.7536
G1 X101.461 Y101.461
G0 F7200 X100.116 Y101.626
G0 X98.468 Y101.53
G1 F2400 X93.659 Y106.339 E398.9798
G1 X93.589 Y106.409
G0 F7200 X93.659 Y104.973
G1 F2400 X95.025 Y106.339 E399.04405
G1 X95.095 Y106.409
G0 F7200 X93.659 Y95.025
G1 F2400 X95.025 Y93.659 E399.1083
G1 X95.095 Y93.589
G0 F7200 X98.895 Y98.321
;TYPE:WALL-INNER
G1 F2400 X98.554 Y98.607 E399.1231
G1 X98.315 Y98.906 E399.13584
G1 X98.124 Y99.287 E399.15001
G1 X98.03 Y99.622 E399.16158
G1 X97.992 Y99.961 E399.17293
G1 X98.027 Y100.366 E399.18645
G1 X98.125 Y100.715 E399.19851
G1 X98.321 Y101.105 E399.21302
G1 X98.607 Y101.446 E399.22783
G1 X98.906 Y101.685 E399.24056
G1 X99.287 Y101.876 E399.25473
G1 X99.622 Y101.97 E399.26631
G1 X99.961 Y102.008 E399.27765
G1 X100.366 Y101.973 E399.29117
G1 X100.715 Y101.875 E399.30323
G1 X101.105 Y101.679 E399.31775
G1 X101.446 Y101.393 E399.33255
G1 X101.685 Y101.094 E399.34528
G1 X101.876 Y100.713 E399.35946
G1 X101.97 Y100.378 E399.37103
G1 X102.008 Y100.039 E399.38237
G1 X101.973 Y99.634 E399.39589
G1 X101.875 Y99.285 E399.40795
G1 X101.679 Y98.895 E399.42247
G1 X101.393 Y98.554 E399.43727
G1 X101.094 Y98.315 E399.45
G1 X100.713 Y98.124 E399.46418
G1 X100.378 Y98.03 E399.47575
G1 X100.039 Y97.992 E399.4871
G1 X99.634 Y98.027 E399.50062
G1 X99.285 Y98.125 E399.51267
G1 X98.895 Y98.321 E399.52719
G0 F7200 X99.116 Y98.658
G1 F2400 X98.842 Y98.888 E399.53909
G1 X98.654 Y99.123 E399.5491
G1 X98.499 Y99.432 E399.5606
G1 X98.424 Y99.699 E399.56982
G1 X98.394 Y99.966 E399.57876
G1 X98.422 Y100.294 E399.58971
G1 X98.5 Y100.569 E399.59921
G1 X98.658 Y100.884 E399.61093
G1 X98.888 Y101.158 E399.62283
G1 X99.123 Y101.346 E399.63284
G1 X99.432 Y101.501 E399.64434
G1 X99.699 Y101.576 E399.65356
G1 X99.966 Y101.606 E399.6625
G1 X100.294 Y101.578 E399.67345
G1 X100.569 Y101.5 E399.68296
G1 X100.884 Y101.342 E399.69468
G1 X101.158 Y101.112 E399.70658
G1 X101.346 Y100.877 E399.71659
G1 X101.501 Y100.568 E399.72808
G1 X101.576 Y100.301 E399.73731
G1 X101.606 Y100.034 E399.74624
G1 X101.578 Y99.706 E399.75719
G1 X101.5 Y99.431 E399.7667
G1 X101.342 Y99.116 E399.77842
G1 X101.112 Y98.842 E399.79032
G1 X100.877 Y98.654 E399.80033
G1 X100.568 Y98.499 E399.81183
G1 X100.301 Y98.424 E399.82105
G1 X100.034 Y98.394 E399.82999
G1 X99.706 Y98.422 E399.84094
G1 X99.431 Y98.5 E399.85044
G1 X99.116 Y98.658 E399.86217
G0 F7200 X99.338 Y98.994
;TYPE:WALL-OUTER
G1 F1200 X99.13 Y99.169 E399.87121
G1 X98.993 Y99.34 E399.87849
G1 X98.874 Y99.577 E399.88731
G1 X98.818 Y99.776 E399.89419
G1 X98.796 Y99.972 E399.90075
G1 X98.817 Y100.222 E399.90909
G1 X98.874 Y100.423 E399.91604
G1 X98.994 Y100.662 E399.92494
G1 X99.169 Y100.87 E399.93398
G1 X99.34 Y101.007 E399.94127
G1 X99.577 Y101.126 E399.95009
G1 X99.776 Y101.182 E399.95696
G1 X99.972 Y101.204 E399.96352
G1 X100.222 Y101.183 E399.97187
G1 X100.423 Y101.126 E399.97882
G1 X100.662 Y101.006 E399.98771
G1 X100.87 Y100.831 E399.99675
G1 X101.007 Y100.66 E400.00404
G1 X101.126 Y100.423 E400.01286
G1 X101.182 Y100.224 E400.01974
G1 X101.204 Y100.028 E400.0263
G1 X101.183 Y99.778 E400.03464
G1 X101.126 Y99.577 E400.04159
G1 X101.006 Y99.338 E400.05048
G1 X100.831 Y99.13 E400.05953
G1 X100.66 Y98.993 E400.06681
G1 X100.423 Y98.874 E400.07563
G1 X100.224 Y98.818 E400.08251
G1 X100.028 Y98.796 E400.08907
G1 X99.778 Y98.817 E400.09741
G1 X99.577 Y98.874 E400.10436
G1 X99.338 Y98.994 E400.11326
G0 F7200 X99.185 Y99.123
G0 X98.901 Y98.786
G0 X98.863 Y98.741
G0 X99.699 Y98.383
G0 X100.308 Y98.385
G0 X100.898 Y98.621
G0 X101.284 Y99.004
G0 X106.5 Y106.5
;TYPE:WALL-INNER
G1 F2400 X93.5 Y106.5 E400.54564
G1 X93.5 Y93.5 E400.97802
G1 X106.5 Y93.5 E401.4104
G1 X106.5 Y106.5 E401.84278
G0 F7200 X106.9 Y106.9
G1 F2400 X93.1 Y106.9 E402.30177
G1 X93.1 Y93.1 E402.76076
G1 X106.9 Y93.1 E403.21975
G1 X106.9 Y106.9 E403.67874
G0 F7200 X107.3 Y107.3
;TYPE:WALL-OUTER
G1 F1200 X92.7 Y107.3 E404.16434
G1 X92.7 Y92.7 E404.64994
G1 X107.3 Y92.7 E405.13554
G1 X107.3 Y107.3 E405.62114
G0 F7200 X107.1 Y107.3
G0 X106.86 Y106.86
G0 X106.5 Y106.5
;MESH:NONMESH
G0 X98.861 Y101.186
G0 X93.659 Y93.659
;TIME_ELAPSED:543.534752
;LAYER:23
;MESH:Push.stl
G0 X93.659 Y93.659 Z5.572
;TYPE:FILL
G1 F2400 X98.46 Y98.46 E405.84696
G1 X98.53 Y98.53
G0 F7200 X98.364 Y99.865
G0 X98.461 Y101.538
G1 F2400 X93.659 Y106.339 E406.07281
G1 X93.589 Y106.409
G0 F7200 X93.659 Y104.973
G1 F2400 X95.025 Y106.339 E406.13706
G1 X95.095 Y106.409
G0 F7200 X99.316 Y106.339
G1 F2400 X106.339 Y99.316 E406.4674
G1 X106.409 Y99.246
G0 F7200 X106.339 Y100.682
G1 F2400 X99.316 Y93.659 E406.79774
G1 X99.246 Y93.589
G0 F7200 X100.682 Y93.659
G1 F2400 X93.659 Y100.682 E407.12808
G1 X93.589 Y100.752
G0 F7200 X93.659 Y99.316
G1 F2400 X100.682 Y106.339 E407.45842
G1 X100.752 Y106.409
G0 F7200 X104.973 Y106.339
G1 F2400 X106.339 Y104.973 E407.52267
G1 X106.409 Y104.903
G0 F7200 X106.339 Y106.339
G1 F2400 X101.539 Y101.539 E407.74845
G1 X101.469 Y101.469
G0 F7200 X101.636 Y100.135
G0 X101.539 Y98.46
G1 F2400 X106.339 Y93.659 E407.97425
G1 X106.409 Y93.589
G0 F7200 X104.973 Y93.659
G1 F2400 X106.339 Y95.025 E408.03851
G1 X106.409 Y95.095
G0 F7200 X95.025 Y93.659
G1 F2400 X93.659 Y95.025 E408.10276
G1 X93.589 Y95.095
G0 F7200 X99.605 Y98.021
;TYPE:WALL-INNER
G1 F2400 X99.25 Y98.128 E408.11509
G1 X99.027 Y98.234 E408.1233
G1 X98.745 Y98.421 E408.13456
G1 X98.574 Y98.574 E408.14219
G1 X98.421 Y98.745 E408.14982
G1 X98.235 Y99.026 E408.16103
G1 X98.138 Y99.225 E408.16839
G1 X98.07 Y99.418 E408.1752
G1 X98.024 Y99.609 E408.18173
G1 X97.996 Y99.798 E408.18809
G1 X97.983 Y100.023 E408.19558
G1 X98.021 Y100.395 E408.20802
G1 X98.128 Y100.75 E408.22035
G1 X98.234 Y100.973 E408.22856
G1 X98.421 Y101.255 E408.23982
G1 X98.574 Y101.426 E408.24745
G1 X98.745 Y101.579 E408.25508
G1 X99.026 Y101.765 E408.26629
G1 X99.225 Y101.862 E408.27365
G1 X99.418 Y101.93 E408.28046
G1 X99.609 Y101.976 E408.28699
G1 X99.798 Y102.004 E408.29335
G1 X100.023 Y102.017 E408.30084
G1 X100.395 Y101.979 E408.31328
G1 X100.75 Y101.872 E408.32561
G1 X100.973 Y101.766 E408.33382
G1 X101.255 Y101.579 E408.34508
G1 X101.426 Y101.426 E408.35271
G1 X101.579 Y101.255 E408.36034
G1 X101.765 Y100.974 E408.37155
G1 X101.862 Y100.775 E408.37891
G1 X101.93 Y100.582 E408.38572
G1 X101.976 Y100.391 E408.39225
G1 X102.004 Y100.202 E408.39861
G1 X102.017 Y99.977 E408.4061
G1 X101.979 Y99.605 E408.41854
G1 X101.872 Y99.25 E408.43087
G1 X101.766 Y99.027 E408.43909
G1 X101.579 Y98.745 E408.45034
G1 X101.426 Y98.574 E408.45797
G1 X101.255 Y98.421 E408.4656
G1 X100.974 Y98.235 E408.47681
G1 X100.775 Y98.138 E408.48418
G1 X100.582 Y98.07 E408.49098
G1 X100.391 Y98.024 E408.49752
G1 X100.202 Y97.996 E408.50387
G1 X99.977 Y97.983 E408.51137
G1 X99.605 Y98.021 E408.5238
G0 F7200 X99.684 Y98.415
G1 F2400 X99.395 Y98.502 E408.53384
G1 X99.225 Y98.583 E408.5401
G1 X98.99 Y98.739 E408.54949
G1 X98.857 Y98.857 E408.5554
G1 X98.739 Y98.99 E408.56131
G1 X98.583 Y99.225 E408.5707
G1 X98.508 Y99.38 E408.57642
G1 X98.454 Y99.532 E408.58179
G1 X98.417 Y99.686 E408.58706
G1 X98.394 Y99.839 E408.5922
G1 X98.384 Y100.014 E408.59803
G1 X98.415 Y100.316 E408.60813
G1 X98.502 Y100.605 E408.61817
G1 X98.583 Y100.775 E408.62443
G1 X98.739 Y101.01 E408.63381
G1 X98.857 Y101.143 E408.63973
G1 X98.99 Y101.261 E408.64564
G1 X99.225 Y101.417 E408.65502
G1 X99.38 Y101.492 E408.66075
G1 X99.532 Y101.546 E408.66611
G1 X99.686 Y101.583 E408.67138
G1 X99.839 Y101.606 E408.67653
G1 X100.014 Y101.616 E408.68236
G1 X100.316 Y101.585 E408.69245
G1 X100.605 Y101.498 E408.70249
G1 X100.775 Y101.417 E408.70876
G1 X101.01 Y101.261 E408.71814
G1 X101.143 Y101.143 E408.72405
G1 X101.261 Y101.01 E408.72996
G1 X101.417 Y100.775 E408.73935
G1 X101.492 Y100.62 E408.74507
G1 X101.546 Y100.468 E408.75044
G1 X101.583 Y100.314 E408.75571
G1 X101.606 Y100.161 E408.76085
G1 X101.616 Y99.986 E408.76668
G1 X101.585 Y99.684 E408.77678
G1 X101.498 Y99.395 E408.78682
G1 X101.417 Y99.225 E408.79308
G1 X101.261 Y98.99 E408.80246
G1 X101.143 Y98.857 E408.80838
G1 X101.01 Y98.739 E408.81429
G1 X100.775 Y98.583 E408.82367
G1 X100.62 Y98.508 E408.8294
G1 X100.468 Y98.454 E408.83476
G1 X100.314 Y98.417 E408.84003
G1 X100.161 Y98.394 E408.84518
G1 X99.986 Y98.384 E408.85101
G1 X99.684 Y98.415 E408.8611
G0 F7200 X99.763 Y98.809
;TYPE:WALL-OUTER
G1 F1200 X99.54 Y98.876 E408.86885
G1 X99.423 Y98.932 E408.87316
G1 X99.234 Y99.057 E408.8807
G1 X99.14 Y99.14 E408.88487
G1 X99.057 Y99.234 E408.88904
G1 X98.932 Y99.423 E408.89658
G1 X98.878 Y99.535 E408.90071
G1 X98.838 Y99.647 E408.90467
G1 X98.81 Y99.763 E408.90864
G1 X98.792 Y99.881 E408.91261
G1 X98.785 Y100.005 E408.91674
G1 X98.809 Y100.237 E408.9245
G1 X98.876 Y100.46 E408.93224
G1 X98.932 Y100.577 E408.93656
G1 X99.057 Y100.766 E408.94409
G1 X99.14 Y100.86 E408.94826
G1 X99.234 Y100.943 E408.95243
G1 X99.423 Y101.068 E408.95997
G1 X99.535 Y101.122 E408.96411
G1 X99.647 Y101.162 E408.96806
G1 X99.763 Y101.19 E408.97203
G1 X99.881 Y101.208 E408.976
G1 X100.005 Y101.215 E408.98013
G1 X100.237 Y101.191 E408.98789
G1 X100.46 Y101.124 E408.99563
G1 X100.577 Y101.068 E408.99995
G1 X100.766 Y100.943 E409.00748
G1 X100.86 Y100.86 E409.01166
G1 X100.943 Y100.766 E409.01583
G1 X101.068 Y100.577 E409.02336
G1 X101.122 Y100.465 E409.0275
G1 X101.162 Y100.353 E409.03145
G1 X101.19 Y100.237 E409.03542
G1 X101.208 Y100.119 E409.03939
G1 X101.215 Y99.995 E409.04352
G1 X101.191 Y99.763 E409.05128
G1 X101.124 Y99.54 E409.05903
G1 X101.068 Y99.423 E409.06334
G1 X100.943 Y99.234 E409.07088
G1 X100.86 Y99.14 E409.07505
G1 X100.766 Y99.057 E409.07922
G1 X100.577 Y98.932 E409.08675
G1 X100.465 Y98.878 E409.09089
G1 X100.353 Y98.838 E409.09485
G1 X100.237 Y98.81 E409.09881
G1 X100.119 Y98.792 E409.10278
G1 X99.995 Y98.785 E409.10692
G1 X99.763 Y98.809 E409.11467
G0 F7200 X99.571 Y98.866
G0 X99.443 Y98.445
G0 X99.426 Y98.388
G0 X100.321 Y98.378
G0 X100.794 Y98.549
G0 X101.197 Y98.886
G0 X106.5 Y106.5
;TYPE:WALL-INNER
G1 F2400 X93.5 Y106.5 E409.54705
G1 X93.5 Y93.5 E409.97944
G1 X106.5 Y93.5 E410.41182
G1 X106.5 Y106.5 E410.8442
G0 F7200 X106.9 Y106.9
G1 F2400 X93.1 Y106.9 E411.30319
G1 X93.1 Y93.1 E411.76218
G1 X106.9 Y93.1 E412.22117
G1 X106.9 Y106.9 E412.68016
G0 F7200 X107.3 Y107.3
;TYPE:WALL-OUTER
G1 F1200 X92.7 Y107.3 E413.16576
G1 X92.7 Y92.7 E413.65136
G1 X107.3 Y92.7 E414.13695
G1 X107.3 Y107.3 E414.62255
G0 F7200 X107.1 Y107.3
G0 X106.86 Y106.86
G0 X106.5 Y106.5
;MESH:NONMESH
G0 X98.829 Y101.171
G0 X93.659 Y93.659
;TIME_ELAPSED:553.188424
;LAYER:24
;MESH:Push.stl
G0 X93.659 Y93.659 Z5.772
;TYPE:FILL
G1 F2400 X98.439 Y98.439 E414.84739
G1 X98.509 Y98.509
G0 F7200 X100 Y98.344
G0 X101.558 Y98.44
G1 F2400 X106.339 Y93.659 E415.07227
G1 X106.409 Y93.589
G0 F7200 X104.973 Y93.659
G1 F2400 X106.339 Y95.025 E415.13652
G1 X106.409 Y95.095
G0 F7200 X106.339 Y99.316
G1 F2400 X99.316 Y106.339 E415.46686
G1 X99.246 Y106.409
G0 F7200 X100.682 Y106.339
G1 F2400 X93.659 Y99.316 E415.7972
G1 X93.589 Y99.246
G0 F7200 X93.659 Y100.682
G1 F2400 X100.682 Y93.659 E416.12755
G1 X100.752 Y93.589
G0 F7200 X99.316 Y93.659
G1 F2400 X106.339 Y100.682 E416.45789
G1 X106.409 Y100.752
G0 F7200 X106.339 Y104.973
G1 F2400 X104.973 Y106.339 E416.52214
G1 X104.903 Y106.409
G0 F7200 X106.339 Y106.339
G1 F2400 X101.558 Y101.558 E416.74702
G1 X101.488 Y101.488
G0 F7200 X100 Y101.656
G0 X98.441 Y101.558
G1 F2400 X93.659 Y106.339 E416.97193
G1 X93.589 Y106.409
G0 F7200 X93.659 Y104.973
G1 F2400 X95.025 Y106.339 E417.03618
G1 X95.095 Y106.409
G0 F7200 X93.659 Y95.025
G1 F2400 X95.025 Y93.659 E417.10043
G1 X95.095 Y93.589
G0 F7200 X99.775 Y97.967
;TYPE:WALL-INNER
G1 F2400 X99.43 Y98.035 E417.11213
G1 X99.224 Y98.109 E417.11941
G1 X99.04 Y98.194 E417.12615
G1 X98.863 Y98.3 E417.13301
G1 X98.703 Y98.419 E417.13964
G1 X98.554 Y98.554 E417.14633
G1 X98.419 Y98.703 E417.15302
G1 X98.3 Y98.863 E417.15965
G1 X98.194 Y99.04 E417.16651
G1 X98.11 Y99.222 E417.17318
G1 X98.042 Y99.409 E417.1798
G1 X97.995 Y99.603 E417.18644
G1 X97.965 Y99.798 E417.193
G1 X97.957 Y100 E417.19972
G1 X97.967 Y100.225 E417.20721
G1 X98.035 Y100.57 E417.21891
G1 X98.109 Y100.776 E417.22619
G1 X98.194 Y100.96 E417.23293
G1 X98.3 Y101.137 E417.23979
G1 X98.419 Y101.297 E417.24643
G1 X98.554 Y101.446 E417.25311
G1 X98.703 Y101.581 E417.2598
G1 X98.863 Y101.7 E417.26643
G1 X99.04 Y101.806 E417.27329
G1 X99.222 Y101.89 E417.27996
G1 X99.409 Y101.958 E417.28658
G1 X99.603 Y102.005 E417.29322
G1 X99.798 Y102.035 E417.29978
G1 X100 Y102.043 E417.3065
G1 X100.225 Y102.033 E417.314
G1 X100.57 Y101.965 E417.32569
G1 X100.776 Y101.891 E417.33297
G1 X100.96 Y101.806 E417.33971
G1 X101.137 Y101.7 E417.34657
G1 X101.297 Y101.581 E417.35321
G1 X101.446 Y101.446 E417.35989
G1 X101.581 Y101.297 E417.36658
G1 X101.7 Y101.137 E417.37321
G1 X101.806 Y100.96 E417.38008
G1 X101.89 Y100.778 E417.38674
G1 X101.958 Y100.591 E417.39336
G1 X102.005 Y100.397 E417.4
G1 X102.035 Y100.202 E417.40656
G1 X102.043 Y100 E417.41329
G1 X102.033 Y99.775 E417.42078
G1 X101.965 Y99.43 E417.43247
G1 X101.891 Y99.224 E417.43975
G1 X101.806 Y99.04 E417.44649
G1 X101.7 Y98.863 E417.45336
G1 X101.581 Y98.703 E417.45999
G1 X101.446 Y98.554 E417.46668
G1 X101.297 Y98.419 E417.47336
G1 X101.137 Y98.3 E417.47999
G1 X100.96 Y98.194 E417.48686
G1 X100.778 Y98.11 E417.49352
G1 X100.591 Y98.042 E417.50014
G1 X100.397 Y97.995 E417.50678
G1 X100.202 Y97.965 E417.51334
G1 X100 Y97.957 E417.52007
G1 X99.775 Y97.967 E417.52756
G0 F7200 X99.823 Y98.365
G1 F2400 X99.537 Y98.422 E417.53726
G1 X99.375 Y98.48 E417.54298
G1 X99.227 Y98.548 E417.5484
G1 X99.085 Y98.633 E417.5539
G1 X98.957 Y98.728 E417.5592
G1 X98.837 Y98.837 E417.5646
G1 X98.728 Y98.957 E417.56999
G1 X98.633 Y99.085 E417.57529
G1 X98.548 Y99.227 E417.58079
G1 X98.48 Y99.374 E417.58618
G1 X98.426 Y99.524 E417.59148
G1 X98.388 Y99.681 E417.59686
G1 X98.364 Y99.837 E417.60211
G1 X98.357 Y100 E417.60753
G1 X98.365 Y100.177 E417.61342
G1 X98.422 Y100.463 E417.62312
G1 X98.48 Y100.625 E417.62885
G1 X98.548 Y100.773 E417.63426
G1 X98.633 Y100.915 E417.63977
G1 X98.728 Y101.043 E417.64507
G1 X98.837 Y101.163 E417.65046
G1 X98.957 Y101.272 E417.65585
G1 X99.085 Y101.367 E417.66116
G1 X99.227 Y101.452 E417.66666
G1 X99.374 Y101.52 E417.67205
G1 X99.524 Y101.574 E417.67735
G1 X99.681 Y101.612 E417.68272
G1 X99.837 Y101.636 E417.68797
G1 X100 Y101.643 E417.6934
G1 X100.177 Y101.635 E417.69929
G1 X100.463 Y101.578 E417.70899
G1 X100.625 Y101.52 E417.71471
G1 X100.773 Y101.452 E417.72013
G1 X100.915 Y101.367 E417.72564
G1 X101.043 Y101.272 E417.73094
G1 X101.163 Y101.163 E417.73633
G1 X101.272 Y101.043 E417.74172
G1 X101.367 Y100.915 E417.74702
G1 X101.452 Y100.773 E417.75253
G1 X101.52 Y100.626 E417.75791
G1 X101.574 Y100.476 E417.76322
G1 X101.612 Y100.319 E417.76859
G1 X101.636 Y100.163 E417.77384
G1 X101.643 Y100 E417.77927
G1 X101.635 Y99.823 E417.78516
G1 X101.578 Y99.537 E417.79486
G1 X101.52 Y99.375 E417.80058
G1 X101.452 Y99.227 E417.806
G1 X101.367 Y99.085 E417.8115
G1 X101.272 Y98.957 E417.8168
G1 X101.163 Y98.837 E417.8222
G1 X101.043 Y98.728 E417.82759
G1 X100.915 Y98.633 E417.83289
G1 X100.773 Y98.548 E417.8384
G1 X100.626 Y98.48 E417.84378
G1 X100.476 Y98.426 E417.84908
G1 X100.319 Y98.388 E417.85446
G1 X100.163 Y98.364 E417.85971
G1 X100 Y98.357 E417.86513
G1 X99.823 Y98.365 E417.87103
G0 F7200 X99.872 Y98.763
;TYPE:WALL-OUTER
G1 F1200 X99.644 Y98.809 E417.87876
G1 X99.525 Y98.851 E417.88296
G1 X99.414 Y98.902 E417.88702
G1 X99.308 Y98.966 E417.89114
G1 X99.211 Y99.038 E417.89516
G1 X99.12 Y99.12 E417.89923
G1 X99.038 Y99.211 E417.90331
G1 X98.966 Y99.308 E417.90732
G1 X98.902 Y99.414 E417.91144
G1 X98.851 Y99.525 E417.91551
G1 X98.81 Y99.639 E417.91954
G1 X98.781 Y99.758 E417.92361
G1 X98.763 Y99.877 E417.92761
G1 X98.757 Y100 E417.93171
G1 X98.763 Y100.128 E417.93597
G1 X98.809 Y100.356 E417.94371
G1 X98.851 Y100.475 E417.9479
G1 X98.902 Y100.586 E417.95197
G1 X98.966 Y100.692 E417.95608
G1 X99.038 Y100.789 E417.9601
G1 X99.12 Y100.88 E417.96418
G1 X99.211 Y100.962 E417.96825
G1 X99.308 Y101.034 E417.97227
G1 X99.414 Y101.098 E417.97639
G1 X99.525 Y101.149 E417.98045
G1 X99.639 Y101.19 E417.98448
G1 X99.758 Y101.219 E417.98855
G1 X99.877 Y101.237 E417.99256
G1 X100 Y101.243 E417.99665
G1 X100.128 Y101.237 E418.00091
G1 X100.356 Y101.191 E418.00865
G1 X100.475 Y101.149 E418.01285
G1 X100.586 Y101.098 E418.01691
G1 X100.692 Y101.034 E418.02103
G1 X100.789 Y100.962 E418.02505
G1 X100.88 Y100.88 E418.02912
G1 X100.962 Y100.789 E418.0332
G1 X101.034 Y100.692 E418.03721
G1 X101.098 Y100.586 E418.04133
G1 X101.149 Y100.475 E418.04539
G1 X101.19 Y100.361 E418.04942
G1 X101.219 Y100.242 E418.0535
G1 X101.237 Y100.123 E418.0575
G1 X101.243 Y100 E418.0616
G1 X101.237 Y99.872 E418.06586
G1 X101.191 Y99.644 E418.07359
G1 X101.149 Y99.525 E418.07779
G1 X101.098 Y99.414 E418.08185
G1 X101.034 Y99.308 E418.08597
G1 X100.962 Y99.211 E418.08999
G1 X100.88 Y99.12 E418.09407
G1 X100.789 Y99.038 E418.09814
G1 X100.692 Y98.966 E418.10216
G1 X100.586 Y98.902 E418.10628
G1 X100.475 Y98.851 E418.11034
G1 X100.361 Y98.81 E418.11437
G1 X100.242 Y98.781 E418.11844
G1 X100.123 Y98.763 E418.12244
G1 X100 Y98.757 E418.12654
G1 X99.872 Y98.763 E418.1308
G0 F7200 X99.676 Y98.802
G0 X99.589 Y98.37
G0 X99.578 Y98.312
G0 X100.487 Y98.388
G0 X101.068 Y98.698
G0 X101.305 Y98.987
G0 X106.5 Y106.5
;TYPE:WALL-INNER
G1 F2400 X93.5 Y106.5 E418.56318
G1 X93.5 Y93.5 E418.99557
G1 X106.5 Y93.5 E419.42795
G1 X106.5 Y106.5 E419.86033
G0 F7200 X106.9 Y106.9
G1 F2400 X93.1 Y106.9 E420.31932
G1 X93.1 Y93.1 E420.77831
G1 X106.9 Y93.1 E421.2373
G1 X106.9 Y106.9 E421.69629
G0 F7200 X107.3 Y107.3
;TYPE:WALL-OUTER
G1 F1200 X92.7 Y107.3 E422.18189
G1 X92.7 Y92.7 E422.66748
G1 X107.3 Y92.7 E423.15308
G1 X107.3 Y107.3 E423.63868
G0 F7200 X107.1 Y107.3
G0 X106.86 Y106.86
G0 X106.5 Y106.5
;MESH:NONMESH
G0 X101.191 Y98.809
G0 X93.659 Y93.659
;TIME_ELAPSED:562.856700
;LAYER:25
;MESH:Push.stl
G0 X93.659 Y93.659 Z5.972
;TYPE:FILL
G1 F2400 X98.407 Y98.407 E423.86201
G1 X98.477 Y98.477
G0 F7200 X99.847 Y98.29
G0 X101.591 Y98.408
G1 F2400 X106.339 Y93.659 E424.08537
G1 X106.409 Y93.589
G0 F7200 X104.973 Y93.659
G1 F2400 X106.339 Y95.025 E424.14962
G1 X106.409 Y95.095
G0 F7200 X106.339 Y99.316
G1 F2400 X99.316 Y106.339 E424.47996
G1 X99.246 Y106.409
G0 F7200 X100.682 Y106.339
G1 F2400 X93.659 Y99.316 E424.8103
G1 X93.589 Y99.246
G0 F7200 X93.659 Y100.682
G1 F2400 X100.682 Y93.659 E425.14064
G1 X100.752 Y93.589
G0 F7200 X99.316 Y93.659
G1 F2400 X106.339 Y100.682 E425.47098
G1 X106.409 Y100.752
G0 F7200 X106.339 Y104.973
G1 F2400 X104.973 Y106.339 E425.53523
G1 X104.903 Y106.409
G0 F7200 X106.339 Y106.339
G1 F2400 X101.592 Y101.592 E425.75852
G1 X101.522 Y101.522
G0 F7200 X100.153 Y101.71
G0 X98.408 Y101.591
G1 F2400 X93.659 Y106.339 E425.98187
G1 X93.589 Y106.409
G0 F7200 X93.659 Y104.973
G1 F2400 X95.025 Y106.339 E426.04613
G1 X95.095 Y106.409
G0 F7200 X93.659 Y95.025
G1 F2400 X95.025 Y93.659 E426.11038
G1 X95.095 Y93.589
G0 F7200 X99.772 Y97.919
;TYPE:WALL-INNER
G1 F2400 X99.418 Y97.989 E426.12238
G1 X99.199 Y98.067 E426.13011
G1 X99.012 Y98.156 E426.137
G1 X98.838 Y98.26 E426.14374
G1 X98.676 Y98.381 E426.15047
G1 X98.523 Y98.518 E426.1573
G1 X98.366 Y98.69 E426.16504
G1 X98.165 Y98.992 E426.17711
G1 X98.067 Y99.198 E426.1847
G1 X97.996 Y99.395 E426.19166
G1 X97.948 Y99.594 E426.19847
G1 X97.917 Y99.794 E426.2052
G1 X97.909 Y100.001 E426.21209
G1 X97.919 Y100.228 E426.21965
G1 X97.989 Y100.582 E426.23165
G1 X98.067 Y100.801 E426.23938
G1 X98.156 Y100.988 E426.24627
G1 X98.26 Y101.162 E426.25301
G1 X98.381 Y101.324 E426.25974
G1 X98.518 Y101.477 E426.26657
G1 X98.69 Y101.634 E426.27432
G1 X98.992 Y101.835 E426.28638
G1 X99.198 Y101.933 E426.29397
G1 X99.395 Y102.004 E426.30093
G1 X99.594 Y102.052 E426.30774
G1 X99.794 Y102.083 E426.31447
G1 X100.001 Y102.091 E426.32136
G1 X100.228 Y102.081 E426.32892
G1 X100.582 Y102.011 E426.34092
G1 X100.801 Y101.933 E426.34866
G1 X100.988 Y101.844 E426.35554
G1 X101.162 Y101.74 E426.36229
G1 X101.324 Y101.619 E426.36901
G1 X101.477 Y101.482 E426.37584
G1 X101.634 Y101.31 E426.38359
G1 X101.835 Y101.008 E426.39565
G1 X101.933 Y100.802 E426.40324
G1 X102.004 Y100.605 E426.41021
G1 X102.052 Y100.406 E426.41701
G1 X102.083 Y100.206 E426.42375
G1 X102.091 Y99.999 E426.43064
G1 X102.081 Y99.772 E426.43819
G1 X102.011 Y99.418 E426.45019
G1 X101.933 Y99.199 E426.45793
G1 X101.844 Y99.012 E426.46481
G1 X101.74 Y98.838 E426.47156
G1 X101.619 Y98.676 E426.47828
G1 X101.482 Y98.523 E426.48511
G1 X101.31 Y98.366 E426.49286
G1 X101.008 Y98.165 E426.50492
G1 X100.802 Y98.067 E426.51251
G1 X100.605 Y97.996 E426.51948
G1 X100.406 Y97.948 E426.52629
G1 X100.206 Y97.917 E426.53302
G1 X99.999 Y97.909 E426.53991
G1 X99.772 Y97.919 E426.54746
G0 F7200 X99.82 Y98.317
G1 F2400 X99.524 Y98.376 E426.5575
G1 X99.352 Y98.437 E426.56357
G1 X99.201 Y98.509 E426.56914
G1 X99.061 Y98.593 E426.57457
G1 X98.929 Y98.691 E426.58004
G1 X98.805 Y98.802 E426.58557
G1 X98.682 Y98.937 E426.59164
G1 X98.514 Y99.189 E426.60172
G1 X98.437 Y99.352 E426.60771
G1 X98.38 Y99.51 E426.6133
G1 X98.341 Y99.672 E426.61884
G1 X98.316 Y99.833 E426.62426
G1 X98.309 Y100 E426.62982
G1 X98.317 Y100.18 E426.63581
G1 X98.376 Y100.476 E426.64585
G1 X98.437 Y100.648 E426.65192
G1 X98.509 Y100.799 E426.65749
G1 X98.593 Y100.939 E426.66292
G1 X98.691 Y101.071 E426.66838
G1 X98.802 Y101.195 E426.67392
G1 X98.937 Y101.318 E426.67999
G1 X99.189 Y101.486 E426.69007
G1 X99.352 Y101.563 E426.69606
G1 X99.51 Y101.62 E426.70165
G1 X99.672 Y101.659 E426.70719
G1 X99.833 Y101.684 E426.71261
G1 X100 Y101.691 E426.71817
G1 X100.18 Y101.683 E426.72416
G1 X100.476 Y101.624 E426.7342
G1 X100.648 Y101.563 E426.74027
G1 X100.799 Y101.491 E426.74584
G1 X100.939 Y101.407 E426.75127
G1 X101.071 Y101.309 E426.75673
G1 X101.195 Y101.198 E426.76227
G1 X101.318 Y101.063 E426.76834
G1 X101.486 Y100.811 E426.77842
G1 X101.563 Y100.648 E426.78441
G1 X101.62 Y100.49 E426.79
G1 X101.659 Y100.328 E426.79554
G1 X101.684 Y100.167 E426.80096
G1 X101.691 Y100 E426.80652
G1 X101.683 Y99.82 E426.81251
G1 X101.624 Y99.524 E426.82255
G1 X101.563 Y99.352 E426.82862
G1 X101.491 Y99.201 E426.83419
G1 X101.407 Y99.061 E426.83962
G1 X101.309 Y98.929 E426.84508
G1 X101.198 Y98.805 E426.85062
G1 X101.063 Y98.682 E426.85669
G1 X100.811 Y98.514 E426.86677
G1 X100.648 Y98.437 E426.87276
G1 X100.49 Y98.38 E426.87835
G1 X100.328 Y98.341 E426.88389
G1 X100.167 Y98.316 E426.88931
G1 X100 Y98.309 E426.89487
G1 X99.82 Y98.317 E426.90086
G0 F7200 X99.869 Y98.715
;TYPE:WALL-OUTER
G1 F1200 X99.63 Y98.763 E426.90897
G1 X99.505 Y98.807 E426.91338
G1 X99.39 Y98.862 E426.91762
G1 X99.283 Y98.926 E426.92176
G1 X99.182 Y99.001 E426.92595
G1 X99.087 Y99.086 E426.93019
G1 X98.998 Y99.184 E426.93459
G1 X98.863 Y99.386 E426.94267
G1 X98.807 Y99.505 E426.94705
G1 X98.764 Y99.625 E426.95129
G1 X98.734 Y99.749 E426.95553
G1 X98.715 Y99.873 E426.9597
G1 X98.709 Y100 E426.96393
G1 X98.715 Y100.131 E426.96829
G1 X98.763 Y100.37 E426.9764
G1 X98.807 Y100.495 E426.98081
G1 X98.862 Y100.61 E426.98505
G1 X98.926 Y100.717 E426.98919
G1 X99.001 Y100.818 E426.99338
G1 X99.086 Y100.913 E426.99762
G1 X99.184 Y101.002 E427.00202
G1 X99.386 Y101.137 E427.0101
G1 X99.505 Y101.193 E427.01448
G1 X99.625 Y101.236 E427.01872
G1 X99.749 Y101.266 E427.02296
G1 X99.873 Y101.285 E427.02713
G1 X100 Y101.291 E427.03136
G1 X100.131 Y101.285 E427.03572
G1 X100.37 Y101.237 E427.04383
G1 X100.495 Y101.193 E427.04824
G1 X100.61 Y101.138 E427.05248
G1 X100.717 Y101.074 E427.05662
G1 X100.818 Y100.999 E427.06081
G1 X100.913 Y100.914 E427.06505
G1 X101.002 Y100.816 E427.06945
G1 X101.137 Y100.614 E427.07753
G1 X101.193 Y100.495 E427.08191
G1 X101.236 Y100.375 E427.08615
G1 X101.266 Y100.251 E427.09039
G1 X101.285 Y100.127 E427.09456
G1 X101.291 Y100 E427.09879
G1 X101.285 Y99.869 E427.10315
G1 X101.237 Y99.63 E427.11126
G1 X101.193 Y99.505 E427.11567
G1 X101.138 Y99.39 E427.11991
G1 X101.074 Y99.283 E427.12405
G1 X100.999 Y99.182 E427.12824
G1 X100.914 Y99.087 E427.13248
G1 X100.816 Y98.998 E427.13688
G1 X100.614 Y98.863 E427.14496
G1 X100.495 Y98.807 E427.14934
G1 X100.375 Y98.764 E427.15358
G1 X100.251 Y98.734 E427.15782
G1 X100.127 Y98.715 E427.16199
G1 X100 Y98.709 E427.16622
G1 X99.869 Y98.715 E427.17058
G0 F7200 X99.673 Y98.754
G0 X99.587 Y98.322
G0 X99.575 Y98.264
G0 X100.501 Y98.342
G0 X101.087 Y98.651
G0 X101.335 Y98.952
G0 X106.5 Y106.5
;TYPE:WALL-INNER
G1 F2400 X93.5 Y106.5 E427.60296
G1 X93.5 Y93.5 E428.03535
G1 X106.5 Y93.5 E428.46773
G1 X106.5 Y106.5 E428.90011
G0 F7200 X106.9 Y106.9
G1 F2400 X93.1 Y106.9 E429.3591
G1 X93.1 Y93.1 E429.81809
G1 X106.9 Y93.1 E430.27708
G1 X106.9 Y106.9 E430.73607
G0 F7200 X107.3 Y107.3
;TYPE:WALL-OUTER
G1 F1200 X92.7 Y107.3 E431.22167
G1 X92.7 Y92.7 E431.70727
G1 X107.3 Y92.7 E432.19286
G1 X107.3 Y107.3 E432.67846
G0 F7200 X107.1 Y107.3
G0 X106.86 Y106.86
G0 X106.5 Y106.5
;MESH:NONMESH
G0 X98.774 Y101.223
G0 X93.659 Y93.659
;TIME_ELAPSED:572.552865
;LAYER:26
;MESH:Push.stl
G0 X93.659 Y93.659 Z6.172
;TYPE:FILL
G1 F2400 X98.359 Y98.359 E432.89953
G1 X98.429 Y98.429
G0 F7200 X100 Y98.205
G0 X101.638 Y98.36
G1 F2400 X106.339 Y93.659 E433.12066
G1 X106.409 Y93.589
G0 F7200 X104.973 Y93.659
G1 F2400 X106.339 Y95.025 E433.18491
G1 X106.409 Y95.095
G0 F7200 X106.339 Y99.316
G1 F2400 X99.316 Y106.339 E433.51525
G1 X99.246 Y106.409
G0 F7200 X100.682 Y106.339
G1 F2400 X93.659 Y99.316 E433.84559
G1 X93.589 Y99.246
G0 F7200 X93.659 Y100.682
G1 F2400 X100.682 Y93.659 E434.17593
G1 X100.752 Y93.589
G0 F7200 X99.316 Y93.659
G1 F2400 X106.339 Y100.682 E434.50627
G1 X106.409 Y100.752
G0 F7200 X106.339 Y104.973
G1 F2400 X104.973 Y106.339 E434.57052
G1 X104.903 Y106.409
G0 F7200 X106.339 Y106.339
G1 F2400 X101.638 Y101.638 E434.79164
G1 X101.568 Y101.568
G0 F7200 X100 Y101.795
G0 X98.361 Y101.638
G1 F2400 X93.659 Y106.339 E435.01279
G1 X93.589 Y106.409
G0 F7200 X93.659 Y104.973
G1 F2400 X95.025 Y106.339 E435.07704
G1 X95.095 Y106.409
G0 F7200 X93.659 Y95.025
G1 F2400 X95.025 Y93.659 E435.14129
G1 X95.095 Y93.589
G0 F7200 X98.474 Y98.474
;TYPE:WALL-INNER
G1 F2400 X98.33 Y98.636 E435.1485
G1 X98.206 Y98.801 E435.15537
G1 X98.098 Y98.984 E435.16243
G1 X98.007 Y99.174 E435.16944
G1 X97.937 Y99.369 E435.17633
G1 X97.883 Y99.58 E435.18357
G1 X97.853 Y99.798 E435.19089
G1 X97.845 Y100 E435.19762
G1 X97.853 Y100.202 E435.20434
G1 X97.883 Y100.42 E435.21166
G1 X97.937 Y100.631 E435.2189
G1 X98.007 Y100.826 E435.2258
G1 X98.098 Y101.016 E435.2328
G1 X98.206 Y101.199 E435.23987
G1 X98.33 Y101.364 E435.24673
G1 X98.474 Y101.526 E435.25394
G1 X98.636 Y101.67 E435.26115
G1 X98.801 Y101.794 E435.26802
G1 X98.984 Y101.902 E435.27509
G1 X99.174 Y101.993 E435.28209
G1 X99.369 Y102.063 E435.28898
G1 X99.58 Y102.117 E435.29623
G1 X99.798 Y102.147 E435.30355
G1 X100 Y102.155 E435.31027
G1 X100.202 Y102.147 E435.31699
G1 X100.42 Y102.117 E435.32431
G1 X100.631 Y102.063 E435.33156
G1 X100.826 Y101.993 E435.33845
G1 X101.016 Y101.902 E435.34545
G1 X101.199 Y101.794 E435.35252
G1 X101.364 Y101.67 E435.35939
G1 X101.526 Y101.526 E435.3666
G1 X101.67 Y101.364 E435.37381
G1 X101.794 Y101.199 E435.38067
G1 X101.902 Y101.016 E435.38774
G1 X101.993 Y100.826 E435.39474
G1 X102.063 Y100.631 E435.40164
G1 X102.117 Y100.42 E435.40888
G1 X102.147 Y100.202 E435.4162
G1 X102.155 Y100 E435.42292
G1 X102.147 Y99.798 E435.42965
G1 X102.117 Y99.58 E435.43697
G1 X102.063 Y99.369 E435.44421
G1 X101.993 Y99.174 E435.4511
G1 X101.902 Y98.984 E435.45811
G1 X101.794 Y98.801 E435.46517
G1 X101.67 Y98.636 E435.47204
G1 X101.526 Y98.474 E435.47925
G1 X101.364 Y98.33 E435.48646
G1 X101.199 Y98.206 E435.49332
G1 X101.016 Y98.098 E435.50039
G1 X100.826 Y98.007 E435.5074
G1 X100.631 Y97.937 E435.51429
G1 X100.42 Y97.883 E435.52153
G1 X100.202 Y97.853 E435.52885
G1 X100 Y97.845 E435.53558
G1 X99.798 Y97.853 E435.5423
G1 X99.58 Y97.883 E435.54962
G1 X99.369 Y97.937 E435.55686
G1 X99.174 Y98.007 E435.56375
G1 X98.984 Y98.098 E435.57076
G1 X98.801 Y98.206 E435.57783
G1 X98.636 Y98.33 E435.58469
G1 X98.474 Y98.474 E435.5919
G0 F7200 X98.757 Y98.757
G1 F2400 X98.64 Y98.889 E435.59777
G1 X98.539 Y99.024 E435.60338
G1 X98.451 Y99.172 E435.6091
G1 X98.377 Y99.328 E435.61485
G1 X98.32 Y99.487 E435.62046
G1 X98.276 Y99.657 E435.6263
G1 X98.252 Y99.833 E435.63221
G1 X98.245 Y100 E435.63777
G1 X98.252 Y100.167 E435.64333
G1 X98.276 Y100.343 E435.64924
G1 X98.32 Y100.513 E435.65508
G1 X98.377 Y100.672 E435.6607
G1 X98.451 Y100.828 E435.66644
G1 X98.539 Y100.976 E435.67217
G1 X98.64 Y101.111 E435.67777
G1 X98.757 Y101.243 E435.68364
G1 X98.889 Y101.36 E435.68951
G1 X99.024 Y101.461 E435.69512
G1 X99.172 Y101.549 E435.70084
G1 X99.328 Y101.623 E435.70659
G1 X99.487 Y101.68 E435.7122
G1 X99.657 Y101.724 E435.71804
G1 X99.833 Y101.748 E435.72395
G1 X100 Y101.755 E435.72951
G1 X100.167 Y101.748 E435.73507
G1 X100.343 Y101.724 E435.74098
G1 X100.513 Y101.68 E435.74682
G1 X100.672 Y101.623 E435.75244
G1 X100.828 Y101.549 E435.75818
G1 X100.976 Y101.461 E435.76391
G1 X101.111 Y101.36 E435.76951
G1 X101.243 Y101.243 E435.77538
G1 X101.36 Y101.111 E435.78125
G1 X101.461 Y100.976 E435.78685
G1 X101.549 Y100.828 E435.79258
G1 X101.623 Y100.672 E435.79832
G1 X101.68 Y100.513 E435.80394
G1 X101.724 Y100.343 E435.80978
G1 X101.748 Y100.167 E435.81569
G1 X101.755 Y100 E435.82125
G1 X101.748 Y99.833 E435.82681
G1 X101.724 Y99.657 E435.83272
G1 X101.68 Y99.487 E435.83856
G1 X101.623 Y99.328 E435.84418
G1 X101.549 Y99.172 E435.84992
G1 X101.461 Y99.024 E435.85565
G1 X101.36 Y98.889 E435.86125
G1 X101.243 Y98.757 E435.86712
G1 X101.111 Y98.64 E435.87299
G1 X100.976 Y98.539 E435.87859
G1 X100.828 Y98.451 E435.88432
G1 X100.672 Y98.377 E435.89006
G1 X100.513 Y98.32 E435.89568
G1 X100.343 Y98.276 E435.90152
G1 X100.167 Y98.252 E435.90743
G1 X100 Y98.245 E435.91299
G1 X99.833 Y98.252 E435.91855
G1 X99.657 Y98.276 E435.92446
G1 X99.487 Y98.32 E435.9303
G1 X99.328 Y98.377 E435.93592
G1 X99.172 Y98.451 E435.94166
G1 X99.024 Y98.539 E435.94739
G1 X98.889 Y98.64 E435.95299
G1 X98.757 Y98.757 E435.95886
G0 F7200 X99.04 Y99.04
;TYPE:WALL-OUTER
G1 F1200 X98.951 Y99.141 E435.96334
G1 X98.872 Y99.247 E435.96773
G1 X98.804 Y99.361 E435.97215
G1 X98.747 Y99.481 E435.97657
G1 X98.703 Y99.605 E435.98094
G1 X98.669 Y99.735 E435.98541
G1 X98.651 Y99.869 E435.98991
G1 X98.645 Y100 E435.99427
G1 X98.651 Y100.131 E435.99863
G1 X98.669 Y100.265 E436.00313
G1 X98.703 Y100.395 E436.0076
G1 X98.747 Y100.519 E436.01198
G1 X98.804 Y100.639 E436.01639
G1 X98.872 Y100.753 E436.02081
G1 X98.951 Y100.859 E436.02521
G1 X99.04 Y100.96 E436.02968
G1 X99.141 Y101.049 E436.03416
G1 X99.247 Y101.128 E436.03856
G1 X99.361 Y101.196 E436.04297
G1 X99.481 Y101.253 E436.04739
G1 X99.605 Y101.297 E436.05177
G1 X99.735 Y101.331 E436.05624
G1 X99.869 Y101.349 E436.06073
G1 X100 Y101.355 E436.0651
G1 X100.131 Y101.349 E436.06946
G1 X100.265 Y101.331 E436.07395
G1 X100.395 Y101.297 E436.07842
G1 X100.519 Y101.253 E436.0828
G1 X100.639 Y101.196 E436.08722
G1 X100.753 Y101.128 E436.09163
G1 X100.859 Y101.049 E436.09603
G1 X100.96 Y100.96 E436.10051
G1 X101.049 Y100.859 E436.10498
G1 X101.128 Y100.753 E436.10938
G1 X101.196 Y100.639 E436.1138
G1 X101.253 Y100.519 E436.11822
G1 X101.297 Y100.395 E436.12259
G1 X101.331 Y100.265 E436.12706
G1 X101.349 Y100.131 E436.13156
G1 X101.355 Y100 E436.13592
G1 X101.349 Y99.869 E436.14028
G1 X101.331 Y99.735 E436.14478
G1 X101.297 Y99.605 E436.14925
G1 X101.253 Y99.481 E436.15362
G1 X101.196 Y99.361 E436.15804
G1 X101.128 Y99.247 E436.16246
G1 X101.049 Y99.141 E436.16685
G1 X100.96 Y99.04 E436.17133
G1 X100.859 Y98.951 E436.17581
G1 X100.753 Y98.872 E436.18021
G1 X100.639 Y98.804 E436.18462
G1 X100.519 Y98.747 E436.18904
G1 X100.395 Y98.703 E436.19342
G1 X100.265 Y98.669 E436.19788
G1 X100.131 Y98.651 E436.20238
G1 X100 Y98.645 E436.20674
G1 X99.869 Y98.651 E436.21111
G1 X99.735 Y98.669 E436.2156
G1 X99.605 Y98.703 E436.22007
G1 X99.481 Y98.747 E436.22445
G1 X99.361 Y98.804 E436.22887
G1 X99.247 Y98.872 E436.23328
G1 X99.141 Y98.951 E436.23768
G1 X99.04 Y99.04 E436.24216
G0 F7200 X98.951 Y99.141
G0 X98.912 Y99.194
G0 X98.56 Y98.93
G0 X98.512 Y98.894
G0 X98.237 Y99.65
G0 X98.237 Y100.35
G0 X98.506 Y100.998
G0 X98.907 Y101.399
G0 X106.5 Y106.5
;TYPE:WALL-INNER
G1 F2400 X93.5 Y106.5 E436.67454
G1 X93.5 Y93.5 E437.10692
G1 X106.5 Y93.5 E437.5393
G1 X106.5 Y106.5 E437.97168
G0 F7200 X106.9 Y106.9
G1 F2400 X93.1 Y106.9 E438.43067
G1 X93.1 Y93.1 E438.88966
G1 X106.9 Y93.1 E439.34865
G1 X106.9 Y106.9 E439.80764
G0 F7200 X107.3 Y107.3
;TYPE:WALL-OUTER
G1 F1200 X92.7 Y107.3 E440.29324
G1 X92.7 Y92.7 E440.77884
G1 X107.3 Y92.7 E441.26444
G1 X107.3 Y107.3 E441.75003
G0 F7200 X107.1 Y107.3
G0 X106.86 Y106.86
G0 X106.5 Y106.5
;MESH:NONMESH
G0 X101.271 Y98.729
G0 X93.659 Y93.659
;TIME_ELAPSED:582.294318
;LAYER:27
;MESH:Push.stl
G0 X93.659 Y93.659 Z6.372
;TYPE:FILL
G1 F2400 X98.301 Y98.301 E441.96838
G1 X98.371 Y98.371
G0 F7200 X98.121 Y100
G0 X98.301 Y101.697
G1 F2400 X93.659 Y106.339 E442.18672
G1 X93.589 Y106.409
G0 F7200 X93.659 Y104.973
G1 F2400 X95.025 Y106.339 E442.25098
G1 X95.095 Y106.409
G0 F7200 X99.316 Y106.339
G1 F2400 X106.339 Y99.316 E442.58132
G1 X106.409 Y99.246
G0 F7200 X106.339 Y100.682
G1 F2400 X99.316 Y93.659 E442.91166
G1 X99.246 Y93.589
G0 F7200 X100.682 Y93.659
G1 F2400 X93.659 Y100.682 E443.242
G1 X93.589 Y100.752
G0 F7200 X93.659 Y99.316
G1 F2400 X100.682 Y106.339 E443.57234
G1 X100.752 Y106.409
G0 F7200 X104.973 Y106.339
G1 F2400 X106.339 Y104.973 E443.63659
G1 X106.409 Y104.903
G0 F7200 X106.339 Y106.339
G1 F2400 X101.698 Y101.698 E443.85489
G1 X101.628 Y101.628
G0 F7200 X101.879 Y100
G0 X101.698 Y98.301
G1 F2400 X106.339 Y93.659 E444.07321
G1 X106.409 Y93.589
G0 F7200 X104.973 Y93.659
G1 F2400 X106.339 Y95.025 E444.13746
G1 X106.409 Y95.095
G0 F7200 X95.025 Y93.659
G1 F2400 X93.659 Y95.025 E444.20172
G1 X93.589 Y95.095
G0 F7200 X98.415 Y98.415
;TYPE:WALL-INNER
G1 F2400 X98.265 Y98.584 E444.20923
G1 X98.14 Y98.753 E444.21622
G1 X98.024 Y98.942 E444.2236
G1 X97.93 Y99.143 E444.23098
G1 X97.857 Y99.345 E444.23812
G1 X97.801 Y99.565 E444.24567
G1 X97.77 Y99.787 E444.25313
G1 X97.761 Y100 E444.26022
G1 X97.77 Y100.213 E444.26731
G1 X97.801 Y100.435 E444.27477
G1 X97.857 Y100.655 E444.28232
G1 X97.93 Y100.857 E444.28946
G1 X98.024 Y101.058 E444.29684
G1 X98.14 Y101.247 E444.30422
G1 X98.265 Y101.416 E444.31121
G1 X98.415 Y101.585 E444.31872
G1 X98.584 Y101.735 E444.32624
G1 X98.753 Y101.86 E444.33323
G1 X98.942 Y101.976 E444.34061
G1 X99.143 Y102.07 E444.34799
G1 X99.345 Y102.143 E444.35513
G1 X99.565 Y102.199 E444.36268
G1 X99.787 Y102.23 E444.37014
G1 X100 Y102.239 E444.37723
G1 X100.213 Y102.23 E444.38432
G1 X100.435 Y102.199 E444.39177
G1 X100.655 Y102.143 E444.39932
G1 X100.857 Y102.07 E444.40647
G1 X101.058 Y101.976 E444.41385
G1 X101.247 Y101.86 E444.42122
G1 X101.416 Y101.735 E444.42821
G1 X101.585 Y101.585 E444.43573
G1 X101.735 Y101.416 E444.44325
G1 X101.86 Y101.247 E444.45024
G1 X101.976 Y101.058 E444.45761
G1 X102.07 Y100.857 E444.46499
G1 X102.143 Y100.655 E444.47214
G1 X102.199 Y100.435 E444.47969
G1 X102.23 Y100.213 E444.48714
G1 X102.239 Y100 E444.49423
G1 X102.23 Y99.787 E444.50132
G1 X102.199 Y99.565 E444.50878
G1 X102.143 Y99.345 E444.51633
G1 X102.07 Y99.143 E444.52347
G1 X101.976 Y98.942 E444.53085
G1 X101.86 Y98.753 E444.53823
G1 X101.735 Y98.584 E444.54522
G1 X101.585 Y98.415 E444.55274
G1 X101.416 Y98.265 E444.56025
G1 X101.247 Y98.14 E444.56724
G1 X101.058 Y98.024 E444.57462
G1 X100.857 Y97.93 E444.582
G1 X100.655 Y97.857 E444.58914
G1 X100.435 Y97.801 E444.5967
G1 X100.213 Y97.77 E444.60415
G1 X100 Y97.761 E444.61124
G1 X99.787 Y97.77 E444.61833
G1 X99.565 Y97.801 E444.62579
G1 X99.345 Y97.857 E444.63334
G1 X99.143 Y97.93 E444.64048
G1 X98.942 Y98.024 E444.64786
G1 X98.753 Y98.14 E444.65524
G1 X98.584 Y98.265 E444.66223
G1 X98.415 Y98.415 E444.66974
G0 F7200 X98.698 Y98.698
G1 F2400 X98.576 Y98.836 E444.67587
G1 X98.472 Y98.977 E444.6817
G1 X98.377 Y99.132 E444.68775
G1 X98.3 Y99.296 E444.69377
G1 X98.24 Y99.463 E444.69967
G1 X98.194 Y99.642 E444.70582
G1 X98.169 Y99.823 E444.7119
G1 X98.161 Y100 E444.71779
G1 X98.169 Y100.177 E444.72368
G1 X98.194 Y100.358 E444.72976
G1 X98.24 Y100.537 E444.73591
G1 X98.3 Y100.704 E444.74181
G1 X98.377 Y100.868 E444.74784
G1 X98.472 Y101.023 E444.75388
G1 X98.576 Y101.164 E444.75971
G1 X98.698 Y101.302 E444.76584
G1 X98.836 Y101.424 E444.77196
G1 X98.977 Y101.528 E444.77779
G1 X99.132 Y101.623 E444.78384
G1 X99.296 Y101.7 E444.78986
G1 X99.463 Y101.76 E444.79576
G1 X99.642 Y101.806 E444.80191
G1 X99.823 Y101.831 E444.80799
G1 X100 Y101.839 E444.81388
G1 X100.177 Y101.831 E444.81977
G1 X100.358 Y101.806 E444.82585
G1 X100.537 Y101.76 E444.832
G1 X100.704 Y101.7 E444.8379
G1 X100.868 Y101.623 E444.84393
G1 X101.023 Y101.528 E444.84997
G1 X101.164 Y101.424 E444.8558
G1 X101.302 Y101.302 E444.86193
G1 X101.424 Y101.164 E444.86805
G1 X101.528 Y101.023 E444.87388
G1 X101.623 Y100.868 E444.87993
G1 X101.7 Y100.704 E444.88595
G1 X101.76 Y100.537 E444.89186
G1 X101.806 Y100.358 E444.898
G1 X101.831 Y100.177 E444.90408
G1 X101.839 Y100 E444.90997
G1 X101.831 Y99.823 E444.91587
G1 X101.806 Y99.642 E444.92194
G1 X101.76 Y99.463 E444.92809
G1 X101.7 Y99.296 E444.93399
G1 X101.623 Y99.132 E444.94002
G1 X101.528 Y98.977 E444.94606
G1 X101.424 Y98.836 E444.95189
G1 X101.302 Y98.698 E444.95802
G1 X101.164 Y98.576 E444.96415
G1 X101.023 Y98.472 E444.96997
G1 X100.868 Y98.377 E444.97602
G1 X100.704 Y98.3 E444.98204
G1 X100.537 Y98.24 E444.98795
G1 X100.358 Y98.194 E444.99409
G1 X100.177 Y98.169 E445.00017
G1 X100 Y98.161 E445.00606
G1 X99.823 Y98.169 E445.01196
G1 X99.642 Y98.194 E445.01803
G1 X99.463 Y98.24 E445.02418
G1 X99.296 Y98.3 E445.03008
G1 X99.132 Y98.377 E445.03611
G1 X98.977 Y98.472 E445.04216
G1 X98.836 Y98.576 E445.04798
G1 X98.698 Y98.698 E445.05411
G0 F7200 X98.981 Y98.981
;TYPE:WALL-OUTER
G1 F1200 X98.887 Y99.088 E445.05885
G1 X98.804 Y99.2 E445.06348
G1 X98.73 Y99.322 E445.06823
G1 X98.67 Y99.449 E445.0729
G1 X98.623 Y99.581 E445.07756
G1 X98.587 Y99.719 E445.08231
G1 X98.568 Y99.86 E445.08704
G1 X98.561 Y100 E445.0917
G1 X98.568 Y100.14 E445.09636
G1 X98.587 Y100.281 E445.10109
G1 X98.623 Y100.419 E445.10584
G1 X98.67 Y100.551 E445.1105
G1 X98.73 Y100.678 E445.11517
G1 X98.804 Y100.8 E445.11992
G1 X98.887 Y100.912 E445.12455
G1 X98.981 Y101.019 E445.12929
G1 X99.088 Y101.113 E445.13403
G1 X99.2 Y101.196 E445.13866
G1 X99.322 Y101.27 E445.14341
G1 X99.449 Y101.33 E445.14808
G1 X99.581 Y101.377 E445.15274
G1 X99.719 Y101.413 E445.15748
G1 X99.86 Y101.432 E445.16222
G1 X100 Y101.439 E445.16688
G1 X100.14 Y101.432 E445.17154
G1 X100.281 Y101.413 E445.17627
G1 X100.419 Y101.377 E445.18102
G1 X100.551 Y101.33 E445.18568
G1 X100.678 Y101.27 E445.19035
G1 X100.8 Y101.196 E445.19509
G1 X100.912 Y101.113 E445.19973
G1 X101.019 Y101.019 E445.20447
G1 X101.113 Y100.912 E445.2092
G1 X101.196 Y100.8 E445.21384
G1 X101.27 Y100.678 E445.21859
G1 X101.33 Y100.551 E445.22326
G1 X101.377 Y100.419 E445.22792
G1 X101.413 Y100.281 E445.23266
G1 X101.432 Y100.14 E445.23739
G1 X101.439 Y100 E445.24206
G1 X101.432 Y99.86 E445.24672
G1 X101.413 Y99.719 E445.25145
G1 X101.377 Y99.581 E445.25619
G1 X101.33 Y99.449 E445.26085
G1 X101.27 Y99.322 E445.26553
G1 X101.196 Y99.2 E445.27027
G1 X101.113 Y99.088 E445.27491
G1 X101.019 Y98.981 E445.27965
G1 X100.912 Y98.887 E445.28438
G1 X100.8 Y98.804 E445.28902
G1 X100.678 Y98.73 E445.29377
G1 X100.551 Y98.67 E445.29844
G1 X100.419 Y98.623 E445.3031
G1 X100.281 Y98.587 E445.30784
G1 X100.14 Y98.568 E445.31257
G1 X100 Y98.561 E445.31724
G1 X99.86 Y98.568 E445.3219
G1 X99.719 Y98.587 E445.32663
G1 X99.581 Y98.623 E445.33137
G1 X99.449 Y98.67 E445.33603
G1 X99.322 Y98.73 E445.34071
G1 X99.2 Y98.804 E445.34545
G1 X99.088 Y98.887 E445.35009
G1 X98.981 Y98.981 E445.35482
G0 F7200 X98.887 Y99.088
G0 X98.853 Y99.134
G0 X98.499 Y98.871
G0 X98.453 Y98.835
G0 X98.155 Y99.635
G0 X98.155 Y100.365
G0 X98.439 Y101.045
G0 X98.856 Y101.462
G0 X106.5 Y106.5
;TYPE:WALL-INNER
G1 F2400 X93.5 Y106.5 E445.78721
G1 X93.5 Y93.5 E446.21959
G1 X106.5 Y93.5 E446.65197
G1 X106.5 Y106.5 E447.08435
G0 F7200 X106.9 Y106.9
G1 F2400 X93.1 Y106.9 E447.54334
G1 X93.1 Y93.1 E448.00233
G1 X106.9 Y93.1 E448.46132
G1 X106.9 Y106.9 E448.92031
G0 F7200 X107.3 Y107.3
;TYPE:WALL-OUTER
G1 F1200 X92.7 Y107.3 E449.40591
G1 X92.7 Y92.7 E449.89151
G1 X107.3 Y92.7 E450.3771
G1 X107.3 Y107.3 E450.8627
G0 F7200 X107.1 Y107.3
G0 X106.86 Y106.86
G0 X106.5 Y106.5
;MESH:NONMESH
G0 X98.67 Y101.33
G0 X93.659 Y93.659
;TIME_ELAPSED:592.086073
;LAYER:28
;MESH:Push.stl
G0 X93.659 Y93.659 Z6.572
;TYPE:FILL
G1 F2400 X97.157 Y97.157 E451.02724
G0 F7200 X96.892 Y97.45
G1 F2400 X93.659 Y100.682 E451.17929
G1 X93.589 Y100.752
G0 F7200 X93.659 Y99.316
G1 F2400 X96.907 Y102.564 E451.33206
G0 F7200 X97.159 Y102.84
G1 F2400 X93.659 Y106.339 E451.49667
G1 X93.589 Y106.409
G0 F7200 X93.659 Y104.973
G1 F2400 X95.025 Y106.339 E451.56092
G1 X95.095 Y106.409
G0 F7200 X97.453 Y103.11
G1 F2400 X100.682 Y106.339 E451.7128
G1 X100.752 Y106.409
G0 F7200 X99.316 Y106.339
G1 F2400 X102.547 Y103.108 E451.86478
G0 F7200 X102.84 Y102.84
G1 F2400 X106.339 Y106.339 E452.02936
G1 X106.409 Y106.409
G0 F7200 X104.973 Y106.339
G1 F2400 X106.339 Y104.973 E452.09361
G1 X106.409 Y104.903
G0 F7200 X103.109 Y102.546
G1 F2400 X106.339 Y99.316 E452.24554
G1 X106.409 Y99.246
G0 F7200 X106.339 Y100.682
G1 F2400 X103.091 Y97.435 E452.39829
G0 F7200 X102.84 Y97.159
G1 F2400 X106.339 Y93.659 E452.5629
G1 X106.409 Y93.589
G0 F7200 X104.973 Y93.659
G1 F2400 X106.339 Y95.025 E452.62715
G1 X106.409 Y95.095
G0 F7200 X102.546 Y96.889
G1 F2400 X99.316 Y93.659 E452.77908
G1 X99.246 Y93.589
G0 F7200 X100.682 Y93.659
G1 F2400 X97.452 Y96.89 E452.93103
G1 X97.382 Y96.96
G0 F7200 X95.025 Y93.659
G1 F2400 X93.659 Y95.025 E452.99529
G1 X93.589 Y95.095
G0 F7200 X98.341 Y98.341
;TYPE:WALL-INNER
G1 F2400 X98.186 Y98.513 E453.00299
G1 X98.05 Y98.695 E453.01054
G1 X97.931 Y98.896 E453.01831
G1 X97.833 Y99.101 E453.02587
G1 X97.755 Y99.317 E453.03351
G1 X97.703 Y99.528 E453.04074
G1 X97.697 Y99.55 E453.0415
G1 X97.695 Y99.569 E453.04213
G1 X97.666 Y99.775 E453.04905
G1 X97.654 Y100 E453.05654
G1 X97.666 Y100.225 E453.06404
G1 X97.697 Y100.45 E453.07159
G1 X97.755 Y100.683 E453.07958
G1 X97.833 Y100.899 E453.08722
G1 X97.931 Y101.104 E453.09477
G1 X98.05 Y101.305 E453.10254
G1 X98.186 Y101.487 E453.1101
G1 X98.341 Y101.659 E453.1178
G1 X98.513 Y101.814 E453.1255
G1 X98.695 Y101.95 E453.13306
G1 X98.896 Y102.069 E453.14083
G1 X99.101 Y102.167 E453.14839
G1 X99.317 Y102.245 E453.15602
G1 X99.528 Y102.297 E453.16325
G1 X99.55 Y102.303 E453.16401
G1 X99.569 Y102.305 E453.16465
G1 X99.775 Y102.334 E453.17156
G1 X100 Y102.346 E453.17906
G1 X100.225 Y102.334 E453.18655
G1 X100.45 Y102.303 E453.19411
G1 X100.683 Y102.245 E453.20209
G1 X100.899 Y102.167 E453.20973
G1 X101.104 Y102.069 E453.21729
G1 X101.305 Y101.95 E453.22506
G1 X101.487 Y101.814 E453.23261
G1 X101.659 Y101.659 E453.24032
G1 X101.814 Y101.487 E453.24802
G1 X101.95 Y101.305 E453.25557
G1 X102.069 Y101.104 E453.26334
G1 X102.167 Y100.899 E453.2709
G1 X102.245 Y100.683 E453.27854
G1 X102.297 Y100.472 E453.28577
G1 X102.303 Y100.45 E453.28652
G1 X102.305 Y100.431 E453.28716
G1 X102.334 Y100.225 E453.29408
G1 X102.346 Y100 E453.30157
G1 X102.334 Y99.775 E453.30907
G1 X102.303 Y99.55 E453.31662
G1 X102.245 Y99.317 E453.32461
G1 X102.167 Y99.101 E453.33225
G1 X102.069 Y98.896 E453.3398
G1 X101.95 Y98.695 E453.34757
G1 X101.814 Y98.513 E453.35513
G1 X101.659 Y98.341 E453.36283
G1 X101.487 Y98.186 E453.37053
G1 X101.305 Y98.05 E453.37809
G1 X101.104 Y97.931 E453.38586
G1 X100.899 Y97.833 E453.39341
G1 X100.683 Y97.755 E453.40105
G1 X100.472 Y97.703 E453.40828
G1 X100.45 Y97.697 E453.40904
G1 X100.431 Y97.695 E453.40967
G1 X100.225 Y97.666 E453.41659
G1 X100 Y97.654 E453.42409
G1 X99.775 Y97.666 E453.43158
G1 X99.55 Y97.697 E453.43914
G1 X99.317 Y97.755 E453.44712
G1 X99.101 Y97.833 E453.45476
G1 X98.896 Y97.931 E453.46232
G1 X98.695 Y98.05 E453.47009
G1 X98.513 Y98.186 E453.47764
G1 X98.341 Y98.341 E453.48534
G0 F7200 X98.624 Y98.624
G1 F2400 X98.496 Y98.767 E453.49173
G1 X98.383 Y98.918 E453.498
G1 X98.284 Y99.084 E453.50443
G1 X98.203 Y99.255 E453.51072
G1 X98.138 Y99.434 E453.51706
G1 X98.09 Y99.625 E453.52361
G1 X98.065 Y99.812 E453.52988
G1 X98.055 Y100 E453.53614
G1 X98.065 Y100.188 E453.5424
G1 X98.09 Y100.375 E453.54868
G1 X98.138 Y100.566 E453.55523
G1 X98.203 Y100.745 E453.56156
G1 X98.284 Y100.916 E453.56786
G1 X98.383 Y101.082 E453.57429
G1 X98.496 Y101.233 E453.58056
G1 X98.624 Y101.376 E453.58694
G1 X98.767 Y101.504 E453.59332
G1 X98.918 Y101.617 E453.5996
G1 X99.084 Y101.716 E453.60603
G1 X99.255 Y101.797 E453.61232
G1 X99.434 Y101.862 E453.61865
G1 X99.625 Y101.91 E453.6252
G1 X99.812 Y101.935 E453.63148
G1 X100 Y101.945 E453.63774
G1 X100.188 Y101.935 E453.644
G1 X100.375 Y101.91 E453.65028
G1 X100.566 Y101.862 E453.65683
G1 X100.745 Y101.797 E453.66316
G1 X100.916 Y101.716 E453.66945
G1 X101.082 Y101.617 E453.67588
G1 X101.233 Y101.504 E453.68216
G1 X101.376 Y101.376 E453.68854
G1 X101.504 Y101.233 E453.69492
G1 X101.617 Y101.082 E453.7012
G1 X101.716 Y100.916 E453.70762
G1 X101.797 Y100.745 E453.71392
G1 X101.862 Y100.566 E453.72025
G1 X101.91 Y100.375 E453.7268
G1 X101.935 Y100.188 E453.73308
G1 X101.945 Y100 E453.73934
G1 X101.935 Y99.812 E453.7456
G1 X101.91 Y99.625 E453.75187
G1 X101.862 Y99.434 E453.75842
G1 X101.797 Y99.255 E453.76476
G1 X101.716 Y99.084 E453.77105
G1 X101.617 Y98.918 E453.77748
G1 X101.504 Y98.767 E453.78375
G1 X101.376 Y98.624 E453.79014
G1 X101.233 Y98.496 E453.79652
G1 X101.082 Y98.383 E453.80279
G1 X100.916 Y98.284 E453.80922
G1 X100.745 Y98.203 E453.81551
G1 X100.566 Y98.138 E453.82185
G1 X100.375 Y98.09 E453.8284
G1 X100.188 Y98.065 E453.83467
G1 X100 Y98.055 E453.84094
G1 X99.812 Y98.065 E453.8472
G1 X99.625 Y98.09 E453.85347
G1 X99.434 Y98.138 E453.86002
G1 X99.255 Y98.203 E453.86636
G1 X99.084 Y98.284 E453.87265
G1 X98.918 Y98.383 E453.87908
G1 X98.767 Y98.496 E453.88535
G1 X98.624 Y98.624 E453.89173
G0 F7200 X98.907 Y98.907
;TYPE:WALL-OUTER
G1 F1200 X98.806 Y99.02 E453.89678
G1 X98.716 Y99.141 E453.90179
G1 X98.637 Y99.272 E453.90688
G1 X98.573 Y99.409 E453.91191
G1 X98.521 Y99.551 E453.91694
G1 X98.484 Y99.7 E453.92204
G1 X98.464 Y99.849 E453.92704
G1 X98.456 Y100 E453.93207
G1 X98.464 Y100.151 E453.9371
G1 X98.484 Y100.3 E453.9421
G1 X98.521 Y100.449 E453.94721
G1 X98.573 Y100.591 E453.95224
G1 X98.637 Y100.728 E453.95727
G1 X98.716 Y100.859 E453.96236
G1 X98.806 Y100.98 E453.96737
G1 X98.907 Y101.093 E453.97241
G1 X99.02 Y101.194 E453.97745
G1 X99.141 Y101.284 E453.98247
G1 X99.272 Y101.363 E453.98756
G1 X99.409 Y101.427 E453.99259
G1 X99.551 Y101.479 E453.99762
G1 X99.7 Y101.516 E454.00272
G1 X99.849 Y101.536 E454.00772
G1 X100 Y101.544 E454.01275
G1 X100.151 Y101.536 E454.01778
G1 X100.3 Y101.516 E454.02278
G1 X100.449 Y101.479 E454.02789
G1 X100.591 Y101.427 E454.03292
G1 X100.728 Y101.363 E454.03795
G1 X100.859 Y101.284 E454.04304
G1 X100.98 Y101.194 E454.04805
G1 X101.093 Y101.093 E454.05309
G1 X101.194 Y100.98 E454.05813
G1 X101.284 Y100.859 E454.06315
G1 X101.363 Y100.728 E454.06824
G1 X101.427 Y100.591 E454.07327
G1 X101.479 Y100.449 E454.0783
G1 X101.516 Y100.3 E454.0834
G1 X101.536 Y100.151 E454.0884
G1 X101.544 Y100 E454.09343
G1 X101.536 Y99.849 E454.09846
G1 X101.516 Y99.7 E454.10346
G1 X101.479 Y99.551 E454.10857
G1 X101.427 Y99.409 E454.1136
G1 X101.363 Y99.272 E454.11863
G1 X101.284 Y99.141 E454.12371
G1 X101.194 Y99.02 E454.12873
G1 X101.093 Y98.907 E454.13377
G1 X100.98 Y98.806 E454.13881
G1 X100.859 Y98.716 E454.14383
G1 X100.728 Y98.637 E454.14891
G1 X100.591 Y98.573 E454.15394
G1 X100.449 Y98.521 E454.15897
G1 X100.3 Y98.484 E454.16408
G1 X100.151 Y98.464 E454.16908
G1 X100 Y98.456 E454.17411
G1 X99.849 Y98.464 E454.17914
G1 X99.7 Y98.484 E454.18414
G1 X99.551 Y98.521 E454.18925
G1 X99.409 Y98.573 E454.19428
G1 X99.272 Y98.637 E454.1993
G1 X99.141 Y98.716 E454.20439
G1 X99.02 Y98.806 E454.20941
G1 X98.907 Y98.907 E454.21445
G0 F7200 X98.806 Y99.02
G0 X98.777 Y99.059
G0 X98.424 Y98.794
G0 X98.378 Y98.758
G0 X98.051 Y99.618
G0 X98.051 Y100.382
G0 X98.35 Y101.104
G0 X98.791 Y101.545
G0 X106.5 Y106.5
;TYPE:WALL-INNER
G1 F2400 X93.5 Y106.5 E454.64683
G1 X93.5 Y93.5 E455.07921
G1 X106.5 Y93.5 E455.51159
G1 X106.5 Y106.5 E455.94398
G0 F7200 X106.9 Y106.9
G1 F2400 X93.1 Y106.9 E456.40297
G1 X93.1 Y93.1 E456.86196
G1 X106.9 Y93.1 E457.32095
G1 X106.9 Y106.9 E457.77994
G0 F7200 X107.3 Y107.3
;TYPE:WALL-OUTER
G1 F1200 X92.7 Y107.3 E458.26553
G1 X92.7 Y92.7 E458.75113
G1 X107.3 Y92.7 E459.23673
G1 X107.3 Y107.3 E459.72233
G0 F7200 X107.1 Y107.3
G0 X106.86 Y106.86
G0 X106.8 Y106.86
G0 X102.871 Y102.882
;TYPE:SKIN
G1 F1200 X102.587 Y103.142 E459.73513
G1 X102.257 Y103.387 E459.7488
G1 X101.925 Y103.585 E459.76166
G1 X101.551 Y103.764 E459.77545
G1 X101.176 Y103.897 E459.78869
G1 X100.806 Y103.988 E459.80136
G1 X100.402 Y104.051 E459.81496
G1 X100 Y104.071 E459.82835
G1 X99.598 Y104.051 E459.84173
G1 X99.194 Y103.988 E459.85533
G1 X98.824 Y103.897 E459.868
G1 X98.449 Y103.764 E459.88124
G1 X98.075 Y103.585 E459.89503
G1 X97.745 Y103.388 E459.90781
G1 X97.417 Y103.146 E459.92137
G1 X97.117 Y102.87 E459.93493
G1 X96.858 Y102.586 E459.94771
G1 X96.611 Y102.253 E459.9615
G1 X96.415 Y101.925 E459.97421
G1 X96.236 Y101.551 E459.988
G1 X96.102 Y101.173 E460.00134
G1 X96.012 Y100.806 E460.01391
G1 X95.95 Y100.4 E460.02757
G1 X95.93 Y100 E460.04089
G1 X95.95 Y99.6 E460.05421
G1 X96.013 Y99.188 E460.06807
G1 X96.104 Y98.822 E460.08062
G1 X96.236 Y98.449 E460.09378
G1 X96.415 Y98.075 E460.10757
G1 X96.61 Y97.748 E460.12023
G1 X96.854 Y97.417 E460.13391
G1 X97.13 Y97.117 E460.14746
G1 X97.413 Y96.858 E460.16022
G1 X97.743 Y96.613 E460.17389
G1 X98.075 Y96.415 E460.18675
G1 X98.449 Y96.236 E460.20054
G1 X98.824 Y96.103 E460.21378
G1 X99.194 Y96.012 E460.22645
G1 X99.6 Y95.95 E460.24011
G1 X100 Y95.93 E460.25343
G1 X100.4 Y95.95 E460.26675
G1 X100.806 Y96.012 E460.28041
G1 X101.176 Y96.103 E460.29308
G1 X101.551 Y96.236 E460.30632
G1 X101.925 Y96.415 E460.32011
G1 X102.255 Y96.612 E460.33289
G1 X102.583 Y96.854 E460.34645
G1 X102.883 Y97.13 E460.36001
G1 X103.142 Y97.414 E460.37279
G1 X103.389 Y97.747 E460.38658
G1 X103.585 Y98.075 E460.39929
G1 X103.764 Y98.449 E460.41308
G1 X103.896 Y98.822 E460.42624
G1 X103.987 Y99.188 E460.43878
G1 X104.051 Y99.597 E460.45255
G1 X104.071 Y100 E460.46597
G1 X104.051 Y100.402 E460.47936
G1 X103.988 Y100.806 E460.49296
G1 X103.898 Y101.173 E460.50553
G1 X103.764 Y101.551 E460.51887
G1 X103.585 Y101.925 E460.53266
G1 X103.39 Y102.252 E460.54532
G1 X103.146 Y102.583 E460.559
G1 X102.871 Y102.882 E460.57251
G0 F7200 X101.936 Y101.936
G1 F1200 X102.116 Y101.735 E460.58148
G1 X102.275 Y101.522 E460.59032
G1 X102.414 Y101.287 E460.5994
G1 X102.527 Y101.049 E460.60817
G1 X102.619 Y100.796 E460.61712
G1 X102.687 Y100.524 E460.62645
G1 X102.722 Y100.262 E460.63524
G1 X102.736 Y100 E460.64396
G1 X102.722 Y99.738 E460.65269
G1 X102.687 Y99.476 E460.66148
G1 X102.619 Y99.204 E460.67081
G1 X102.527 Y98.951 E460.67976
G1 X102.414 Y98.713 E460.68852
G1 X102.275 Y98.478 E460.69761
G1 X102.116 Y98.265 E460.70645
G1 X101.936 Y98.064 E460.71542
G1 X101.735 Y97.884 E460.72439
G1 X101.522 Y97.725 E460.73323
G1 X101.287 Y97.586 E460.74232
G1 X101.049 Y97.473 E460.75108
G1 X100.796 Y97.381 E460.76003
G1 X100.524 Y97.313 E460.76936
G1 X100.262 Y97.278 E460.77815
G1 X100 Y97.264 E460.78688
G1 X99.738 Y97.278 E460.7956
G1 X99.476 Y97.313 E460.80439
G1 X99.204 Y97.381 E460.81372
G1 X98.951 Y97.473 E460.82267
G1 X98.713 Y97.586 E460.83144
G1 X98.478 Y97.725 E460.84052
G1 X98.265 Y97.884 E460.84936
G1 X98.064 Y98.064 E460.85833
G1 X97.884 Y98.265 E460.86731
G1 X97.725 Y98.478 E460.87615
G1 X97.586 Y98.713 E460.88523
G1 X97.473 Y98.951 E460.89399
G1 X97.381 Y99.204 E460.90294
G1 X97.313 Y99.476 E460.91227
G1 X97.278 Y99.738 E460.92106
G1 X97.264 Y100 E460.92979
G1 X97.278 Y100.262 E460.93851
G1 X97.313 Y100.524 E460.94731
G1 X97.381 Y100.796 E460.95663
G1 X97.473 Y101.049 E460.96558
G1 X97.586 Y101.287 E460.97435
G1 X97.725 Y101.522 E460.98343
G1 X97.884 Y101.735 E460.99227
G1 X98.064 Y101.936 E461.00124
G1 X98.265 Y102.116 E461.01022
G1 X98.478 Y102.275 E461.01906
G1 X98.713 Y102.414 E461.02814
G1 X98.951 Y102.527 E461.0369
G1 X99.204 Y102.619 E461.04586
G1 X99.476 Y102.687 E461.05518
G1 X99.738 Y102.722 E461.06397
G1 X100 Y102.736 E461.0727
G1 X100.262 Y102.722 E461.08143
G1 X100.524 Y102.687 E461.09022
G1 X100.796 Y102.619 E461.09954
G1 X101.049 Y102.527 E461.1085
G1 X101.287 Y102.414 E461.11726
G1 X101.522 Y102.275 E461.12634
G1 X101.735 Y102.116 E461.13518
G1 X101.936 Y101.936 E461.14415
G0 F7200 X102.549 Y98.589
G1 F1200 X103.886 Y99.926 E461.20704
G0 F7200 X103.858 Y100.464
G1 F1200 X102.867 Y99.473 E461.25366
G1 X102.797 Y99.403
G0 F7200 X103.82 Y99.295
G1 F1200 X100.704 Y96.178 E461.40025
G0 F7200 X100.074 Y96.114
G1 F1200 X101.409 Y97.449 E461.46304
G1 X101.479 Y97.519
G0 F7200 X100.525 Y97.131
G1 F1200 X99.535 Y96.141 E461.50961
G0 F7200 X99.058 Y96.23
G1 F1200 X99.917 Y97.088 E461.54999
G0 F7200 X99.406 Y97.143
G1 F1200 X98.627 Y96.364 E461.58663
G0 F7200 X98.234 Y96.537
G1 F1200 X98.97 Y97.273 E461.62125
G0 F7200 X98.583 Y97.452
G1 F1200 X97.874 Y96.743 E461.6546
G0 F7200 X97.548 Y96.982
G1 F1200 X98.241 Y97.675 E461.6872
G0 F7200 X97.935 Y97.935
G1 F1200 X97.25 Y97.25 E461.71942
G0 F7200 X96.981 Y97.546
G1 F1200 X97.676 Y98.241 E461.75211
G0 F7200 X97.452 Y98.584
G1 F1200 X96.743 Y97.874 E461.78548
G0 F7200 X96.536 Y98.233
G1 F1200 X97.273 Y98.97 E461.82015
G0 F7200 X97.144 Y99.407
G1 F1200 X96.363 Y98.626 E461.85688
G0 F7200 X96.229 Y99.057
G1 F1200 X97.089 Y99.917 E461.89733
G0 F7200 X97.131 Y100.525
G1 F1200 X96.141 Y99.535 E461.9439
G0 F7200 X96.114 Y100.073
G1 F1200 X97.449 Y101.409 E462.00672
G1 X97.519 Y101.479
G0 F7200 X96.414 Y101.505
G1 F1200 X98.495 Y103.586 E462.1046
G1 X98.565 Y103.656
G0 F7200 X99.295 Y103.82
G1 F1200 X96.177 Y100.703 E462.25124
G1 X96.107 Y100.633
G0 F7200 X98.59 Y102.55
G1 F1200 X99.926 Y103.886 E462.31408
G0 F7200 X100.463 Y103.857
G1 F1200 X99.474 Y102.868 E462.3606
G0 F7200 X100.082 Y102.91
G1 F1200 X100.94 Y103.768 E462.40096
G0 F7200 X101.372 Y103.634
G1 F1200 X100.592 Y102.855 E462.43762
G0 F7200 X101.028 Y102.725
G1 F1200 X101.764 Y103.461 E462.47224
G0 F7200 X102.124 Y103.255
G1 F1200 X101.415 Y102.546 E462.50559
G0 F7200 X101.758 Y102.324
G1 F1200 X102.451 Y103.016 E462.53816
G0 F7200 X102.748 Y102.748
G1 F1200 X102.063 Y102.063 E462.57039
G0 F7200 X102.323 Y101.757
G1 F1200 X103.018 Y102.452 E462.60308
G0 F7200 X103.256 Y102.125
G1 F1200 X102.546 Y101.414 E462.6365
G0 F7200 X102.725 Y101.028
G1 F1200 X103.462 Y101.765 E462.67116
G0 F7200 X103.634 Y101.372
G1 F1200 X102.854 Y100.591 E462.70787
G0 F7200 X102.91 Y100.081
G1 F1200 X103.769 Y100.94 E462.74828
G1 X103.839 Y101.01
G0 F7200 X103.585 Y98.494
G1 F1200 X101.504 Y96.413 E462.84616
G1 X101.434 Y96.343
;MESH:NONMESH
G0 F7200 X98.249 Y98.249
;TIME_ELAPSED:607.189859
;LAYER:29
;MESH:Push.stl
G0 X98.249 Y98.249 Z6.772
;TYPE:WALL-INNER
G1 F2400 X98.085 Y98.432 E462.85434
G1 X97.941 Y98.626 E462.86237
G1 X97.817 Y98.834 E462.87043
G1 X97.713 Y99.051 E462.87843
G1 X97.631 Y99.282 E462.88658
G1 X97.572 Y99.518 E462.89467
G1 X97.536 Y99.759 E462.90278
G1 X97.526 Y100 E462.9108
G1 X97.536 Y100.241 E462.91882
G1 X97.572 Y100.482 E462.92693
G1 X97.631 Y100.718 E462.93502
G1 X97.713 Y100.949 E462.94317
G1 X97.817 Y101.166 E462.95117
G1 X97.941 Y101.374 E462.95923
G1 X98.085 Y101.568 E462.96726
G1 X98.249 Y101.751 E462.97544
G1 X98.432 Y101.915 E462.98361
G1 X98.626 Y102.059 E462.99165
G1 X98.834 Y102.183 E462.9997
G1 X99.051 Y102.287 E463.0077
G1 X99.282 Y102.369 E463.01586
G1 X99.518 Y102.428 E463.02395
G1 X99.759 Y102.464 E463.03205
G1 X100 Y102.474 E463.04008
G1 X100.241 Y102.464 E463.0481
G1 X100.482 Y102.428 E463.0562
G1 X100.718 Y102.369 E463.06429
G1 X100.949 Y102.287 E463.07245
G1 X101.166 Y102.183 E463.08045
G1 X101.374 Y102.059 E463.0885
G1 X101.568 Y101.915 E463.09654
G1 X101.751 Y101.751 E463.10471
G1 X101.915 Y101.568 E463.11289
G1 X102.059 Y101.374 E463.12092
G1 X102.183 Y101.166 E463.12898
G1 X102.287 Y100.949 E463.13698
G1 X102.369 Y100.718 E463.14513
G1 X102.428 Y100.482 E463.15322
G1 X102.464 Y100.241 E463.16133
G1 X102.474 Y100 E463.16935
G1 X102.464 Y99.759 E463.17737
G1 X102.428 Y99.518 E463.18548
G1 X102.369 Y99.282 E463.19357
G1 X102.287 Y99.051 E463.20172
G1 X102.183 Y98.834 E463.20973
G1 X102.059 Y98.626 E463.21778
G1 X101.915 Y98.432 E463.22582
G1 X101.751 Y98.249 E463.23399
G1 X101.568 Y98.085 E463.24216
G1 X101.374 Y97.941 E463.2502
G1 X101.166 Y97.817 E463.25825
G1 X100.949 Y97.713 E463.26625
G1 X100.718 Y97.631 E463.27441
G1 X100.482 Y97.572 E463.2825
G1 X100.241 Y97.536 E463.2906
G1 X100 Y97.526 E463.29863
G1 X99.759 Y97.536 E463.30665
G1 X99.518 Y97.572 E463.31475
G1 X99.282 Y97.631 E463.32284
G1 X99.051 Y97.713 E463.331
G1 X98.834 Y97.817 E463.339
G1 X98.626 Y97.941 E463.34705
G1 X98.432 Y98.085 E463.35509
G1 X98.249 Y98.249 E463.36326
G0 F7200 X98.532 Y98.532
G1 F2400 X98.395 Y98.685 E463.37009
G1 X98.274 Y98.848 E463.37685
G1 X98.17 Y99.023 E463.38362
G1 X98.083 Y99.205 E463.39033
G1 X98.014 Y99.398 E463.39714
G1 X97.965 Y99.596 E463.40393
G1 X97.935 Y99.797 E463.41069
G1 X97.926 Y100 E463.41745
G1 X97.935 Y100.203 E463.4242
G1 X97.965 Y100.404 E463.43096
G1 X98.014 Y100.602 E463.43775
G1 X98.083 Y100.795 E463.44456
G1 X98.17 Y100.977 E463.45127
G1 X98.274 Y101.152 E463.45804
G1 X98.395 Y101.315 E463.4648
G1 X98.532 Y101.468 E463.47163
G1 X98.685 Y101.605 E463.47846
G1 X98.848 Y101.726 E463.48521
G1 X99.023 Y101.83 E463.49198
G1 X99.205 Y101.917 E463.49869
G1 X99.398 Y101.986 E463.50551
G1 X99.596 Y102.035 E463.51229
G1 X99.797 Y102.065 E463.51905
G1 X100 Y102.074 E463.52581
G1 X100.203 Y102.065 E463.53257
G1 X100.404 Y102.035 E463.53933
G1 X100.602 Y101.986 E463.54611
G1 X100.795 Y101.917 E463.55293
G1 X100.977 Y101.83 E463.55964
G1 X101.152 Y101.726 E463.56641
G1 X101.315 Y101.605 E463.57316
G1 X101.468 Y101.468 E463.57999
G1 X101.605 Y101.315 E463.58682
G1 X101.726 Y101.152 E463.59357
G1 X101.83 Y100.977 E463.60034
G1 X101.917 Y100.795 E463.60705
G1 X101.986 Y100.602 E463.61387
G1 X102.035 Y100.404 E463.62065
G1 X102.065 Y100.203 E463.62741
G1 X102.074 Y100 E463.63417
G1 X102.065 Y99.797 E463.64093
G1 X102.035 Y99.596 E463.64769
G1 X101.986 Y99.398 E463.65447
G1 X101.917 Y99.205 E463.66129
G1 X101.83 Y99.023 E463.668
G1 X101.726 Y98.848 E463.67477
G1 X101.605 Y98.685 E463.68152
G1 X101.468 Y98.532 E463.68835
G1 X101.315 Y98.395 E463.69519
G1 X101.152 Y98.274 E463.70194
G1 X100.977 Y98.17 E463.70871
G1 X100.795 Y98.083 E463.71542
G1 X100.602 Y98.014 E463.72223
G1 X100.404 Y97.965 E463.72902
G1 X100.203 Y97.935 E463.73578
G1 X100 Y97.926 E463.74254
G1 X99.797 Y97.935 E463.74929
G1 X99.596 Y97.965 E463.75605
G1 X99.398 Y98.014 E463.76284
G1 X99.205 Y98.083 E463.76966
G1 X99.023 Y98.17 E463.77636
G1 X98.848 Y98.274 E463.78314
G1 X98.685 Y98.395 E463.78989
G1 X98.532 Y98.532 E463.79672
G0 F7200 X98.815 Y98.815
;TYPE:WALL-OUTER
G1 F1200 X98.705 Y98.938 E463.80221
G1 X98.607 Y99.07 E463.80767
G1 X98.523 Y99.211 E463.81313
G1 X98.453 Y99.359 E463.81858
G1 X98.397 Y99.514 E463.82406
G1 X98.358 Y99.673 E463.82951
G1 X98.334 Y99.836 E463.83499
G1 X98.326 Y100 E463.84045
G1 X98.334 Y100.164 E463.84591
G1 X98.358 Y100.327 E463.85139
G1 X98.397 Y100.486 E463.85683
G1 X98.453 Y100.641 E463.86231
G1 X98.523 Y100.789 E463.86776
G1 X98.607 Y100.93 E463.87322
G1 X98.705 Y101.062 E463.87869
G1 X98.815 Y101.185 E463.88417
G1 X98.938 Y101.295 E463.88966
G1 X99.07 Y101.393 E463.89513
G1 X99.211 Y101.477 E463.90059
G1 X99.359 Y101.547 E463.90603
G1 X99.514 Y101.603 E463.91152
G1 X99.673 Y101.642 E463.91696
G1 X99.836 Y101.666 E463.92244
G1 X100 Y101.674 E463.9279
G1 X100.164 Y101.666 E463.93336
G1 X100.327 Y101.642 E463.93884
G1 X100.486 Y101.603 E463.94429
G1 X100.641 Y101.547 E463.94977
G1 X100.789 Y101.477 E463.95522
G1 X100.93 Y101.393 E463.96067
G1 X101.062 Y101.295 E463.96614
G1 X101.185 Y101.185 E463.97163
G1 X101.295 Y101.062 E463.97712
G1 X101.393 Y100.93 E463.98259
G1 X101.477 Y100.789 E463.98805
G1 X101.547 Y100.641 E463.99349
G1 X101.603 Y100.486 E463.99897
G1 X101.642 Y100.327 E464.00442
G1 X101.666 Y100.164 E464.0099
G1 X101.674 Y100 E464.01536
G1 X101.666 Y99.836 E464.02082
G1 X101.642 Y99.673 E464.0263
G1 X101.603 Y99.514 E464.03174
G1 X101.547 Y99.359 E464.03723
G1 X101.477 Y99.211 E464.04267
G1 X101.393 Y99.07 E464.04813
G1 X101.295 Y98.938 E464.0536
G1 X101.185 Y98.815 E464.05909
G1 X101.062 Y98.705 E464.06458
G1 X100.93 Y98.607 E464.07004
G1 X100.789 Y98.523 E464.0755
G1 X100.641 Y98.453 E464.08095
G1 X100.486 Y98.397 E464.08643
G1 X100.327 Y98.358 E464.09187
G1 X100.164 Y98.334 E464.09735
G1 X100 Y98.326 E464.10281
G1 X99.836 Y98.334 E464.10828
G1 X99.673 Y98.358 E464.11376
G1 X99.514 Y98.397 E464.1192
G1 X99.359 Y98.453 E464.12468
G1 X99.211 Y98.523 E464.13013
G1 X99.07 Y98.607 E464.13559
G1 X98.938 Y98.705 E464.14105
G1 X98.815 Y98.815 E464.14654
G0 F7200 X98.705 Y98.938
G0 X98.685 Y98.966
G0 X98.331 Y98.703
G0 X98.285 Y98.667
G0 X97.926 Y99.589
G0 X97.896 Y100.206
G0 X98.047 Y100.81
G0 X98.365 Y101.34
G0 X98.737 Y101.679
G0 X106.5 Y106.5
;TYPE:WALL-INNER
G1 F2400 X93.5 Y106.5 E464.57892
G1 X93.5 Y93.5 E465.01131
G1 X106.5 Y93.5 E465.44369
G1 X106.5 Y106.5 E465.87607
G0 F7200 X106.9 Y106.9
G1 F2400 X93.1 Y106.9 E466.33506
G1 X93.1 Y93.1 E466.79405
G1 X106.9 Y93.1 E467.25304
G1 X106.9 Y106.9 E467.71203
G0 F7200 X107.3 Y107.3
;TYPE:WALL-OUTER
G1 F1200 X92.7 Y107.3 E468.19763
G1 X92.7 Y92.7 E468.68323
G1 X107.3 Y92.7 E469.16882
G1 X107.3 Y107.3 E469.65442
G0 F7200 X107.1 Y107.3
G0 X106.86 Y106.86
G0 X106.8 Y106.86
G0 X106.11 Y106.11
;TYPE:SKIN
G1 F1200 X93.89 Y106.11 E470.06086
G1 X93.89 Y93.89 E470.4673
G1 X106.11 Y93.89 E470.87374
G1 X106.11 Y106.11 E471.28018
G0 F7200 X102.028 Y102.028
G1 F1200 X102.217 Y101.815 E471.28965
G1 X102.384 Y101.59 E471.29897
G1 X102.527 Y101.351 E471.30823
G1 X102.648 Y101.099 E471.31753
G1 X102.743 Y100.831 E471.32699
G1 X102.811 Y100.558 E471.33634
G1 X102.852 Y100.278 E471.34576
G1 X102.864 Y100 E471.35501
G1 X102.852 Y99.722 E471.36427
G1 X102.811 Y99.442 E471.37368
G1 X102.743 Y99.169 E471.38303
G1 X102.648 Y98.901 E471.39249
G1 X102.527 Y98.649 E471.40179
G1 X102.384 Y98.41 E471.41105
G1 X102.217 Y98.185 E471.42037
G1 X102.028 Y97.972 E471.42984
G1 X101.815 Y97.783 E471.43932
G1 X101.59 Y97.616 E471.44863
G1 X101.351 Y97.473 E471.4579
G1 X101.099 Y97.352 E471.4672
G1 X100.831 Y97.257 E471.47665
G1 X100.558 Y97.189 E471.48601
G1 X100.278 Y97.148 E471.49542
G1 X100 Y97.136 E471.50468
G1 X99.722 Y97.148 E471.51393
G1 X99.442 Y97.189 E471.52334
G1 X99.169 Y97.257 E471.5327
G1 X98.901 Y97.352 E471.54216
G1 X98.649 Y97.473 E471.55146
G1 X98.41 Y97.616 E471.56072
G1 X98.185 Y97.783 E471.57004
G1 X97.972 Y97.972 E471.57951
G1 X97.783 Y98.185 E471.58898
G1 X97.616 Y98.41 E471.5983
G1 X97.473 Y98.649 E471.60757
G1 X97.352 Y98.901 E471.61686
G1 X97.257 Y99.169 E471.62632
G1 X97.189 Y99.442 E471.63568
G1 X97.148 Y99.722 E471.64509
G1 X97.136 Y100 E471.65435
G1 X97.148 Y100.278 E471.6636
G1 X97.189 Y100.558 E471.67301
G1 X97.257 Y100.831 E471.68237
G1 X97.352 Y101.099 E471.69183
G1 X97.473 Y101.351 E471.70112
G1 X97.616 Y101.59 E471.71039
G1 X97.783 Y101.815 E471.71971
G1 X97.972 Y102.028 E471.72918
G1 X98.185 Y102.217 E471.73865
G1 X98.41 Y102.384 E471.74797
G1 X98.649 Y102.527 E471.75723
G1 X98.901 Y102.648 E471.76653
G1 X99.169 Y102.743 E471.77599
G1 X99.442 Y102.811 E471.78535
G1 X99.722 Y102.852 E471.79476
G1 X100 Y102.864 E471.80401
G1 X100.278 Y102.852 E471.81327
G1 X100.558 Y102.811 E471.82268
G1 X100.831 Y102.743 E471.83204
G1 X101.099 Y102.648 E471.84149
G1 X101.351 Y102.527 E471.85079
G1 X101.59 Y102.384 E471.86006
G1 X101.815 Y102.217 E471.86937
G1 X102.028 Y102.028 E471.87885
G0 F7200 X105.636 Y105.929
G1 F1200 X105.929 Y105.636 E471.89263
G0 F7200 X105.929 Y105.071
G1 F1200 X105.071 Y105.929 E471.93299
G0 F7200 X104.505 Y105.929
G1 F1200 X105.929 Y104.505 E471.99997
G0 F7200 X105.929 Y103.939
G1 F1200 X103.939 Y105.929 E472.09357
G0 F7200 X103.374 Y105.929
G1 F1200 X105.929 Y103.374 E472.21375
G0 F7200 X105.929 Y102.808
G1 F1200 X102.808 Y105.929 E472.36055
G0 F7200 X102.242 Y105.929
G1 F1200 X105.929 Y102.242 E472.53398
G0 F7200 X105.929 Y101.677
G1 F1200 X101.677 Y105.929 E472.73398
G0 F7200 X101.111 Y105.929
G1 F1200 X105.929 Y101.111 E472.9606
G0 F7200 X105.929 Y100.545
G1 F1200 X100.545 Y105.929 E473.21385
G0 F7200 X99.979 Y105.929
G1 F1200 X105.929 Y99.979 E473.49372
G0 F7200 X105.929 Y99.414
G1 F1200 X99.414 Y105.929 E473.80016
G0 F7200 X98.848 Y105.929
G1 F1200 X105.929 Y98.848 E474.13323
G0 F7200 X105.929 Y98.282
G1 F1200 X102.551 Y101.66 E474.29212
G1 X102.481 Y101.73
G0 F7200 X102.964 Y100.682
G1 F1200 X105.929 Y97.717 E474.43159
G0 F7200 X105.929 Y97.151
G1 F1200 X103.042 Y100.038 E474.56738
G0 F7200 X103.002 Y99.512
G1 F1200 X105.929 Y96.585 E474.70506
G0 F7200 X105.929 Y96.02
G1 F1200 X102.893 Y99.055 E474.84784
G0 F7200 X102.729 Y98.654
G1 F1200 X105.929 Y95.454 E474.99836
G0 F7200 X105.929 Y94.888
G1 F1200 X102.523 Y98.294 E475.15857
G0 F7200 X102.274 Y97.978
G1 F1200 X105.929 Y94.323 E475.33049
G0 F7200 X105.617 Y94.069
G1 F1200 X101.988 Y97.698 E475.50118
G0 F7200 X101.667 Y97.453
G1 F1200 X105.051 Y94.069 E475.66036
G0 F7200 X104.485 Y94.069
G1 F1200 X101.303 Y97.251 E475.81003
G0 F7200 X100.899 Y97.09
G1 F1200 X103.919 Y94.069 E475.9521
G0 F7200 X103.354 Y94.069
G1 F1200 X100.433 Y96.99 E476.0895
G0 F7200 X99.897 Y96.96
G1 F1200 X102.788 Y94.069 E476.22548
G0 F7200 X102.222 Y94.069
G1 F1200 X99.238 Y97.053 E476.36584
G1 X99.168 Y97.123
G0 F7200 X98.12 Y97.606
G1 F1200 X101.657 Y94.069 E476.53221
G0 F7200 X101.091 Y94.069
G1 F1200 X94.069 Y101.091 E476.8625
G0 F7200 X94.069 Y100.525
G1 F1200 X100.525 Y94.069 E477.16617
G0 F7200 X99.96 Y94.069
G1 F1200 X94.069 Y99.96 E477.44327
G0 F7200 X94.069 Y99.394
G1 F1200 X99.394 Y94.069 E477.69374
G0 F7200 X98.828 Y94.069
G1 F1200 X94.069 Y98.828 E477.91759
G0 F7200 X94.069 Y98.263
G1 F1200 X98.263 Y94.069 E478.11486
G0 F7200 X97.697 Y94.069
G1 F1200 X94.069 Y97.697 E478.28551
G0 F7200 X94.069 Y97.131
G1 F1200 X97.131 Y94.069 E478.42954
G0 F7200 X96.566 Y94.069
G1 F1200 X94.069 Y96.566 E478.54699
G0 F7200 X94.069 Y96
G1 F1200 X96 Y94.069 E478.63782
G0 F7200 X95.434 Y94.069
G1 F1200 X94.069 Y95.434 E478.70202
G0 F7200 X94.069 Y94.868
G1 F1200 X94.868 Y94.069 E478.73961
G0 F7200 X94.303 Y94.069
G1 F1200 X94.069 Y94.303 E478.75061
G0 F7200 X97.605 Y98.121
G1 F1200 X94.069 Y101.657 E478.91694
G0 F7200 X94.069 Y102.222
G1 F1200 X97.053 Y99.239 E479.05727
G0 F7200 X96.959 Y99.898
G1 F1200 X94.069 Y102.788 E479.19321
G0 F7200 X94.069 Y103.354
G1 F1200 X96.989 Y100.434 E479.33055
G0 F7200 X97.09 Y100.899
G1 F1200 X94.069 Y103.919 E479.47263
G0 F7200 X94.069 Y104.485
G1 F1200 X97.251 Y101.304 E479.62228
G0 F7200 X97.452 Y101.668
G1 F1200 X94.069 Y105.051 E479.7814
G0 F7200 X94.069 Y105.617
G1 F1200 X97.697 Y101.989 E479.95205
G0 F7200 X97.978 Y102.273
G1 F1200 X94.323 Y105.929 E480.124
G0 F7200 X94.888 Y105.929
G1 F1200 X98.296 Y102.521 E480.2843
G0 F7200 X98.655 Y102.728
G1 F1200 X95.454 Y105.929 E480.43486
G0 F7200 X96.02 Y105.929
G1 F1200 X99.056 Y102.893 E480.57767
G0 F7200 X99.513 Y103.002
G1 F1200 X96.585 Y105.929 E480.71537
G0 F7200 X97.151 Y105.929
G1 F1200 X100.04 Y103.041 E480.85124
G0 F7200 X100.682 Y102.963
G1 F1200 X97.717 Y105.929 E480.99072
G0 F7200 X98.282 Y105.929
G1 F1200 X101.661 Y102.55 E481.14966
G1 X101.731 Y102.48
;MESH:NONMESH
G0 F7200 X102.114 Y100
G0 X102.024 Y99.387
G0 X101.759 Y98.826
G0 X101.34 Y98.365
G0 X100.863 Y98.079
G0 X98.989 Y97.564
;TIME_ELAPSED:633.204567
;LAYER:30
;MESH:Push.stl
G0 X98.989 Y97.564 Z6.972
;TYPE:WALL-INNER
G1 F2400 X98.755 Y97.677 E481.1583
G1 X98.537 Y97.807 E481.16675
G1 X98.329 Y97.961 E481.17535
G1 X98.136 Y98.136 E481.18402
G1 X97.961 Y98.329 E481.19268
G1 X97.807 Y98.537 E481.20129
G1 X97.677 Y98.755 E481.20973
G1 X97.564 Y98.989 E481.21838
G1 X97.476 Y99.239 E481.22719
G1 X97.415 Y99.483 E481.23556
G1 X97.376 Y99.74 E481.2442
G1 X97.365 Y100 E481.25286
G1 X97.376 Y100.26 E481.26151
G1 X97.415 Y100.517 E481.27016
G1 X97.476 Y100.761 E481.27852
G1 X97.564 Y101.011 E481.28734
G1 X97.677 Y101.245 E481.29598
G1 X97.807 Y101.463 E481.30442
G1 X97.961 Y101.671 E481.31303
G1 X98.136 Y101.864 E481.3217
G1 X98.329 Y102.039 E481.33036
G1 X98.537 Y102.193 E481.33897
G1 X98.755 Y102.323 E481.34741
G1 X98.989 Y102.436 E481.35606
G1 X99.239 Y102.524 E481.36487
G1 X99.483 Y102.585 E481.37324
G1 X99.74 Y102.624 E481.38188
G1 X100 Y102.635 E481.39054
G1 X100.26 Y102.624 E481.39919
G1 X100.517 Y102.585 E481.40784
G1 X100.761 Y102.524 E481.4162
G1 X101.011 Y102.436 E481.42502
G1 X101.245 Y102.323 E481.43366
G1 X101.463 Y102.193 E481.4421
G1 X101.671 Y102.039 E481.45071
G1 X101.864 Y101.864 E481.45938
G1 X102.039 Y101.671 E481.46804
G1 X102.193 Y101.463 E481.47665
G1 X102.323 Y101.245 E481.48509
G1 X102.436 Y101.011 E481.49373
G1 X102.524 Y100.761 E481.50255
G1 X102.585 Y100.517 E481.51091
G1 X102.624 Y100.26 E481.51956
G1 X102.635 Y100 E481.52822
G1 X102.624 Y99.74 E481.53687
G1 X102.585 Y99.483 E481.54552
G1 X102.524 Y99.239 E481.55388
G1 X102.436 Y98.989 E481.5627
G1 X102.323 Y98.755 E481.57134
G1 X102.193 Y98.537 E481.57978
G1 X102.039 Y98.329 E481.58839
G1 X101.864 Y98.136 E481.59706
G1 X101.671 Y97.961 E481.60572
G1 X101.463 Y97.807 E481.61433
G1 X101.245 Y97.677 E481.62277
G1 X101.011 Y97.564 E481.63141
G1 X100.761 Y97.476 E481.64023
G1 X100.517 Y97.415 E481.64859
G1 X100.26 Y97.376 E481.65724
G1 X100 Y97.365 E481.66589
G1 X99.74 Y97.376 E481.67455
G1 X99.483 Y97.415 E481.6832
G1 X99.239 Y97.476 E481.69156
G1 X98.989 Y97.564 E481.70038
G0 F7200 X99.143 Y97.934
G1 F2400 X98.944 Y98.03 E481.70772
G1 X98.759 Y98.14 E481.71488
G1 X98.583 Y98.271 E481.72218
G1 X98.419 Y98.419 E481.72953
G1 X98.271 Y98.583 E481.73688
G1 X98.14 Y98.759 E481.74417
G1 X98.03 Y98.944 E481.75133
G1 X97.934 Y99.143 E481.75868
G1 X97.86 Y99.354 E481.76612
G1 X97.808 Y99.562 E481.77325
G1 X97.775 Y99.779 E481.78055
G1 X97.765 Y100 E481.78791
G1 X97.775 Y100.221 E481.79526
G1 X97.808 Y100.438 E481.80257
G1 X97.86 Y100.646 E481.8097
G1 X97.934 Y100.857 E481.81713
G1 X98.03 Y101.056 E481.82448
G1 X98.14 Y101.241 E481.83164
G1 X98.271 Y101.417 E481.83894
G1 X98.419 Y101.581 E481.84629
G1 X98.583 Y101.729 E481.85363
G1 X98.759 Y101.86 E481.86093
G1 X98.944 Y101.97 E481.86809
G1 X99.143 Y102.066 E481.87544
G1 X99.354 Y102.14 E481.88287
G1 X99.562 Y102.192 E481.89001
G1 X99.779 Y102.225 E481.89731
G1 X100 Y102.235 E481.90466
G1 X100.221 Y102.225 E481.91202
G1 X100.438 Y102.192 E481.91932
G1 X100.646 Y102.14 E481.92645
G1 X100.857 Y102.066 E481.93389
G1 X101.056 Y101.97 E481.94124
G1 X101.241 Y101.86 E481.9484
G1 X101.417 Y101.729 E481.95569
G1 X101.581 Y101.581 E481.96304
G1 X101.729 Y101.417 E481.97039
G1 X101.86 Y101.241 E481.97769
G1 X101.97 Y101.056 E481.98485
G1 X102.066 Y100.857 E481.99219
G1 X102.14 Y100.646 E481.99963
G1 X102.192 Y100.438 E482.00676
G1 X102.225 Y100.221 E482.01406
G1 X102.235 Y100 E482.02142
G1 X102.225 Y99.779 E482.02878
G1 X102.192 Y99.562 E482.03608
G1 X102.14 Y99.354 E482.04321
G1 X102.066 Y99.143 E482.05065
G1 X101.97 Y98.944 E482.058
G1 X101.86 Y98.759 E482.06515
G1 X101.729 Y98.583 E482.07245
G1 X101.581 Y98.419 E482.0798
G1 X101.417 Y98.271 E482.08715
G1 X101.241 Y98.14 E482.09444
G1 X101.056 Y98.03 E482.1016
G1 X100.857 Y97.934 E482.10895
G1 X100.646 Y97.86 E482.11639
G1 X100.438 Y97.808 E482.12352
G1 X100.221 Y97.775 E482.13082
G1 X100 Y97.765 E482.13818
G1 X99.779 Y97.775 E482.14554
G1 X99.562 Y97.808 E482.15284
G1 X99.354 Y97.86 E482.15997
G1 X99.143 Y97.934 E482.1674
G0 F7200 X99.297 Y98.304
;TYPE:WALL-OUTER
G1 F1200 X99.134 Y98.383 E482.17343
G1 X98.981 Y98.474 E482.17935
G1 X98.836 Y98.581 E482.18534
G1 X98.702 Y98.702 E482.19135
G1 X98.581 Y98.836 E482.19735
G1 X98.474 Y98.981 E482.20335
G1 X98.383 Y99.134 E482.20927
G1 X98.304 Y99.297 E482.21529
G1 X98.244 Y99.469 E482.22135
G1 X98.201 Y99.641 E482.22725
G1 X98.174 Y99.819 E482.23324
G1 X98.165 Y100 E482.23926
G1 X98.174 Y100.181 E482.24529
G1 X98.201 Y100.359 E482.25128
G1 X98.244 Y100.531 E482.25718
G1 X98.304 Y100.703 E482.26323
G1 X98.383 Y100.866 E482.26926
G1 X98.474 Y101.019 E482.27518
G1 X98.581 Y101.164 E482.28117
G1 X98.702 Y101.298 E482.28718
G1 X98.836 Y101.419 E482.29318
G1 X98.981 Y101.526 E482.29918
G1 X99.134 Y101.617 E482.3051
G1 X99.297 Y101.696 E482.31112
G1 X99.469 Y101.756 E482.31718
G1 X99.641 Y101.799 E482.32308
G1 X99.819 Y101.826 E482.32907
G1 X100 Y101.835 E482.33509
G1 X100.181 Y101.826 E482.34112
G1 X100.359 Y101.799 E482.34711
G1 X100.531 Y101.756 E482.35301
G1 X100.703 Y101.696 E482.35907
G1 X100.866 Y101.617 E482.36509
G1 X101.019 Y101.526 E482.37101
G1 X101.164 Y101.419 E482.377
G1 X101.298 Y101.298 E482.38301
G1 X101.419 Y101.164 E482.38901
G1 X101.526 Y101.019 E482.39501
G1 X101.617 Y100.866 E482.40093
G1 X101.696 Y100.703 E482.40695
G1 X101.756 Y100.531 E482.41301
G1 X101.799 Y100.359 E482.41891
G1 X101.826 Y100.181 E482.4249
G1 X101.835 Y100 E482.43092
G1 X101.826 Y99.819 E482.43695
G1 X101.799 Y99.641 E482.44294
G1 X101.756 Y99.469 E482.44884
G1 X101.696 Y99.297 E482.4549
G1 X101.617 Y99.134 E482.46092
G1 X101.526 Y98.981 E482.46684
G1 X101.419 Y98.836 E482.47283
G1 X101.298 Y98.702 E482.47884
G1 X101.164 Y98.581 E482.48484
G1 X101.019 Y98.474 E482.49084
G1 X100.866 Y98.383 E482.49676
G1 X100.703 Y98.304 E482.50278
G1 X100.531 Y98.244 E482.50884
G1 X100.359 Y98.201 E482.51474
G1 X100.181 Y98.174 E482.52073
G1 X100 Y98.165 E482.52676
G1 X99.819 Y98.174 E482.53278
G1 X99.641 Y98.201 E482.53877
G1 X99.469 Y98.244 E482.54467
G1 X99.297 Y98.304 E482.55073
G0 F7200 X99.134 Y98.383
G0 X99.118 Y98.392
G0 X98.895 Y98.014
G0 X98.865 Y97.96
G0 X99.776 Y97.736
G0 X100.445 Y97.769
G0 X101.074 Y97.995
G0 X101.609 Y98.391
G0 X101.833 Y98.693
G0 X106.5 Y106.5
;TYPE:WALL-INNER
G1 F2400 X93.5 Y106.5 E482.98311
G1 X93.5 Y93.5 E483.41549
G1 X106.5 Y93.5 E483.84787
G1 X106.5 Y106.5 E484.28025
G0 F7200 X106.9 Y106.9
G1 F2400 X93.1 Y106.9 E484.73924
G1 X93.1 Y93.1 E485.19823
G1 X106.9 Y93.1 E485.65722
G1 X106.9 Y106.9 E486.11621
G0 F7200 X107.3 Y107.3
;TYPE:WALL-OUTER
G1 F1200 X92.7 Y107.3 E486.60181
G1 X92.7 Y92.7 E487.08741
G1 X107.3 Y92.7 E487.57301
G1 X107.3 Y107.3 E488.0586
G0 F7200 X107.1 Y107.3
G0 X106.86 Y106.86
G0 X106.8 Y106.86
G0 X106.11 Y106.11
;TYPE:SKIN
G1 F1200 X93.89 Y106.11 E488.46504
G1 X93.89 Y93.89 E488.87148
G1 X106.11 Y93.89 E489.27792
G1 X106.11 Y106.11 E489.68436
G0 F7200 X102.141 Y102.141
G1 F1200 X102.341 Y101.919 E489.6943
G1 X102.518 Y101.679 E489.70422
G1 X102.666 Y101.43 E489.71385
G1 X102.797 Y101.161 E489.7238
G1 X102.898 Y100.874 E489.73392
G1 X102.968 Y100.593 E489.74355
G1 X103.012 Y100.297 E489.75351
G1 X103.025 Y100 E489.76339
G1 X103.012 Y99.703 E489.77328
G1 X102.968 Y99.407 E489.78324
G1 X102.898 Y99.126 E489.79287
G1 X102.797 Y98.839 E489.80299
G1 X102.666 Y98.57 E489.81294
G1 X102.518 Y98.321 E489.82257
G1 X102.341 Y98.081 E489.83249
G1 X102.141 Y97.859 E489.84243
G1 X101.919 Y97.659 E489.85237
G1 X101.679 Y97.482 E489.86229
G1 X101.43 Y97.334 E489.87192
G1 X101.161 Y97.203 E489.88187
G1 X100.874 Y97.102 E489.89199
G1 X100.593 Y97.032 E489.90162
G1 X100.297 Y96.988 E489.91158
G1 X100 Y96.975 E489.92146
G1 X99.703 Y96.988 E489.93135
G1 X99.407 Y97.032 E489.9413
G1 X99.126 Y97.102 E489.95094
G1 X98.839 Y97.203 E489.96106
G1 X98.57 Y97.334 E489.97101
G1 X98.321 Y97.482 E489.98064
G1 X98.081 Y97.659 E489.99056
G1 X97.859 Y97.859 E490.0005
G1 X97.659 Y98.081 E490.01044
G1 X97.482 Y98.321 E490.02036
G1 X97.334 Y98.57 E490.02999
G1 X97.203 Y98.839 E490.03994
G1 X97.102 Y99.126 E490.05006
G1 X97.032 Y99.407 E490.05969
G1 X96.988 Y99.703 E490.06965
G1 X96.975 Y100 E490.07953
G1 X96.988 Y100.297 E490.08942
G1 X97.032 Y100.593 E490.09937
G1 X97.102 Y100.874 E490.10901
G1 X97.203 Y101.161 E490.11913
G1 X97.334 Y101.43 E490.12908
G1 X97.482 Y101.679 E490.13871
G1 X97.659 Y101.919 E490.14863
G1 X97.859 Y102.141 E490.15857
G1 X98.081 Y102.341 E490.16851
G1 X98.321 Y102.518 E490.17842
G1 X98.57 Y102.666 E490.18806
G1 X98.839 Y102.797 E490.19801
G1 X99.126 Y102.898 E490.20813
G1 X99.407 Y102.968 E490.21776
G1 X99.703 Y103.012 E490.22771
G1 X100 Y103.025 E490.2376
G1 X100.297 Y103.012 E490.24749
G1 X100.593 Y102.968 E490.25744
G1 X100.874 Y102.898 E490.26708
G1 X101.161 Y102.797 E490.27719
G1 X101.43 Y102.666 E490.28715
G1 X101.679 Y102.518 E490.29678
G1 X101.919 Y102.341 E490.3067
G1 X102.141 Y102.141 E490.31664
G0 F7200 X105.929 Y94.615
G1 F1200 X105.383 Y94.069 E490.34232
G0 F7200 X104.817 Y94.069
G1 F1200 X105.929 Y95.181 E490.39462
G0 F7200 X105.929 Y95.747
G1 F1200 X104.252 Y94.069 E490.47353
G0 F7200 X103.686 Y94.069
G1 F1200 X105.929 Y96.312 E490.57903
G0 F7200 X105.929 Y96.878
G1 F1200 X103.12 Y94.069 E490.71116
G0 F7200 X102.555 Y94.069
G1 F1200 X105.929 Y97.444 E490.86989
G0 F7200 X105.929 Y98.009
G1 F1200 X101.989 Y94.069 E491.05521
G0 F7200 X101.423 Y94.069
G1 F1200 X105.929 Y98.575 E491.26716
G0 F7200 X105.929 Y99.141
G1 F1200 X100.858 Y94.069 E491.50571
G0 F7200 X100.292 Y94.069
G1 F1200 X105.929 Y99.707 E491.77088
G0 F7200 X105.929 Y100.272
G1 F1200 X99.726 Y94.069 E492.06265
G0 F7200 X99.161 Y94.069
G1 F1200 X105.929 Y100.838 E492.38102
G0 F7200 X105.929 Y101.404
G1 F1200 X102.366 Y97.84 E492.54863
G0 F7200 X102.155 Y97.63
G1 F1200 X98.595 Y94.069 E492.71611
G0 F7200 X98.029 Y94.069
G1 F1200 X100.877 Y96.918 E492.85009
G0 F7200 X100.197 Y96.803
G1 F1200 X97.464 Y94.069 E492.97867
G0 F7200 X96.898 Y94.069
G1 F1200 X99.643 Y96.814 E493.10779
G0 F7200 X99.168 Y96.905
G1 F1200 X96.332 Y94.069 E493.24118
G0 F7200 X95.767 Y94.069
G1 F1200 X98.744 Y97.047 E493.38123
G0 F7200 X98.371 Y97.24
G1 F1200 X95.201 Y94.069 E493.53037
G0 F7200 X94.635 Y94.069
G1 F1200 X98.033 Y97.468 E493.69022
G0 F7200 X97.73 Y97.73
G1 F1200 X94.069 Y94.069 E493.86242
G0 F7200 X94.069 Y94.635
G1 F1200 X97.469 Y98.034 E494.02232
G0 F7200 X97.241 Y98.372
G1 F1200 X94.069 Y95.201 E494.1715
G0 F7200 X94.069 Y95.767
G1 F1200 X97.048 Y98.746 E494.31163
G0 F7200 X96.906 Y99.168
G1 F1200 X94.069 Y96.332 E494.44505
G0 F7200 X94.069 Y96.898
G1 F1200 X96.815 Y99.644 E494.57421
G0 F7200 X96.804 Y100.198
G1 F1200 X94.069 Y97.464 E494.70283
G0 F7200 X94.069 Y98.029
G1 F1200 X96.918 Y100.878 E494.83684
G1 X96.988 Y100.948
G0 F7200 X97.63 Y102.156
G1 F1200 X94.069 Y98.595 E495.00434
G0 F7200 X94.069 Y99.161
G1 F1200 X100.838 Y105.929 E495.32271
G0 F7200 X101.404 Y105.929
G1 F1200 X97.841 Y102.367 E495.49028
G1 X97.771 Y102.297
G0 F7200 X99.121 Y103.081
G1 F1200 X101.969 Y105.929 E495.62424
G1 X102.039 Y105.999
G0 F7200 X100.272 Y105.929
G1 F1200 X94.069 Y99.726 E495.91601
G0 F7200 X94.069 Y100.292
G1 F1200 X99.707 Y105.929 E496.18118
G0 F7200 X99.141 Y105.929
G1 F1200 X94.069 Y100.858 E496.41973
G0 F7200 X94.069 Y101.423
G1 F1200 X98.575 Y105.929 E496.63167
G0 F7200 X98.009 Y105.929
G1 F1200 X94.069 Y101.989 E496.817
G0 F7200 X94.069 Y102.555
G1 F1200 X97.444 Y105.929 E496.97573
G0 F7200 X96.878 Y105.929
G1 F1200 X94.069 Y103.12 E497.10785
G0 F7200 X94.069 Y103.686
G1 F1200 X96.312 Y105.929 E497.21336
G0 F7200 X95.747 Y105.929
G1 F1200 X94.069 Y104.252 E497.29226
G0 F7200 X94.069 Y104.817
G1 F1200 X95.181 Y105.929 E497.34457
G0 F7200 X94.615 Y105.929
G1 F1200 X94.069 Y105.383 E497.37025
G0 F7200 X99.801 Y103.195
G1 F1200 X102.535 Y105.929 E497.49885
G0 F7200 X103.101 Y105.929
G1 F1200 X100.356 Y103.184 E497.62796
G0 F7200 X100.831 Y103.094
G1 F1200 X103.666 Y105.929 E497.76131
G0 F7200 X104.232 Y105.929
G1 F1200 X101.254 Y102.951 E497.90139
G0 F7200 X101.626 Y102.758
G1 F1200 X104.798 Y105.929 E498.05057
G0 F7200 X105.363 Y105.929
G1 F1200 X101.965 Y102.531 E498.2104
G0 F7200 X102.268 Y102.268
G1 F1200 X105.929 Y105.929 E498.3826
G0 F7200 X105.929 Y105.363
G1 F1200 X102.53 Y101.964 E498.54248
G0 F7200 X102.757 Y101.626
G1 F1200 X105.929 Y104.798 E498.69168
G0 F7200 X105.929 Y104.232
G1 F1200 X102.95 Y101.253 E498.8318
G0 F7200 X103.093 Y100.83
G1 F1200 X105.929 Y103.666 E498.9652
G0 F7200 X105.929 Y103.101
G1 F1200 X103.183 Y100.355 E499.09436
G0 F7200 X103.195 Y99.801
G1 F1200 X105.929 Y102.535 E499.22296
G0 F7200 X105.929 Y101.969
G1 F1200 X103.08 Y99.12 E499.35697
G1 X103.01 Y99.05
;MESH:NONMESH
G0 F7200 X100.872 Y97.898
G0 X100.348 Y97.768
G0 X98.426 Y97.641
;TIME_ELAPSED:659.052297
;LAYER:31
;MESH:Push.stl
G0 X98.426 Y97.641 Z7.172
;TYPE:WALL-INNER
G1 F2400 X98.201 Y97.809 E499.36631
G1 X97.995 Y97.995 E499.37554
G1 X97.809 Y98.201 E499.38477
G1 X97.641 Y98.426 E499.39411
G1 X97.499 Y98.666 E499.40339
G1 X97.38 Y98.915 E499.41257
G1 X97.287 Y99.178 E499.42184
G1 X97.219 Y99.447 E499.43107
G1 X97.178 Y99.72 E499.44026
G1 X97.165 Y100 E499.44958
G1 X97.178 Y100.28 E499.4589
G1 X97.219 Y100.553 E499.46808
G1 X97.287 Y100.822 E499.47731
G1 X97.38 Y101.085 E499.48659
G1 X97.499 Y101.334 E499.49577
G1 X97.641 Y101.574 E499.50504
G1 X97.809 Y101.799 E499.51438
G1 X97.995 Y102.005 E499.52361
G1 X98.201 Y102.191 E499.53285
G1 X98.426 Y102.359 E499.54218
G1 X98.666 Y102.501 E499.55146
G1 X98.915 Y102.62 E499.56064
G1 X99.178 Y102.713 E499.56992
G1 X99.447 Y102.781 E499.57915
G1 X99.72 Y102.822 E499.58833
G1 X100 Y102.835 E499.59765
G1 X100.28 Y102.822 E499.60697
G1 X100.553 Y102.781 E499.61615
G1 X100.822 Y102.713 E499.62538
G1 X101.085 Y102.62 E499.63466
G1 X101.334 Y102.501 E499.64384
G1 X101.574 Y102.359 E499.65312
G1 X101.799 Y102.191 E499.66245
G1 X102.005 Y102.005 E499.67169
G1 X102.191 Y101.799 E499.68092
G1 X102.359 Y101.574 E499.69026
G1 X102.501 Y101.334 E499.69953
G1 X102.62 Y101.085 E499.70871
G1 X102.713 Y100.822 E499.71799
G1 X102.781 Y100.553 E499.72722
G1 X102.822 Y100.28 E499.7364
G1 X102.835 Y100 E499.74572
G1 X102.822 Y99.72 E499.75504
G1 X102.781 Y99.447 E499.76423
G1 X102.713 Y99.178 E499.77346
G1 X102.62 Y98.915 E499.78273
G1 X102.501 Y98.666 E499.79191
G1 X102.359 Y98.426 E499.80119
G1 X102.191 Y98.201 E499.81053
G1 X102.005 Y97.995 E499.81976
G1 X101.799 Y97.809 E499.82899
G1 X101.574 Y97.641 E499.83833
G1 X101.334 Y97.499 E499.8476
G1 X101.085 Y97.38 E499.85678
G1 X100.822 Y97.287 E499.86606
G1 X100.553 Y97.219 E499.87529
G1 X100.28 Y97.178 E499.88447
G1 X100 Y97.165 E499.89379
G1 X99.72 Y97.178 E499.90312
G1 X99.447 Y97.219 E499.9123
G1 X99.178 Y97.287 E499.92153
G1 X98.915 Y97.38 E499.93081
G1 X98.666 Y97.499 E499.93998
G1 X98.426 Y97.641 E499.94926
G0 F7200 X98.648 Y97.974
G1 F2400 X98.455 Y98.118 E499.95727
G1 X98.278 Y98.278 E499.9652
G1 X98.118 Y98.455 E499.97314
G1 X97.974 Y98.648 E499.98115
G1 X97.852 Y98.854 E499.98911
G1 X97.75 Y99.068 E499.997
G1 X97.67 Y99.294 E500.00497
G1 X97.612 Y99.525 E500.01289
G1 X97.577 Y99.76 E500.02079
G1 X97.565 Y100 E500.02879
G1 X97.577 Y100.24 E500.03678
G1 X97.612 Y100.475 E500.04468
G1 X97.67 Y100.706 E500.0526
G1 X97.75 Y100.932 E500.06058
G1 X97.852 Y101.146 E500.06846
G1 X97.974 Y101.352 E500.07642
G1 X98.118 Y101.545 E500.08443
G1 X98.278 Y101.722 E500.09237
G1 X98.455 Y101.882 E500.10031
G1 X98.648 Y102.026 E500.10831
G1 X98.854 Y102.148 E500.11628
G1 X99.068 Y102.25 E500.12416
G1 X99.294 Y102.33 E500.13214
G1 X99.525 Y102.388 E500.14006
G1 X99.76 Y102.423 E500.14796
G1 X100 Y102.435 E500.15595
G1 X100.24 Y102.423 E500.16395
G1 X100.475 Y102.388 E500.17185
G1 X100.706 Y102.33 E500.17977
G1 X100.932 Y102.25 E500.18774
G1 X101.146 Y102.148 E500.19563
G1 X101.352 Y102.026 E500.20359
G1 X101.545 Y101.882 E500.2116
G1 X101.722 Y101.722 E500.21954
G1 X101.882 Y101.545 E500.22747
G1 X102.026 Y101.352 E500.23548
G1 X102.148 Y101.146 E500.24344
G1 X102.25 Y100.932 E500.25133
G1 X102.33 Y100.706 E500.2593
G1 X102.388 Y100.475 E500.26722
G1 X102.423 Y100.24 E500.27513
G1 X102.435 Y100 E500.28312
G1 X102.423 Y99.76 E500.29111
G1 X102.388 Y99.525 E500.29901
G1 X102.33 Y99.294 E500.30693
G1 X102.25 Y99.068 E500.31491
G1 X102.148 Y98.854 E500.32279
G1 X102.026 Y98.648 E500.33076
G1 X101.882 Y98.455 E500.33877
G1 X101.722 Y98.278 E500.3467
G1 X101.545 Y98.118 E500.35464
G1 X101.352 Y97.974 E500.36265
G1 X101.146 Y97.852 E500.37061
G1 X100.932 Y97.75 E500.37849
G1 X100.706 Y97.67 E500.38647
G1 X100.475 Y97.612 E500.39439
G1 X100.24 Y97.577 E500.40229
G1 X100 Y97.565 E500.41028
G1 X99.76 Y97.577 E500.41828
G1 X99.525 Y97.612 E500.42618
G1 X99.294 Y97.67 E500.4341
G1 X99.068 Y97.75 E500.44207
G1 X98.854 Y97.852 E500.44996
G1 X98.648 Y97.974 E500.45792
G0 F7200 X98.87 Y98.307
;TYPE:WALL-OUTER
G1 F1200 X98.709 Y98.427 E500.4646
G1 X98.561 Y98.561 E500.47124
G1 X98.427 Y98.709 E500.47788
G1 X98.307 Y98.87 E500.48456
G1 X98.205 Y99.042 E500.49121
G1 X98.12 Y99.221 E500.4978
G1 X98.053 Y99.409 E500.50444
G1 X98.005 Y99.603 E500.51109
G1 X97.975 Y99.8 E500.51771
G1 X97.965 Y100 E500.52438
G1 X97.975 Y100.2 E500.53104
G1 X98.005 Y100.397 E500.53766
G1 X98.053 Y100.591 E500.54431
G1 X98.12 Y100.779 E500.55095
G1 X98.205 Y100.958 E500.55754
G1 X98.307 Y101.13 E500.56419
G1 X98.427 Y101.291 E500.57087
G1 X98.561 Y101.439 E500.57751
G1 X98.709 Y101.573 E500.58415
G1 X98.87 Y101.693 E500.59083
G1 X99.042 Y101.795 E500.59748
G1 X99.221 Y101.88 E500.60407
G1 X99.409 Y101.947 E500.61071
G1 X99.603 Y101.995 E500.61736
G1 X99.8 Y102.025 E500.62398
G1 X100 Y102.035 E500.63064
G1 X100.2 Y102.025 E500.6373
G1 X100.397 Y101.995 E500.64393
G1 X100.591 Y101.947 E500.65058
G1 X100.779 Y101.88 E500.65722
G1 X100.958 Y101.795 E500.66381
G1 X101.13 Y101.693 E500.67046
G1 X101.291 Y101.573 E500.67714
G1 X101.439 Y101.439 E500.68378
G1 X101.573 Y101.291 E500.69042
G1 X101.693 Y101.13 E500.6971
G1 X101.795 Y100.958 E500.70375
G1 X101.88 Y100.779 E500.71034
G1 X101.947 Y100.591 E500.71698
G1 X101.995 Y100.397 E500.72362
G1 X102.025 Y100.2 E500.73025
G1 X102.035 Y100 E500.73691
G1 X102.025 Y99.8 E500.74357
G1 X101.995 Y99.603 E500.7502
G1 X101.947 Y99.409 E500.75685
G1 X101.88 Y99.221 E500.76348
G1 X101.795 Y99.042 E500.77008
G1 X101.693 Y98.87 E500.77673
G1 X101.573 Y98.709 E500.78341
G1 X101.439 Y98.561 E500.79005
G1 X101.291 Y98.427 E500.79669
G1 X101.13 Y98.307 E500.80336
G1 X100.958 Y98.205 E500.81002
G1 X100.779 Y98.12 E500.81661
G1 X100.591 Y98.053 E500.82324
G1 X100.397 Y98.005 E500.82989
G1 X100.2 Y97.975 E500.83652
G1 X100 Y97.965 E500.84318
G1 X99.8 Y97.975 E500.84984
G1 X99.603 Y98.005 E500.85647
G1 X99.409 Y98.053 E500.86311
G1 X99.221 Y98.12 E500.86975
G1 X99.042 Y98.205 E500.87634
G1 X98.87 Y98.307 E500.88299
G0 F7200 X98.709 Y98.427
G0 X98.43 Y98.088
G0 X98.392 Y98.041
G0 X99.283 Y97.632
G0 X100 Y97.525
G0 X100.717 Y97.632
G0 X101.374 Y97.941
G0 X101.912 Y98.43
G0 X106.5 Y106.5
;TYPE:WALL-INNER
G1 F2400 X93.5 Y106.5 E501.31538
G1 X93.5 Y93.5 E501.74776
G1 X106.5 Y93.5 E502.18014
G1 X106.5 Y106.5 E502.61252
G0 F7200 X106.9 Y106.9
G1 F2400 X93.1 Y106.9 E503.07151
G1 X93.1 Y93.1 E503.5305
G1 X106.9 Y93.1 E503.98949
G1 X106.9 Y106.9 E504.44848
G0 F7200 X107.3 Y107.3
;TYPE:WALL-OUTER
G1 F1200 X92.7 Y107.3 E504.93408
G1 X92.7 Y92.7 E505.41968
G1 X107.3 Y92.7 E505.90527
G1 X107.3 Y107.3 E506.39087
G0 F7200 X107.1 Y107.3
G0 X106.86 Y106.86
G0 X106.8 Y106.86
G0 X106.11 Y106.11
;TYPE:SKIN
G1 F1200 X93.89 Y106.11 E506.79731
G1 X93.89 Y93.89 E507.20375
G1 X106.11 Y93.89 E507.61019
G1 X106.11 Y106.11 E508.01663
G0 F7200 X102.282 Y102.282
G1 F1200 X102.493 Y102.047 E508.02713
G1 X102.684 Y101.791 E508.03776
G1 X102.846 Y101.517 E508.04834
G1 X102.981 Y101.235 E508.05874
G1 X103.087 Y100.935 E508.06932
G1 X103.164 Y100.629 E508.07982
G1 X103.21 Y100.319 E508.09024
G1 X103.225 Y100 E508.10086
G1 X103.21 Y99.681 E508.11149
G1 X103.164 Y99.371 E508.12191
G1 X103.087 Y99.065 E508.1324
G1 X102.981 Y98.765 E508.14299
G1 X102.846 Y98.483 E508.15339
G1 X102.684 Y98.209 E508.16397
G1 X102.493 Y97.953 E508.1746
G1 X102.282 Y97.718 E508.1851
G1 X102.047 Y97.507 E508.19561
G1 X101.791 Y97.316 E508.20623
G1 X101.517 Y97.154 E508.21682
G1 X101.235 Y97.019 E508.22721
G1 X100.935 Y96.913 E508.2378
G1 X100.629 Y96.836 E508.24829
G1 X100.319 Y96.79 E508.25872
G1 X100 Y96.775 E508.26934
G1 X99.681 Y96.79 E508.27996
G1 X99.371 Y96.836 E508.29038
G1 X99.065 Y96.913 E508.30088
G1 X98.765 Y97.019 E508.31146
G1 X98.483 Y97.154 E508.32186
G1 X98.209 Y97.316 E508.33245
G1 X97.953 Y97.507 E508.34307
G1 X97.718 Y97.718 E508.35357
G1 X97.507 Y97.953 E508.36408
G1 X97.316 Y98.209 E508.3747
G1 X97.154 Y98.483 E508.38529
G1 X97.019 Y98.765 E508.39569
G1 X96.913 Y99.065 E508.40627
G1 X96.836 Y99.371 E508.41676
G1 X96.79 Y99.681 E508.42719
G1 X96.775 Y100 E508.43781
G1 X96.79 Y100.319 E508.44843
G1 X96.836 Y100.629 E508.45885
G1 X96.913 Y100.935 E508.46935
G1 X97.019 Y101.235 E508.47993
G1 X97.154 Y101.517 E508.49033
G1 X97.316 Y101.791 E508.50092
G1 X97.507 Y102.047 E508.51154
G1 X97.718 Y102.282 E508.52205
G1 X97.953 Y102.493 E508.53255
G1 X98.209 Y102.684 E508.54317
G1 X98.483 Y102.846 E508.55376
G1 X98.765 Y102.981 E508.56416
G1 X99.065 Y103.087 E508.57474
G1 X99.371 Y103.164 E508.58524
G1 X99.681 Y103.21 E508.59566
G1 X100 Y103.225 E508.60628
G1 X100.319 Y103.21 E508.6169
G1 X100.629 Y103.164 E508.62733
G1 X100.935 Y103.087 E508.63782
G1 X101.235 Y102.981 E508.6484
G1 X101.517 Y102.846 E508.6588
G1 X101.791 Y102.684 E508.66939
G1 X102.047 Y102.493 E508.68001
G1 X102.282 Y102.282 E508.69052
G0 F7200 X105.636 Y105.929
G1 F1200 X105.929 Y105.636 E508.7043
G0 F7200 X105.929 Y105.071
G1 F1200 X105.071 Y105.929 E508.74466
G0 F7200 X104.505 Y105.929
G1 F1200 X105.929 Y104.505 E508.81164
G0 F7200 X105.929 Y103.939
G1 F1200 X103.939 Y105.929 E508.90524
G0 F7200 X103.374 Y105.929
G1 F1200 X105.929 Y103.374 E509.02542
G0 F7200 X105.929 Y102.808
G1 F1200 X102.808 Y105.929 E509.17222
G0 F7200 X102.242 Y105.929
G1 F1200 X105.929 Y102.242 E509.34565
G0 F7200 X105.929 Y101.677
G1 F1200 X101.677 Y105.929 E509.54565
G0 F7200 X101.111 Y105.929
G1 F1200 X105.929 Y101.111 E509.77227
G0 F7200 X105.929 Y100.545
G1 F1200 X100.545 Y105.929 E510.02552
G0 F7200 X99.979 Y105.929
G1 F1200 X105.929 Y99.979 E510.30539
G0 F7200 X105.929 Y99.414
G1 F1200 X99.414 Y105.929 E510.61184
G0 F7200 X98.848 Y105.929
G1 F1200 X102.101 Y102.676 E510.76485
G1 X102.171 Y102.606
G0 F7200 X102.678 Y102.099
G1 F1200 X105.929 Y98.848 E510.91776
G0 F7200 X105.929 Y98.282
G1 F1200 X103.27 Y100.942 E511.04286
G0 F7200 X103.392 Y100.254
G1 F1200 X105.929 Y97.717 E511.16219
G0 F7200 X105.929 Y97.151
G1 F1200 X103.389 Y99.691 E511.28166
G0 F7200 X103.307 Y99.207
G1 F1200 X105.929 Y96.585 E511.405
G0 F7200 X105.929 Y96.02
G1 F1200 X103.175 Y98.774 E511.53454
G0 F7200 X102.997 Y98.386
G1 F1200 X105.929 Y95.454 E511.67245
G0 F7200 X105.929 Y94.888
G1 F1200 X102.78 Y98.037 E511.82057
G0 F7200 X102.529 Y97.723
G1 F1200 X105.929 Y94.323 E511.98049
G0 F7200 X105.617 Y94.069
G1 F1200 X102.244 Y97.442 E512.13915
G0 F7200 X101.927 Y97.193
G1 F1200 X105.051 Y94.069 E512.28609
G0 F7200 X104.485 Y94.069
G1 F1200 X101.573 Y96.982 E512.42309
G0 F7200 X101.18 Y96.809
G1 F1200 X103.919 Y94.069 E512.55194
G0 F7200 X103.354 Y94.069
G1 F1200 X100.743 Y96.68 E512.67476
G0 F7200 X100.251 Y96.607
G1 F1200 X102.788 Y94.069 E512.79411
G0 F7200 X102.222 Y94.069
G1 F1200 X99.682 Y96.61 E512.91361
G0 F7200 X98.973 Y96.754
G1 F1200 X101.657 Y94.069 E513.03988
G0 F7200 X101.091 Y94.069
G1 F1200 X94.069 Y101.091 E513.37017
G0 F7200 X94.069 Y100.525
G1 F1200 X100.525 Y94.069 E513.67385
G0 F7200 X99.96 Y94.069
G1 F1200 X94.069 Y99.96 E513.95094
G0 F7200 X94.069 Y99.394
G1 F1200 X99.394 Y94.069 E514.20141
G0 F7200 X98.828 Y94.069
G1 F1200 X94.069 Y98.828 E514.42526
G0 F7200 X94.069 Y98.263
G1 F1200 X98.263 Y94.069 E514.62253
G0 F7200 X97.697 Y94.069
G1 F1200 X94.069 Y97.697 E514.79318
G0 F7200 X94.069 Y97.131
G1 F1200 X97.131 Y94.069 E514.93721
G0 F7200 X96.566 Y94.069
G1 F1200 X94.069 Y96.566 E515.05466
G0 F7200 X94.069 Y96
G1 F1200 X96 Y94.069 E515.14549
G0 F7200 X95.434 Y94.069
G1 F1200 X94.069 Y95.434 E515.2097
G0 F7200 X94.069 Y94.868
G1 F1200 X94.868 Y94.069 E515.24728
G0 F7200 X94.303 Y94.069
G1 F1200 X94.069 Y94.303 E515.25828
G0 F7200 X96.753 Y98.973
G1 F1200 X94.069 Y101.657 E515.38453
G0 F7200 X94.069 Y102.222
G1 F1200 X96.609 Y99.682 E515.50401
G0 F7200 X96.606 Y100.252
G1 F1200 X94.069 Y102.788 E515.62331
G0 F7200 X94.069 Y103.354
G1 F1200 X96.679 Y100.744 E515.74608
G0 F7200 X96.808 Y101.181
G1 F1200 X94.069 Y103.919 E515.87489
G0 F7200 X94.069 Y104.485
G1 F1200 X96.981 Y101.573 E516.01186
G0 F7200 X97.193 Y101.928
G1 F1200 X94.069 Y105.051 E516.15878
G0 F7200 X94.069 Y105.617
G1 F1200 X97.442 Y102.244 E516.31744
G0 F7200 X97.724 Y102.528
G1 F1200 X94.323 Y105.929 E516.47741
G0 F7200 X94.888 Y105.929
G1 F1200 X98.038 Y102.78 E516.62555
G0 F7200 X98.386 Y102.997
G1 F1200 X95.454 Y105.929 E516.76347
G0 F7200 X96.02 Y105.929
G1 F1200 X98.775 Y103.174 E516.89305
G0 F7200 X99.208 Y103.306
G1 F1200 X96.585 Y105.929 E517.01643
G0 F7200 X97.151 Y105.929
G1 F1200 X99.692 Y103.388 E517.13595
G0 F7200 X100.255 Y103.391
G1 F1200 X97.717 Y105.929 E517.25533
G0 F7200 X98.282 Y105.929
G1 F1200 X100.943 Y103.269 E517.38047
G1 X101.013 Y103.199
;MESH:NONMESH
G0 F7200 X98.626 Y102.059
G0 X98.088 Y101.57
G0 X97.714 Y100.947
G0 X97.538 Y100.243
G0 X97.565 Y99.657
G0 X98.042 Y97.608
;TIME_ELAPSED:684.540869
;LAYER:32
;MESH:Push.stl
G0 X98.042 Y97.608 Z7.372
;TYPE:WALL-INNER
G1 F2400 X97.815 Y97.815 E517.39069
G1 X97.608 Y98.042 E517.40091
G1 X97.432 Y98.285 E517.41089
G1 X97.276 Y98.54 E517.42083
G1 X97.145 Y98.819 E517.43108
G1 X97.043 Y99.104 E517.44115
G1 X97.039 Y99.123 E517.4418
G1 X96.97 Y99.398 E517.45123
G1 X96.925 Y99.697 E517.46128
G1 X96.912 Y100 E517.47137
G1 X96.925 Y100.303 E517.48146
G1 X96.97 Y100.602 E517.49151
G1 X97.043 Y100.896 E517.50159
G1 X97.145 Y101.181 E517.51166
G1 X97.276 Y101.46 E517.52191
G1 X97.432 Y101.715 E517.53185
G1 X97.608 Y101.958 E517.54183
G1 X97.815 Y102.185 E517.55205
G1 X98.042 Y102.392 E517.56227
G1 X98.285 Y102.568 E517.57225
G1 X98.54 Y102.724 E517.58219
G1 X98.819 Y102.855 E517.59244
G1 X99.104 Y102.957 E517.60251
G1 X99.123 Y102.961 E517.60315
G1 X99.398 Y103.03 E517.61258
G1 X99.697 Y103.075 E517.62264
G1 X100 Y103.088 E517.63273
G1 X100.303 Y103.075 E517.64282
G1 X100.602 Y103.03 E517.65287
G1 X100.896 Y102.957 E517.66295
G1 X101.181 Y102.855 E517.67302
G1 X101.46 Y102.724 E517.68327
G1 X101.715 Y102.568 E517.69321
G1 X101.958 Y102.392 E517.70319
G1 X102.185 Y102.185 E517.71341
G1 X102.392 Y101.958 E517.72362
G1 X102.568 Y101.715 E517.7336
G1 X102.724 Y101.46 E517.74355
G1 X102.855 Y101.181 E517.7538
G1 X102.957 Y100.896 E517.76387
G1 X102.961 Y100.877 E517.76451
G1 X103.03 Y100.602 E517.77394
G1 X103.075 Y100.303 E517.784
G1 X103.088 Y100 E517.79409
G1 X103.075 Y99.697 E517.80417
G1 X103.03 Y99.398 E517.81423
G1 X102.957 Y99.104 E517.8243
G1 X102.855 Y98.819 E517.83437
G1 X102.724 Y98.54 E517.84462
G1 X102.568 Y98.285 E517.85457
G1 X102.392 Y98.042 E517.86455
G1 X102.185 Y97.815 E517.87476
G1 X101.958 Y97.608 E517.88498
G1 X101.715 Y97.432 E517.89496
G1 X101.46 Y97.276 E517.9049
G1 X101.181 Y97.145 E517.91516
G1 X100.896 Y97.043 E517.92522
G1 X100.877 Y97.039 E517.92587
G1 X100.602 Y96.97 E517.9353
G1 X100.303 Y96.925 E517.94536
G1 X100 Y96.912 E517.95544
G1 X99.697 Y96.925 E517.96553
G1 X99.398 Y96.97 E517.97559
G1 X99.104 Y97.043 E517.98566
G1 X98.819 Y97.145 E517.99573
G1 X98.54 Y97.276 E518.00598
G1 X98.285 Y97.432 E518.01592
G1 X98.042 Y97.608 E518.0259
G0 F7200 X98.295 Y97.919
G1 F2400 X98.098 Y98.098 E518.03476
G1 X97.919 Y98.295 E518.04361
G1 X97.765 Y98.507 E518.05233
G1 X97.629 Y98.73 E518.06101
G1 X97.515 Y98.972 E518.06991
G1 X97.426 Y99.22 E518.07867
G1 X97.363 Y99.476 E518.08744
G1 X97.324 Y99.736 E518.09619
G1 X97.312 Y100 E518.10498
G1 X97.324 Y100.264 E518.11377
G1 X97.363 Y100.524 E518.12251
G1 X97.426 Y100.78 E518.13128
G1 X97.515 Y101.028 E518.14004
G1 X97.629 Y101.27 E518.14894
G1 X97.765 Y101.493 E518.15763
G1 X97.919 Y101.705 E518.16634
G1 X98.098 Y101.902 E518.1752
G1 X98.295 Y102.081 E518.18405
G1 X98.507 Y102.235 E518.19276
G1 X98.73 Y102.371 E518.20145
G1 X98.972 Y102.485 E518.21035
G1 X99.22 Y102.574 E518.21911
G1 X99.476 Y102.637 E518.22788
G1 X99.736 Y102.676 E518.23663
G1 X100 Y102.688 E518.24542
G1 X100.264 Y102.676 E518.25421
G1 X100.524 Y102.637 E518.26295
G1 X100.78 Y102.574 E518.27172
G1 X101.028 Y102.485 E518.28048
G1 X101.27 Y102.371 E518.28938
G1 X101.493 Y102.235 E518.29807
G1 X101.705 Y102.081 E518.30678
G1 X101.902 Y101.902 E518.31563
G1 X102.081 Y101.705 E518.32449
G1 X102.235 Y101.493 E518.3332
G1 X102.371 Y101.27 E518.34189
G1 X102.485 Y101.028 E518.35079
G1 X102.574 Y100.78 E518.35955
G1 X102.637 Y100.524 E518.36832
G1 X102.676 Y100.264 E518.37706
G1 X102.688 Y100 E518.38585
G1 X102.676 Y99.736 E518.39464
G1 X102.637 Y99.476 E518.40339
G1 X102.574 Y99.22 E518.41216
G1 X102.485 Y98.972 E518.42092
G1 X102.371 Y98.73 E518.42982
G1 X102.235 Y98.507 E518.43851
G1 X102.081 Y98.295 E518.44722
G1 X101.902 Y98.098 E518.45607
G1 X101.705 Y97.919 E518.46493
G1 X101.493 Y97.765 E518.47364
G1 X101.27 Y97.629 E518.48233
G1 X101.028 Y97.515 E518.49123
G1 X100.78 Y97.426 E518.49999
G1 X100.524 Y97.363 E518.50876
G1 X100.264 Y97.324 E518.5175
G1 X100 Y97.312 E518.52629
G1 X99.736 Y97.324 E518.53508
G1 X99.476 Y97.363 E518.54383
G1 X99.22 Y97.426 E518.5526
G1 X98.972 Y97.515 E518.56136
G1 X98.73 Y97.629 E518.57026
G1 X98.507 Y97.765 E518.57894
G1 X98.295 Y97.919 E518.58766
G0 F7200 X98.548 Y98.23
;TYPE:WALL-OUTER
G1 F1200 X98.381 Y98.381 E518.59515
G1 X98.23 Y98.548 E518.60264
G1 X98.098 Y98.729 E518.61009
G1 X97.982 Y98.92 E518.61752
G1 X97.885 Y99.125 E518.62506
G1 X97.81 Y99.335 E518.63248
G1 X97.756 Y99.554 E518.63998
G1 X97.723 Y99.775 E518.64741
G1 X97.712 Y100 E518.65491
G1 X97.723 Y100.225 E518.6624
G1 X97.756 Y100.446 E518.66983
G1 X97.81 Y100.665 E518.67733
G1 X97.885 Y100.875 E518.68475
G1 X97.982 Y101.08 E518.69229
G1 X98.098 Y101.271 E518.69972
G1 X98.23 Y101.452 E518.70718
G1 X98.381 Y101.619 E518.71466
G1 X98.548 Y101.77 E518.72215
G1 X98.729 Y101.902 E518.7296
G1 X98.92 Y102.018 E518.73704
G1 X99.125 Y102.115 E518.74458
G1 X99.335 Y102.19 E518.752
G1 X99.554 Y102.244 E518.7595
G1 X99.775 Y102.277 E518.76693
G1 X100 Y102.288 E518.77442
G1 X100.225 Y102.277 E518.78191
G1 X100.446 Y102.244 E518.78935
G1 X100.665 Y102.19 E518.79685
G1 X100.875 Y102.115 E518.80427
G1 X101.08 Y102.018 E518.81181
G1 X101.271 Y101.902 E518.81924
G1 X101.452 Y101.77 E518.82669
G1 X101.619 Y101.619 E518.83418
G1 X101.77 Y101.452 E518.84167
G1 X101.902 Y101.271 E518.84912
G1 X102.018 Y101.08 E518.85655
G1 X102.115 Y100.875 E518.8641
G1 X102.19 Y100.665 E518.87151
G1 X102.244 Y100.446 E518.87901
G1 X102.277 Y100.225 E518.88645
G1 X102.288 Y100 E518.89394
G1 X102.277 Y99.775 E518.90143
G1 X102.244 Y99.554 E518.90886
G1 X102.19 Y99.335 E518.91637
G1 X102.115 Y99.125 E518.92378
G1 X102.018 Y98.92 E518.93132
G1 X101.902 Y98.729 E518.93876
G1 X101.77 Y98.548 E518.94621
G1 X101.619 Y98.381 E518.9537
G1 X101.452 Y98.23 E518.96119
G1 X101.271 Y98.098 E518.96864
G1 X101.08 Y97.982 E518.97607
G1 X100.875 Y97.885 E518.98361
G1 X100.665 Y97.81 E518.99103
G1 X100.446 Y97.756 E518.99853
G1 X100.225 Y97.723 E519.00596
G1 X100 Y97.712 E519.01345
G1 X99.775 Y97.723 E519.02095
G1 X99.554 Y97.756 E519.02838
G1 X99.335 Y97.81 E519.03588
G1 X99.125 Y97.885 E519.0433
G1 X98.92 Y97.982 E519.05084
G1 X98.729 Y98.098 E519.05827
G1 X98.548 Y98.23 E519.06572
G0 F7200 X98.4 Y98.364
G0 X98.106 Y98.037
G0 X98.066 Y97.992
G0 X98.957 Y97.479
G0 X99.733 Y97.285
G0 X100.531 Y97.324
G0 X101.288 Y97.594
G0 X101.93 Y98.07
G0 X102.315 Y98.589
G0 X106.5 Y106.5
;TYPE:WALL-INNER
G1 F2400 X93.5 Y106.5 E519.49811
G1 X93.5 Y93.5 E519.93049
G1 X106.5 Y93.5 E520.36287
G1 X106.5 Y106.5 E520.79525
G0 F7200 X106.9 Y106.9
G1 F2400 X93.1 Y106.9 E521.25424
G1 X93.1 Y93.1 E521.71323
G1 X106.9 Y93.1 E522.17222
G1 X106.9 Y106.9 E522.63121
G0 F7200 X107.3 Y107.3
;TYPE:WALL-OUTER
G1 F1200 X92.7 Y107.3 E523.11681
G1 X92.7 Y92.7 E523.60241
G1 X107.3 Y92.7 E524.08801
G1 X107.3 Y107.3 E524.5736
G0 F7200 X107.1 Y107.3
G0 X106.86 Y106.86
G0 X106.8 Y106.86
G0 X106.11 Y106.11
;TYPE:SKIN
G1 F1200 X93.89 Y106.11 E524.98004
G1 X93.89 Y93.89 E525.38648
G1 X106.11 Y93.89 E525.79292
G1 X106.11 Y106.11 E526.19936
G0 F7200 X102.462 Y102.462
G1 F1200 X102.695 Y102.204 E526.21092
G1 X102.893 Y101.932 E526.22211
G1 X103.068 Y101.645 E526.23329
G1 X103.216 Y101.33 E526.24487
G1 X103.331 Y101.009 E526.25621
G1 X103.413 Y100.678 E526.26755
G1 X103.463 Y100.34 E526.27891
G1 X103.478 Y100 E526.29023
G1 X103.463 Y99.66 E526.30155
G1 X103.413 Y99.322 E526.31292
G1 X103.331 Y98.991 E526.32426
G1 X103.216 Y98.67 E526.3356
G1 X103.068 Y98.355 E526.34718
G1 X102.893 Y98.068 E526.35836
G1 X102.695 Y97.796 E526.36955
G1 X102.462 Y97.538 E526.38111
G1 X102.204 Y97.305 E526.39267
G1 X101.932 Y97.107 E526.40386
G1 X101.645 Y96.932 E526.41504
G1 X101.33 Y96.784 E526.42662
G1 X101.009 Y96.669 E526.43796
G1 X100.678 Y96.587 E526.4493
G1 X100.34 Y96.537 E526.46066
G1 X100 Y96.522 E526.47198
G1 X99.66 Y96.537 E526.4833
G1 X99.322 Y96.587 E526.49467
G1 X98.991 Y96.669 E526.50601
G1 X98.67 Y96.784 E526.51735
G1 X98.355 Y96.932 E526.52893
G1 X98.068 Y97.107 E526.54011
G1 X97.796 Y97.305 E526.5513
G1 X97.538 Y97.538 E526.56286
G1 X97.305 Y97.796 E526.57442
G1 X97.107 Y98.068 E526.58561
G1 X96.932 Y98.355 E526.59679
G1 X96.784 Y98.67 E526.60837
G1 X96.669 Y98.991 E526.61971
G1 X96.587 Y99.322 E526.63105
G1 X96.537 Y99.66 E526.64241
G1 X96.522 Y100 E526.65373
G1 X96.537 Y100.34 E526.66505
G1 X96.587 Y100.678 E526.67642
G1 X96.669 Y101.009 E526.68776
G1 X96.784 Y101.33 E526.6991
G1 X96.932 Y101.645 E526.71068
G1 X97.107 Y101.932 E526.72186
G1 X97.305 Y102.204 E526.73305
G1 X97.538 Y102.462 E526.74461
G1 X97.796 Y102.695 E526.75617
G1 X98.068 Y102.893 E526.76736
G1 X98.355 Y103.068 E526.77854
G1 X98.67 Y103.216 E526.79012
G1 X98.991 Y103.331 E526.80146
G1 X99.322 Y103.413 E526.8128
G1 X99.66 Y103.463 E526.82416
G1 X100 Y103.478 E526.83548
G1 X100.34 Y103.463 E526.8468
G1 X100.678 Y103.413 E526.85817
G1 X101.009 Y103.331 E526.86951
G1 X101.33 Y103.216 E526.88085
G1 X101.645 Y103.068 E526.89243
G1 X101.932 Y102.893 E526.90361
G1 X102.204 Y102.695 E526.9148
G1 X102.462 Y102.462 E526.92636
G0 F7200 X105.929 Y94.615
G1 F1200 X105.383 Y94.069 E526.95204
G0 F7200 X104.817 Y94.069
G1 F1200 X105.929 Y95.181 E527.00435
G0 F7200 X105.929 Y95.747
G1 F1200 X104.252 Y94.069 E527.08325
G0 F7200 X103.686 Y94.069
G1 F1200 X105.929 Y96.312 E527.18875
G0 F7200 X105.929 Y96.878
G1 F1200 X103.12 Y94.069 E527.32088
G0 F7200 X102.555 Y94.069
G1 F1200 X105.929 Y97.444 E527.47961
G0 F7200 X105.929 Y98.009
G1 F1200 X101.989 Y94.069 E527.66493
G0 F7200 X101.423 Y94.069
G1 F1200 X105.929 Y98.575 E527.87688
G0 F7200 X105.929 Y99.141
G1 F1200 X100.858 Y94.069 E528.11543
G0 F7200 X100.292 Y94.069
G1 F1200 X105.929 Y99.707 E528.3806
G0 F7200 X105.929 Y100.272
G1 F1200 X99.726 Y94.069 E528.67237
G0 F7200 X99.161 Y94.069
G1 F1200 X102.092 Y97.001 E528.81026
G1 X102.162 Y97.071
G0 F7200 X102.999 Y97.908
G1 F1200 X105.929 Y100.838 E528.94808
G0 F7200 X105.929 Y101.404
G1 F1200 X103.515 Y98.989 E529.06165
G0 F7200 X103.642 Y99.682
G1 F1200 X105.929 Y101.969 E529.16922
G0 F7200 X105.929 Y102.535
G1 F1200 X103.645 Y100.251 E529.27665
G0 F7200 X103.579 Y100.75
G1 F1200 X105.929 Y103.101 E529.38721
G0 F7200 X105.929 Y103.666
G1 F1200 X103.455 Y101.192 E529.50358
G0 F7200 X103.289 Y101.592
G1 F1200 X105.929 Y104.232 E529.62776
G0 F7200 X105.929 Y104.798
G1 F1200 X103.087 Y101.956 E529.76144
G0 F7200 X102.854 Y102.288
G1 F1200 X105.929 Y105.363 E529.90608
G0 F7200 X105.929 Y105.929
G1 F1200 X102.589 Y102.589 E530.06318
G0 F7200 X102.289 Y102.855
G1 F1200 X105.363 Y105.929 E530.20777
G0 F7200 X104.798 Y105.929
G1 F1200 X101.957 Y103.088 E530.3414
G0 F7200 X101.593 Y103.29
G1 F1200 X104.232 Y105.929 E530.46553
G0 F7200 X103.666 Y105.929
G1 F1200 X101.193 Y103.456 E530.58186
G0 F7200 X100.751 Y103.579
G1 F1200 X103.101 Y105.929 E530.69239
G0 F7200 X102.535 Y105.929
G1 F1200 X100.252 Y103.646 E530.79978
G0 F7200 X99.683 Y103.643
G1 F1200 X101.969 Y105.929 E530.90731
G0 F7200 X101.404 Y105.929
G1 F1200 X98.99 Y103.516 E531.02083
G1 X98.92 Y103.446
G0 F7200 X97.906 Y102.997
G1 F1200 X100.838 Y105.929 E531.15874
G0 F7200 X100.272 Y105.929
G1 F1200 X94.069 Y99.726 E531.45051
G0 F7200 X94.069 Y99.161
G1 F1200 X97.002 Y102.093 E531.58845
G1 X97.072 Y102.163
G0 F7200 X96.484 Y101.009
G1 F1200 X94.069 Y98.595 E531.70202
G0 F7200 X94.069 Y98.029
G1 F1200 X96.356 Y100.315 E531.80957
G0 F7200 X96.353 Y99.748
G1 F1200 X94.069 Y97.464 E531.917
G0 F7200 X94.069 Y96.898
G1 F1200 X96.42 Y99.248 E532.02756
G0 F7200 X96.544 Y98.806
G1 F1200 X94.069 Y96.332 E532.14395
G0 F7200 X94.069 Y95.767
G1 F1200 X96.709 Y98.406 E532.26811
G0 F7200 X96.911 Y98.042
G1 F1200 X94.069 Y95.201 E532.40176
G0 F7200 X94.069 Y94.635
G1 F1200 X97.145 Y97.71 E532.54642
G0 F7200 X97.409 Y97.409
G1 F1200 X94.069 Y94.069 E532.70353
G0 F7200 X94.635 Y94.069
G1 F1200 X97.71 Y97.144 E532.84817
G0 F7200 X98.041 Y96.91
G1 F1200 X95.201 Y94.069 E532.98178
G0 F7200 X95.767 Y94.069
G1 F1200 X98.405 Y96.708 E533.10588
G0 F7200 X98.806 Y96.543
G1 F1200 X96.332 Y94.069 E533.22225
G0 F7200 X96.898 Y94.069
G1 F1200 X99.248 Y96.419 E533.33279
G0 F7200 X99.747 Y96.353
G1 F1200 X97.464 Y94.069 E533.4402
G0 F7200 X98.029 Y94.069
G1 F1200 X100.315 Y96.355 E533.54772
G0 F7200 X101.008 Y96.483
G1 F1200 X98.595 Y94.069 E533.66125
G1 X98.525 Y93.999
G0 F7200 X94.069 Y100.292
G1 F1200 X99.707 Y105.929 E533.92642
G0 F7200 X99.141 Y105.929
G1 F1200 X94.069 Y100.858 E534.16497
G0 F7200 X94.069 Y101.423
G1 F1200 X98.575 Y105.929 E534.37691
G0 F7200 X98.009 Y105.929
G1 F1200 X94.069 Y101.989 E534.56224
G0 F7200 X94.069 Y102.555
G1 F1200 X97.444 Y105.929 E534.72097
G0 F7200 X96.878 Y105.929
G1 F1200 X94.069 Y103.12 E534.85309
G0 F7200 X94.069 Y103.686
G1 F1200 X96.312 Y105.929 E534.9586
G0 F7200 X95.747 Y105.929
G1 F1200 X94.069 Y104.252 E535.0375
G0 F7200 X94.069 Y104.817
G1 F1200 X95.181 Y105.929 E535.08981
G0 F7200 X94.615 Y105.929
G1 F1200 X94.069 Y105.383 E535.11549
;MESH:NONMESH
G0 F7200 X97.732 Y98.485
G0 X98.036 Y98.147
G0 X99.663 Y96.577
;TIME_ELAPSED:709.642110
;LAYER:33
;MESH:Push.stl
G0 X99.663 Y96.577 Z7.572
;TYPE:WALL-INNER
G1 F2400 X99.328 Y96.628 E535.12676
G1 X99.002 Y96.71 E535.13794
G1 X98.685 Y96.823 E535.14913
G1 X98.379 Y96.967 E535.16038
G1 X98.089 Y97.141 E535.17163
G1 X97.819 Y97.342 E535.18282
G1 X97.569 Y97.569 E535.19406
G1 X97.342 Y97.819 E535.20529
G1 X97.141 Y98.089 E535.21648
G1 X96.967 Y98.379 E535.22773
G1 X96.823 Y98.685 E535.23898
G1 X96.71 Y99.002 E535.25017
G1 X96.628 Y99.328 E535.26135
G1 X96.577 Y99.663 E535.27262
G1 X96.563 Y100 E535.28384
G1 X96.577 Y100.337 E535.29506
G1 X96.628 Y100.672 E535.30633
G1 X96.71 Y100.998 E535.31751
G1 X96.823 Y101.315 E535.3287
G1 X96.967 Y101.621 E535.33995
G1 X97.141 Y101.911 E535.3512
G1 X97.342 Y102.181 E535.3624
G1 X97.569 Y102.431 E535.37363
G1 X97.819 Y102.658 E535.38486
G1 X98.089 Y102.859 E535.39606
G1 X98.379 Y103.033 E535.4073
G1 X98.685 Y103.177 E535.41855
G1 X99.002 Y103.29 E535.42975
G1 X99.328 Y103.372 E535.44093
G1 X99.663 Y103.423 E535.4522
G1 X100 Y103.437 E535.46341
G1 X100.337 Y103.423 E535.47463
G1 X100.672 Y103.372 E535.4859
G1 X100.998 Y103.29 E535.49708
G1 X101.315 Y103.177 E535.50828
G1 X101.621 Y103.033 E535.51953
G1 X101.911 Y102.859 E535.53077
G1 X102.181 Y102.658 E535.54197
G1 X102.431 Y102.431 E535.5532
G1 X102.658 Y102.181 E535.56443
G1 X102.859 Y101.911 E535.57563
G1 X103.033 Y101.621 E535.58688
G1 X103.177 Y101.315 E535.59812
G1 X103.29 Y100.998 E535.60932
G1 X103.372 Y100.672 E535.6205
G1 X103.423 Y100.337 E535.63177
G1 X103.437 Y100 E535.64299
G1 X103.423 Y99.663 E535.65421
G1 X103.372 Y99.328 E535.66548
G1 X103.29 Y99.002 E535.67666
G1 X103.177 Y98.685 E535.68785
G1 X103.033 Y98.379 E535.6991
G1 X102.859 Y98.089 E535.71035
G1 X102.658 Y97.819 E535.72154
G1 X102.431 Y97.569 E535.73277
G1 X102.181 Y97.342 E535.744
G1 X101.911 Y97.141 E535.7552
G1 X101.621 Y96.967 E535.76645
G1 X101.315 Y96.823 E535.7777
G1 X100.998 Y96.71 E535.78889
G1 X100.672 Y96.628 E535.80007
G1 X100.337 Y96.577 E535.81134
G1 X100 Y96.563 E535.82256
G1 X99.663 Y96.577 E535.83378
G0 F7200 X99.702 Y96.976
G1 F2400 X99.407 Y97.021 E535.8437
G1 X99.118 Y97.093 E535.85361
G1 X98.838 Y97.193 E535.8635
G1 X98.568 Y97.32 E535.87342
G1 X98.312 Y97.474 E535.88336
G1 X98.073 Y97.651 E535.89325
G1 X97.852 Y97.852 E535.90319
G1 X97.651 Y98.073 E535.91312
G1 X97.474 Y98.312 E535.92301
G1 X97.32 Y98.568 E535.93295
G1 X97.193 Y98.838 E535.94287
G1 X97.093 Y99.118 E535.95276
G1 X97.021 Y99.407 E535.96267
G1 X96.976 Y99.702 E535.97259
G1 X96.963 Y100 E535.98252
G1 X96.976 Y100.298 E535.99244
G1 X97.021 Y100.593 E536.00236
G1 X97.093 Y100.882 E536.01227
G1 X97.193 Y101.162 E536.02216
G1 X97.32 Y101.432 E536.03208
G1 X97.474 Y101.688 E536.04202
G1 X97.651 Y101.927 E536.05191
G1 X97.852 Y102.148 E536.06184
G1 X98.073 Y102.349 E536.07178
G1 X98.312 Y102.526 E536.08167
G1 X98.568 Y102.68 E536.09161
G1 X98.838 Y102.807 E536.10153
G1 X99.118 Y102.907 E536.11142
G1 X99.407 Y102.979 E536.12133
G1 X99.702 Y103.024 E536.13125
G1 X100 Y103.037 E536.14117
G1 X100.298 Y103.024 E536.15109
G1 X100.593 Y102.979 E536.16102
G1 X100.882 Y102.907 E536.17093
G1 X101.162 Y102.807 E536.18081
G1 X101.432 Y102.68 E536.19074
G1 X101.688 Y102.526 E536.20068
G1 X101.927 Y102.349 E536.21057
G1 X102.148 Y102.148 E536.2205
G1 X102.349 Y101.927 E536.23044
G1 X102.526 Y101.688 E536.24033
G1 X102.68 Y101.432 E536.25027
G1 X102.807 Y101.162 E536.26019
G1 X102.907 Y100.882 E536.27008
G1 X102.979 Y100.593 E536.27999
G1 X103.024 Y100.298 E536.28991
G1 X103.037 Y100 E536.29983
G1 X103.024 Y99.702 E536.30975
G1 X102.979 Y99.407 E536.31968
G1 X102.907 Y99.118 E536.32958
G1 X102.807 Y98.838 E536.33947
G1 X102.68 Y98.568 E536.3494
G1 X102.526 Y98.312 E536.35933
G1 X102.349 Y98.073 E536.36923
G1 X102.148 Y97.852 E536.37916
G1 X101.927 Y97.651 E536.3891
G1 X101.688 Y97.474 E536.39899
G1 X101.432 Y97.32 E536.40893
G1 X101.162 Y97.193 E536.41885
G1 X100.882 Y97.093 E536.42874
G1 X100.593 Y97.021 E536.43865
G1 X100.298 Y96.976 E536.44857
G1 X100 Y96.963 E536.45849
G1 X99.702 Y96.976 E536.46841
G0 F7200 X99.741 Y97.375
;TYPE:WALL-OUTER
G1 F1200 X99.485 Y97.414 E536.47703
G1 X99.234 Y97.476 E536.48562
G1 X98.991 Y97.563 E536.49421
G1 X98.757 Y97.673 E536.50281
G1 X98.535 Y97.807 E536.51143
G1 X98.327 Y97.961 E536.52004
G1 X98.135 Y98.135 E536.52866
G1 X97.961 Y98.327 E536.53728
G1 X97.807 Y98.535 E536.54589
G1 X97.673 Y98.757 E536.55451
G1 X97.563 Y98.991 E536.56311
G1 X97.476 Y99.234 E536.57169
G1 X97.414 Y99.485 E536.58029
G1 X97.375 Y99.741 E536.58891
G1 X97.363 Y100 E536.59753
G1 X97.375 Y100.259 E536.60615
G1 X97.414 Y100.515 E536.61477
G1 X97.476 Y100.766 E536.62337
G1 X97.563 Y101.009 E536.63195
G1 X97.673 Y101.243 E536.64055
G1 X97.807 Y101.465 E536.64917
G1 X97.961 Y101.673 E536.65778
G1 X98.135 Y101.865 E536.6664
G1 X98.327 Y102.039 E536.67502
G1 X98.535 Y102.193 E536.68363
G1 X98.757 Y102.327 E536.69225
G1 X98.991 Y102.437 E536.70085
G1 X99.234 Y102.524 E536.70944
G1 X99.485 Y102.586 E536.71804
G1 X99.741 Y102.625 E536.72665
G1 X100 Y102.637 E536.73527
G1 X100.259 Y102.625 E536.7439
G1 X100.515 Y102.586 E536.75251
G1 X100.766 Y102.524 E536.76111
G1 X101.009 Y102.437 E536.76969
G1 X101.243 Y102.327 E536.77829
G1 X101.465 Y102.193 E536.78692
G1 X101.673 Y102.039 E536.79552
G1 X101.865 Y101.865 E536.80414
G1 X102.039 Y101.673 E536.81276
G1 X102.193 Y101.465 E536.82137
G1 X102.327 Y101.243 E536.82999
G1 X102.437 Y101.009 E536.83859
G1 X102.524 Y100.766 E536.84718
G1 X102.586 Y100.515 E536.85578
G1 X102.625 Y100.259 E536.86439
G1 X102.637 Y100 E536.87301
G1 X102.625 Y99.741 E536.88164
G1 X102.586 Y99.485 E536.89025
G1 X102.524 Y99.234 E536.89885
G1 X102.437 Y98.991 E536.90743
G1 X102.327 Y98.757 E536.91603
G1 X102.193 Y98.535 E536.92466
G1 X102.039 Y98.327 E536.93327
G1 X101.865 Y98.135 E536.94188
G1 X101.673 Y97.961 E536.9505
G1 X101.465 Y97.807 E536.95911
G1 X101.243 Y97.673 E536.96773
G1 X101.009 Y97.563 E536.97633
G1 X100.766 Y97.476 E536.98492
G1 X100.515 Y97.414 E536.99352
G1 X100.259 Y97.375 E537.00213
G1 X100 Y97.363 E537.01076
G1 X99.741 Y97.375 E537.01938
G0 F7200 X99.543 Y97.405
G0 X99.476 Y96.969
G0 X99.468 Y96.911
G0 X100.6 Y96.982
G0 X101.45 Y97.285
G0 X102.176 Y97.824
G0 X102.612 Y98.411
G0 X106.5 Y106.5
;TYPE:WALL-INNER
G1 F2400 X93.5 Y106.5 E537.45176
G1 X93.5 Y93.5 E537.88414
G1 X106.5 Y93.5 E538.31652
G1 X106.5 Y106.5 E538.74891
G0 F7200 X106.9 Y106.9
G1 F2400 X93.1 Y106.9 E539.2079
G1 X93.1 Y93.1 E539.66689
G1 X106.9 Y93.1 E540.12588
G1 X106.9 Y106.9 E540.58487
G0 F7200 X107.3 Y107.3
;TYPE:WALL-OUTER
G1 F1200 X92.7 Y107.3 E541.07046
G1 X92.7 Y92.7 E541.55606
G1 X107.3 Y92.7 E542.04166
G1 X107.3 Y107.3 E542.52726
G0 F7200 X107.1 Y107.3
G0 X106.86 Y106.86
G0 X106.8 Y106.86
G0 X106.11 Y106.11
;TYPE:SKIN
G1 F1200 X93.89 Y106.11 E542.9337
G1 X93.89 Y93.89 E543.34013
G1 X106.11 Y93.89 E543.74657
G1 X106.11 Y106.11 E544.15301
G0 F7200 X102.708 Y102.708
G1 F1200 X102.96 Y102.429 E544.16552
G1 X103.183 Y102.128 E544.17798
G1 X103.378 Y101.805 E544.19053
G1 X103.538 Y101.464 E544.20305
G1 X103.664 Y101.111 E544.21552
G1 X103.755 Y100.749 E544.22793
G1 X103.811 Y100.374 E544.24055
G1 X103.827 Y100 E544.253
G1 X103.811 Y99.626 E544.26545
G1 X103.755 Y99.251 E544.27806
G1 X103.664 Y98.889 E544.29047
G1 X103.538 Y98.536 E544.30294
G1 X103.378 Y98.195 E544.31547
G1 X103.183 Y97.872 E544.32802
G1 X102.96 Y97.571 E544.34048
G1 X102.708 Y97.292 E544.35298
G1 X102.429 Y97.04 E544.36548
G1 X102.128 Y96.817 E544.37794
G1 X101.805 Y96.622 E544.39049
G1 X101.464 Y96.462 E544.40302
G1 X101.111 Y96.336 E544.41549
G1 X100.749 Y96.245 E544.4279
G1 X100.374 Y96.189 E544.44051
G1 X100 Y96.173 E544.45296
G1 X99.626 Y96.189 E544.46541
G1 X99.251 Y96.245 E544.47802
G1 X98.889 Y96.336 E544.49044
G1 X98.536 Y96.462 E544.50291
G1 X98.195 Y96.622 E544.51543
G1 X97.872 Y96.817 E544.52798
G1 X97.571 Y97.04 E544.54044
G1 X97.292 Y97.292 E544.55295
G1 X97.04 Y97.571 E544.56545
G1 X96.817 Y97.872 E544.57791
G1 X96.622 Y98.195 E544.59046
G1 X96.462 Y98.536 E544.60299
G1 X96.336 Y98.889 E544.61545
G1 X96.245 Y99.251 E544.62787
G1 X96.189 Y99.626 E544.64048
G1 X96.173 Y100 E544.65293
G1 X96.189 Y100.374 E544.66538
G1 X96.245 Y100.749 E544.67799
G1 X96.336 Y101.111 E544.69041
G1 X96.462 Y101.464 E544.70287
G1 X96.622 Y101.805 E544.7154
G1 X96.817 Y102.128 E544.72795
G1 X97.04 Y102.429 E544.74041
G1 X97.292 Y102.708 E544.75291
G1 X97.571 Y102.96 E544.76542
G1 X97.872 Y103.183 E544.77788
G1 X98.195 Y103.378 E544.79043
G1 X98.536 Y103.538 E544.80296
G1 X98.889 Y103.664 E544.81542
G1 X99.251 Y103.755 E544.82784
G1 X99.626 Y103.811 E544.84045
G1 X100 Y103.827 E544.8529
G1 X100.374 Y103.811 E544.86535
G1 X100.749 Y103.755 E544.87796
G1 X101.111 Y103.664 E544.89037
G1 X101.464 Y103.538 E544.90284
G1 X101.805 Y103.378 E544.91537
G1 X102.128 Y103.183 E544.92792
G1 X102.429 Y102.96 E544.94038
G1 X102.708 Y102.708 E544.95288
G0 F7200 X105.636 Y105.929
G1 F1200 X105.929 Y105.636 E544.96666
G0 F7200 X105.929 Y105.071
G1 F1200 X105.071 Y105.929 E545.00702
G0 F7200 X104.505 Y105.929
G1 F1200 X105.929 Y104.505 E545.074
G0 F7200 X105.929 Y103.939
G1 F1200 X103.939 Y105.929 E545.16761
G0 F7200 X103.374 Y105.929
G1 F1200 X105.929 Y103.374 E545.28778
G0 F7200 X105.929 Y102.808
G1 F1200 X102.808 Y105.929 E545.43459
G0 F7200 X102.242 Y105.929
G1 F1200 X105.929 Y102.242 E545.60801
G0 F7200 X105.929 Y101.677
G1 F1200 X101.677 Y105.929 E545.80801
G0 F7200 X101.111 Y105.929
G1 F1200 X105.929 Y101.111 E546.03464
G0 F7200 X105.929 Y100.545
G1 F1200 X100.545 Y105.929 E546.28788
G0 F7200 X99.979 Y105.929
G1 F1200 X105.929 Y99.979 E546.56775
G0 F7200 X105.929 Y99.414
G1 F1200 X103.609 Y101.734 E546.67688
G1 X103.539 Y101.804
G0 F7200 X103.91 Y100.868
G1 F1200 X105.929 Y98.848 E546.77187
G0 F7200 X105.929 Y98.282
G1 F1200 X103.997 Y100.214 E546.86275
G0 F7200 X103.992 Y99.654
G1 F1200 X105.929 Y97.717 E546.95386
G0 F7200 X105.929 Y97.151
G1 F1200 X103.917 Y99.163 E547.04849
G0 F7200 X103.794 Y98.72
G1 F1200 X105.929 Y96.585 E547.14892
G0 F7200 X105.929 Y96.02
G1 F1200 X103.633 Y98.316 E547.25692
G0 F7200 X103.438 Y97.945
G1 F1200 X105.929 Y95.454 E547.37408
G0 F7200 X105.929 Y94.888
G1 F1200 X103.211 Y97.606 E547.50193
G0 F7200 X102.955 Y97.297
G1 F1200 X105.929 Y94.323 E547.64182
G0 F7200 X105.617 Y94.069
G1 F1200 X102.67 Y97.016 E547.78044
G0 F7200 X102.357 Y96.764
G1 F1200 X105.051 Y94.069 E547.90718
G0 F7200 X104.485 Y94.069
G1 F1200 X102.015 Y96.539 E548.02336
G0 F7200 X101.642 Y96.347
G1 F1200 X103.919 Y94.069 E548.13049
G0 F7200 X103.354 Y94.069
G1 F1200 X101.234 Y96.189 E548.2302
G0 F7200 X100.788 Y96.07
G1 F1200 X102.788 Y94.069 E548.3243
G0 F7200 X102.222 Y94.069
G1 F1200 X100.287 Y96.005 E548.41534
G0 F7200 X99.721 Y96.005
G1 F1200 X101.657 Y94.069 E548.5064
G0 F7200 X101.091 Y94.069
G1 F1200 X99.051 Y96.109 E548.60236
G1 X98.981 Y96.179
G0 F7200 X98.152 Y96.443
G1 F1200 X100.525 Y94.069 E548.714
G0 F7200 X99.96 Y94.069
G1 F1200 X94.069 Y99.96 E548.9911
G0 F7200 X94.069 Y99.394
G1 F1200 X99.394 Y94.069 E549.24157
G0 F7200 X98.828 Y94.069
G1 F1200 X94.069 Y98.828 E549.46542
G0 F7200 X94.069 Y98.263
G1 F1200 X98.263 Y94.069 E549.66269
G0 F7200 X97.697 Y94.069
G1 F1200 X94.069 Y97.697 E549.83334
G0 F7200 X94.069 Y97.131
G1 F1200 X97.131 Y94.069 E549.97737
G0 F7200 X96.566 Y94.069
G1 F1200 X94.069 Y96.566 E550.09482
G0 F7200 X94.069 Y96
G1 F1200 X96 Y94.069 E550.18565
G0 F7200 X95.434 Y94.069
G1 F1200 X94.069 Y95.434 E550.24985
G0 F7200 X94.069 Y94.868
G1 F1200 X94.868 Y94.069 E550.28743
G0 F7200 X94.303 Y94.069
G1 F1200 X94.069 Y94.303 E550.29844
G0 F7200 X96.44 Y98.155
G1 F1200 X94.069 Y100.525 E550.40994
G0 F7200 X94.069 Y101.091
G1 F1200 X96.109 Y99.052 E550.50587
G0 F7200 X96.004 Y99.722
G1 F1200 X94.069 Y101.657 E550.59689
G0 F7200 X94.069 Y102.222
G1 F1200 X96.004 Y100.288 E550.68788
G0 F7200 X96.069 Y100.788
G1 F1200 X94.069 Y102.788 E550.78196
G0 F7200 X94.069 Y103.354
G1 F1200 X96.189 Y101.235 E550.88165
G0 F7200 X96.346 Y101.643
G1 F1200 X94.069 Y103.919 E550.98873
G0 F7200 X94.069 Y104.485
G1 F1200 X96.539 Y102.016 E551.10489
G0 F7200 X96.763 Y102.357
G1 F1200 X94.069 Y105.051 E551.23161
G0 F7200 X94.069 Y105.617
G1 F1200 X97.015 Y102.671 E551.37018
G0 F7200 X97.297 Y102.954
G1 F1200 X94.323 Y105.929 E551.51009
G0 F7200 X94.888 Y105.929
G1 F1200 X97.608 Y103.21 E551.63801
G0 F7200 X97.946 Y103.437
G1 F1200 X95.454 Y105.929 E551.75522
G0 F7200 X96.02 Y105.929
G1 F1200 X98.316 Y103.632 E551.86324
G0 F7200 X98.721 Y103.794
G1 F1200 X96.585 Y105.929 E551.96369
G0 F7200 X97.151 Y105.929
G1 F1200 X99.163 Y103.917 E552.05833
G0 F7200 X99.656 Y103.99
G1 F1200 X97.717 Y105.929 E552.14953
G0 F7200 X98.282 Y105.929
G1 F1200 X100.216 Y103.996 E552.24048
G0 F7200 X100.868 Y103.909
G1 F1200 X98.848 Y105.929 E552.33549
G0 F7200 X99.414 Y105.929
G1 F1200 X101.734 Y103.608 E552.44464
G1 X101.804 Y103.538
;MESH:NONMESH
G0 F7200 X99.107 Y102.945
G0 X98.29 Y102.559
G0 X97.621 Y101.952
G0 X97.157 Y101.177
G0 X96.419 Y98.084
;TIME_ELAPSED:733.950375
;LAYER:34
;MESH:Push.stl
G0 X96.419 Y98.084 Z7.772
;TYPE:WALL-INNER
G1 F2400 X96.249 Y98.446 E552.45794
G1 X96.113 Y98.824 E552.47131
G1 X96.019 Y99.21 E552.48452
G1 X95.96 Y99.6 E552.49764
G1 X95.941 Y100 E552.51096
G1 X95.96 Y100.4 E552.52428
G1 X96.019 Y100.79 E552.5374
G1 X96.113 Y101.176 E552.55061
G1 X96.249 Y101.554 E552.56397
G1 X96.419 Y101.916 E552.57727
G1 X96.627 Y102.257 E552.59056
G1 X96.863 Y102.576 E552.60375
G1 X97.13 Y102.869 E552.61694
G1 X97.423 Y103.137 E552.63015
G1 X97.744 Y103.374 E552.64342
G1 X98.084 Y103.581 E552.65666
G1 X98.446 Y103.751 E552.66996
G1 X98.824 Y103.887 E552.68332
G1 X99.21 Y103.981 E552.69653
G1 X99.6 Y104.04 E552.70965
G1 X100 Y104.059 E552.72297
G1 X100.4 Y104.04 E552.73629
G1 X100.79 Y103.981 E552.74941
G1 X101.176 Y103.887 E552.76262
G1 X101.554 Y103.751 E552.77598
G1 X101.916 Y103.581 E552.78929
G1 X102.257 Y103.373 E552.80257
G1 X102.576 Y103.137 E552.81577
G1 X102.869 Y102.87 E552.82895
G1 X103.137 Y102.577 E552.84216
G1 X103.374 Y102.256 E552.85543
G1 X103.581 Y101.916 E552.86867
G1 X103.751 Y101.554 E552.88197
G1 X103.887 Y101.176 E552.89533
G1 X103.981 Y100.79 E552.90855
G1 X104.04 Y100.4 E552.92167
G1 X104.059 Y100 E552.93499
G1 X104.04 Y99.6 E552.94831
G1 X103.981 Y99.21 E552.96142
G1 X103.887 Y98.824 E552.97464
G1 X103.751 Y98.446 E552.988
G1 X103.581 Y98.084 E553.0013
G1 X103.373 Y97.743 E553.01459
G1 X103.137 Y97.424 E553.02778
G1 X102.87 Y97.131 E553.04097
G1 X102.577 Y96.863 E553.05418
G1 X102.256 Y96.626 E553.06745
G1 X101.916 Y96.419 E553.08069
G1 X101.554 Y96.249 E553.09399
G1 X101.176 Y96.113 E553.10735
G1 X100.79 Y96.019 E553.12056
G1 X100.4 Y95.96 E553.13368
G1 X100 Y95.941 E553.147
G1 X99.6 Y95.96 E553.16032
G1 X99.21 Y96.019 E553.17344
G1 X98.824 Y96.113 E553.18665
G1 X98.446 Y96.249 E553.20001
G1 X98.084 Y96.419 E553.21332
G1 X97.743 Y96.627 E553.2266
G1 X97.424 Y96.863 E553.2398
G1 X97.131 Y97.13 E553.25298
G1 X96.863 Y97.423 E553.26619
G1 X96.626 Y97.744 E553.27946
G1 X96.419 Y98.084 E553.2927
G0 F7200 X96.772 Y98.273
G1 F2400 X96.619 Y98.599 E553.30468
G1 X96.497 Y98.939 E553.31669
G1 X96.412 Y99.287 E553.32861
G1 X96.359 Y99.64 E553.34048
G1 X96.341 Y100 E553.35247
G1 X96.359 Y100.36 E553.36446
G1 X96.412 Y100.713 E553.37633
G1 X96.497 Y101.061 E553.38824
G1 X96.619 Y101.401 E553.40026
G1 X96.772 Y101.726 E553.41221
G1 X96.959 Y102.034 E553.42419
G1 X97.172 Y102.322 E553.4361
G1 X97.413 Y102.586 E553.44799
G1 X97.678 Y102.828 E553.45993
G1 X97.967 Y103.042 E553.47189
G1 X98.273 Y103.228 E553.4838
G1 X98.599 Y103.381 E553.49578
G1 X98.939 Y103.503 E553.50779
G1 X99.287 Y103.588 E553.51971
G1 X99.64 Y103.641 E553.53158
G1 X100 Y103.659 E553.54357
G1 X100.36 Y103.641 E553.55556
G1 X100.713 Y103.588 E553.56743
G1 X101.061 Y103.503 E553.57934
G1 X101.401 Y103.381 E553.59136
G1 X101.726 Y103.228 E553.60331
G1 X102.034 Y103.041 E553.61529
G1 X102.322 Y102.828 E553.6272
G1 X102.586 Y102.587 E553.63909
G1 X102.828 Y102.322 E553.65103
G1 X103.042 Y102.033 E553.66299
G1 X103.228 Y101.727 E553.6749
G1 X103.381 Y101.401 E553.68688
G1 X103.503 Y101.061 E553.69889
G1 X103.588 Y100.713 E553.71081
G1 X103.641 Y100.36 E553.72268
G1 X103.659 Y100 E553.73467
G1 X103.641 Y99.64 E553.74666
G1 X103.588 Y99.287 E553.75853
G1 X103.503 Y98.939 E553.77044
G1 X103.381 Y98.599 E553.78246
G1 X103.228 Y98.274 E553.79441
G1 X103.041 Y97.966 E553.80639
G1 X102.828 Y97.678 E553.8183
G1 X102.587 Y97.414 E553.83019
G1 X102.322 Y97.172 E553.84213
G1 X102.033 Y96.958 E553.85409
G1 X101.727 Y96.772 E553.866
G1 X101.401 Y96.619 E553.87798
G1 X101.061 Y96.497 E553.88999
G1 X100.713 Y96.412 E553.90191
G1 X100.36 Y96.359 E553.91378
G1 X100 Y96.341 E553.92577
G1 X99.64 Y96.359 E553.93776
G1 X99.287 Y96.412 E553.94963
G1 X98.939 Y96.497 E553.96154
G1 X98.599 Y96.619 E553.97356
G1 X98.274 Y96.772 E553.98551
G1 X97.966 Y96.959 E553.99749
G1 X97.678 Y97.172 E554.0094
G1 X97.414 Y97.413 E554.02129
G1 X97.172 Y97.678 E554.03323
G1 X96.958 Y97.967 E554.04519
G1 X96.772 Y98.273 E554.0571
G0 F7200 X97.125 Y98.463
;TYPE:WALL-OUTER
G1 F1200 X96.989 Y98.752 E554.06772
G1 X96.881 Y99.054 E554.07839
G1 X96.805 Y99.365 E554.08904
G1 X96.757 Y99.68 E554.09964
G1 X96.741 Y100 E554.11029
G1 X96.757 Y100.32 E554.12095
G1 X96.805 Y100.635 E554.13155
G1 X96.881 Y100.946 E554.1422
G1 X96.989 Y101.248 E554.15286
G1 X97.125 Y101.537 E554.16349
G1 X97.291 Y101.811 E554.17414
G1 X97.481 Y102.067 E554.18475
G1 X97.696 Y102.303 E554.19537
G1 X97.932 Y102.519 E554.20601
G1 X98.19 Y102.709 E554.21666
G1 X98.463 Y102.875 E554.22729
G1 X98.752 Y103.011 E554.23791
G1 X99.054 Y103.119 E554.24858
G1 X99.365 Y103.195 E554.25923
G1 X99.68 Y103.243 E554.26983
G1 X100 Y103.259 E554.28048
G1 X100.32 Y103.243 E554.29114
G1 X100.635 Y103.195 E554.30174
G1 X100.946 Y103.119 E554.31239
G1 X101.248 Y103.011 E554.32305
G1 X101.537 Y102.875 E554.33368
G1 X101.811 Y102.709 E554.34433
G1 X102.067 Y102.519 E554.35494
G1 X102.303 Y102.304 E554.36555
G1 X102.519 Y102.068 E554.37619
G1 X102.709 Y101.81 E554.38685
G1 X102.875 Y101.537 E554.39748
G1 X103.011 Y101.248 E554.4081
G1 X103.119 Y100.946 E554.41877
G1 X103.195 Y100.635 E554.42942
G1 X103.243 Y100.32 E554.44002
G1 X103.259 Y100 E554.45067
G1 X103.243 Y99.68 E554.46133
G1 X103.195 Y99.365 E554.47193
G1 X103.119 Y99.054 E554.48257
G1 X103.011 Y98.752 E554.49324
G1 X102.875 Y98.463 E554.50387
G1 X102.709 Y98.189 E554.51452
G1 X102.519 Y97.933 E554.52512
G1 X102.304 Y97.697 E554.53574
G1 X102.068 Y97.481 E554.54638
G1 X101.81 Y97.291 E554.55704
G1 X101.537 Y97.125 E554.56767
G1 X101.248 Y96.989 E554.57829
G1 X100.946 Y96.881 E554.58896
G1 X100.635 Y96.805 E554.59961
G1 X100.32 Y96.757 E554.6102
G1 X100 Y96.741 E554.62086
G1 X99.68 Y96.757 E554.63152
G1 X99.365 Y96.805 E554.64212
G1 X99.054 Y96.881 E554.65276
G1 X98.752 Y96.989 E554.66343
G1 X98.463 Y97.125 E554.67405
G1 X98.189 Y97.291 E554.68471
G1 X97.933 Y97.481 E554.69531
G1 X97.697 Y97.696 E554.70593
G1 X97.481 Y97.932 E554.71657
G1 X97.291 Y98.19 E554.72723
G1 X97.125 Y98.463 E554.73786
G0 F7200 X97.04 Y98.644
G0 X96.642 Y98.457
G0 X96.589 Y98.431
G0 X96.32 Y99.637
G0 X96.373 Y100.72
G0 X96.737 Y101.744
G0 X97.385 Y102.614
G0 X98.255 Y103.263
G0 X106.5 Y106.5
;TYPE:WALL-INNER
G1 F2400 X93.5 Y106.5 E555.17024
G1 X93.5 Y93.5 E555.60262
G1 X106.5 Y93.5 E556.035
G1 X106.5 Y106.5 E556.46738
G0 F7200 X106.9 Y106.9
G1 F2400 X93.1 Y106.9 E556.92637
G1 X93.1 Y93.1 E557.38536
G1 X106.9 Y93.1 E557.84435
G1 X106.9 Y106.9 E558.30334
G0 F7200 X107.3 Y107.3
;TYPE:WALL-OUTER
G1 F1200 X92.7 Y107.3 E558.78894
G1 X92.7 Y92.7 E559.27454
G1 X107.3 Y92.7 E559.76014
G1 X107.3 Y107.3 E560.24573
G0 F7200 X107.1 Y107.3
G0 X106.86 Y106.86
G0 X106.8 Y106.86
G0 X106.11 Y106.11
;TYPE:SKIN
G1 F1200 X93.89 Y106.11 E560.65217
G1 X93.89 Y93.89 E561.05861
G1 X106.11 Y93.89 E561.46505
G1 X106.11 Y106.11 E561.87149
G0 F7200 X103.144 Y103.147
G1 F1200 X103.439 Y102.825 E561.88601
G1 X103.698 Y102.474 E561.90052
G1 X103.925 Y102.101 E561.91505
G1 X104.112 Y101.704 E561.92964
G1 X104.261 Y101.289 E561.94431
G1 X104.364 Y100.866 E561.95879
G1 X104.428 Y100.439 E561.97315
G1 X104.449 Y100 E561.98777
G1 X104.428 Y99.561 E562.00238
G1 X104.364 Y99.134 E562.01674
G1 X104.261 Y98.711 E562.03122
G1 X104.112 Y98.296 E562.04589
G1 X103.925 Y97.899 E562.06049
G1 X103.697 Y97.525 E562.07505
G1 X103.439 Y97.176 E562.08949
G1 X103.147 Y96.856 E562.1039
G1 X102.825 Y96.561 E562.11842
G1 X102.474 Y96.302 E562.13293
G1 X102.101 Y96.075 E562.14745
G1 X101.704 Y95.888 E562.16205
G1 X101.289 Y95.739 E562.17672
G1 X100.866 Y95.636 E562.1912
G1 X100.439 Y95.572 E562.20556
G1 X100 Y95.551 E562.22017
G1 X99.561 Y95.572 E562.23479
G1 X99.134 Y95.636 E562.24915
G1 X98.711 Y95.739 E562.26363
G1 X98.296 Y95.888 E562.2783
G1 X97.899 Y96.075 E562.29289
G1 X97.525 Y96.303 E562.30746
G1 X97.176 Y96.561 E562.3219
G1 X96.856 Y96.853 E562.33631
G1 X96.561 Y97.175 E562.35083
G1 X96.302 Y97.526 E562.36534
G1 X96.075 Y97.899 E562.37986
G1 X95.888 Y98.296 E562.39446
G1 X95.739 Y98.711 E562.40912
G1 X95.636 Y99.134 E562.4236
G1 X95.572 Y99.561 E562.43797
G1 X95.551 Y100 E562.45258
G1 X95.572 Y100.439 E562.4672
G1 X95.636 Y100.866 E562.48156
G1 X95.739 Y101.289 E562.49604
G1 X95.888 Y101.704 E562.51071
G1 X96.075 Y102.101 E562.5253
G1 X96.303 Y102.475 E562.53987
G1 X96.561 Y102.824 E562.55431
G1 X96.853 Y103.144 E562.56872
G1 X97.175 Y103.439 E562.58324
G1 X97.526 Y103.698 E562.59775
G1 X97.899 Y103.925 E562.61227
G1 X98.296 Y104.112 E562.62687
G1 X98.711 Y104.261 E562.64153
G1 X99.134 Y104.364 E562.65601
G1 X99.561 Y104.428 E562.67037
G1 X100 Y104.449 E562.68499
G1 X100.439 Y104.428 E562.69961
G1 X100.866 Y104.364 E562.71397
G1 X101.289 Y104.261 E562.72845
G1 X101.704 Y104.112 E562.74312
G1 X102.101 Y103.925 E562.75771
G1 X102.475 Y103.697 E562.77228
G1 X102.824 Y103.439 E562.78672
G1 X103.144 Y103.147 E562.80112
G0 F7200 X94.615 Y105.929
G1 F1200 X94.069 Y105.383 E562.82681
G0 F7200 X94.069 Y104.817
G1 F1200 X95.181 Y105.929 E562.87911
G0 F7200 X95.747 Y105.929
G1 F1200 X94.069 Y104.252 E562.95802
G0 F7200 X94.069 Y103.686
G1 F1200 X96.312 Y105.929 E563.06352
G0 F7200 X96.878 Y105.929
G1 F1200 X94.069 Y103.12 E563.19565
G0 F7200 X94.069 Y102.555
G1 F1200 X97.444 Y105.929 E563.35437
G1 X97.514 Y105.999
G0 F7200 X97.901 Y104.124
G1 F1200 X99.707 Y105.929 E563.4393
G0 F7200 X100.272 Y105.929
G1 F1200 X98.813 Y104.47 E563.50792
G0 F7200 X99.51 Y104.601
G1 F1200 X100.838 Y105.929 E563.57039
G0 F7200 X101.404 Y105.929
G1 F1200 X100.098 Y104.624 E563.6318
G0 F7200 X100.622 Y104.581
G1 F1200 X101.969 Y105.929 E563.69518
G0 F7200 X102.535 Y105.929
G1 F1200 X101.097 Y104.491 E563.76282
G0 F7200 X101.534 Y104.363
G1 F1200 X103.101 Y105.929 E563.8365
G0 F7200 X103.666 Y105.929
G1 F1200 X101.937 Y104.199 E563.91785
G0 F7200 X102.31 Y104.007
G1 F1200 X104.232 Y105.929 E564.00826
G0 F7200 X104.798 Y105.929
G1 F1200 X102.655 Y103.787 E564.10903
G0 F7200 X102.977 Y103.543
G1 F1200 X105.363 Y105.929 E564.22126
G0 F7200 X105.929 Y105.929
G1 F1200 X103.271 Y103.271 E564.34629
G0 F7200 X103.542 Y102.976
G1 F1200 X105.929 Y105.363 E564.45856
G0 F7200 X105.929 Y104.798
G1 F1200 X103.786 Y102.654 E564.55939
G0 F7200 X104.006 Y102.309
G1 F1200 X105.929 Y104.232 E564.64984
G0 F7200 X105.929 Y103.666
G1 F1200 X104.199 Y101.937 E564.73119
G0 F7200 X104.363 Y101.534
G1 F1200 X105.929 Y103.101 E564.80487
G0 F7200 X105.929 Y102.535
G1 F1200 X104.491 Y101.097 E564.87251
G0 F7200 X104.581 Y100.621
G1 F1200 X105.929 Y101.969 E564.93592
G0 F7200 X105.929 Y101.404
G1 F1200 X104.622 Y100.097 E564.9974
G0 F7200 X104.601 Y99.51
G1 F1200 X105.929 Y100.838 E565.05986
G0 F7200 X105.929 Y100.272
G1 F1200 X104.47 Y98.813 E565.12849
G1 X104.4 Y98.743
G0 F7200 X104.123 Y97.901
G1 F1200 X105.929 Y99.707 E565.21344
G0 F7200 X105.929 Y99.141
G1 F1200 X100.858 Y94.069 E565.45198
G0 F7200 X101.423 Y94.069
G1 F1200 X105.929 Y98.575 E565.66393
G0 F7200 X105.929 Y98.009
G1 F1200 X101.989 Y94.069 E565.84926
G1 X101.919 Y93.999
G0 F7200 X101.185 Y95.528
G1 F1200 X99.726 Y94.069 E565.91789
G0 F7200 X99.161 Y94.069
G1 F1200 X100.489 Y95.397 E565.98035
G1 X100.559 Y95.467
G0 F7200 X100.292 Y94.069
G1 F1200 X102.097 Y95.874 E566.06525
G1 X102.167 Y95.944
G0 F7200 X102.555 Y94.069
G1 F1200 X105.929 Y97.444 E566.22398
G0 F7200 X105.929 Y96.878
G1 F1200 X103.12 Y94.069 E566.35611
G0 F7200 X103.686 Y94.069
G1 F1200 X105.929 Y96.312 E566.46161
G0 F7200 X105.929 Y95.747
G1 F1200 X104.252 Y94.069 E566.54051
G0 F7200 X104.817 Y94.069
G1 F1200 X105.929 Y95.181 E566.59282
G0 F7200 X105.929 Y94.615
G1 F1200 X105.383 Y94.069 E566.6185
G0 F7200 X99.9 Y95.375
G1 F1200 X98.595 Y94.069 E566.67991
G0 F7200 X98.029 Y94.069
G1 F1200 X99.377 Y95.417 E566.74331
G0 F7200 X98.901 Y95.507
G1 F1200 X97.464 Y94.069 E566.81093
G0 F7200 X96.898 Y94.069
G1 F1200 X98.463 Y95.635 E566.88457
G0 F7200 X98.061 Y95.798
G1 F1200 X96.332 Y94.069 E566.96589
G0 F7200 X95.767 Y94.069
G1 F1200 X97.688 Y95.991 E567.05627
G0 F7200 X97.343 Y96.212
G1 F1200 X95.201 Y94.069 E567.15705
G0 F7200 X94.635 Y94.069
G1 F1200 X97.022 Y96.456 E567.26933
G0 F7200 X96.727 Y96.727
G1 F1200 X94.069 Y94.069 E567.39435
G0 F7200 X94.069 Y94.635
G1 F1200 X96.457 Y97.022 E567.50665
G0 F7200 X96.213 Y97.344
G1 F1200 X94.069 Y95.201 E567.60748
G0 F7200 X94.069 Y95.767
G1 F1200 X95.991 Y97.688 E567.69786
G0 F7200 X95.799 Y98.062
G1 F1200 X94.069 Y96.332 E567.77923
G0 F7200 X94.069 Y96.898
G1 F1200 X95.636 Y98.464 E567.85291
G0 F7200 X95.508 Y98.902
G1 F1200 X94.069 Y97.464 E567.92058
G0 F7200 X94.069 Y98.029
G1 F1200 X95.418 Y99.378 E567.98403
G0 F7200 X95.375 Y99.901
G1 F1200 X94.069 Y98.595 E568.04546
G0 F7200 X94.069 Y99.161
G1 F1200 X95.398 Y100.489 E568.10795
G0 F7200 X95.529 Y101.186
G1 F1200 X94.069 Y99.726 E568.17662
G0 F7200 X94.069 Y100.292
G1 F1200 X95.875 Y102.098 E568.26157
G1 X95.945 Y102.168
G0 F7200 X94.069 Y101.989
G1 F1200 X98.009 Y105.929 E568.4469
G0 F7200 X98.575 Y105.929
G1 F1200 X94.069 Y101.423 E568.65885
G0 F7200 X94.069 Y100.858
G1 F1200 X99.141 Y105.929 E568.89739
G1 X99.211 Y105.999
;MESH:NONMESH
G0 F7200 X104.572 Y103.324
;TIME_ELAPSED:756.919220
;LAYER:35
;MESH:Push.stl
G0 X104.572 Y103.324 Z7.972
;TYPE:WALL-OUTER
G1 F600 X104.551 Y103.391 E568.89973
G1 X104.53 Y103.458 E568.90206
G1 X104.479 Y103.424 E568.90252
G1 X104.33 Y103.323 E568.90628
G1 X104.33 Y103.251 E568.90775
G1 X104.53 Y103.251 E568.91027
G1 X104.594 Y103.251 E568.91054
G1 X104.572 Y103.324 E568.91072
G0 F7200 X104.551 Y103.391
G0 X104.53 Y103.458
G0 X104.48 Y103.425
G0 X104.537 Y103.343
G0 X106.474 Y104.927
G0 X106.491 Y104.902
G1 F600 X106.512 Y104.833 E568.91312
G1 X106.564 Y104.868 E568.91357
G1 X106.713 Y104.969 E568.91732
G1 X106.713 Y105.039 E568.91878
G1 X106.512 Y105.039 E568.92129
G1 X106.449 Y105.039 E568.92153
G1 X106.471 Y104.966 E568.9217
G1 X106.491 Y104.902 E568.92174
G0 F7200 X106.512 Y104.833
G0 X106.564 Y104.868
G0 X106.618 Y104.905
;MESH:NONMESH
G0 X106.563 Y104.987
G0 X104.572 Y103.351
G0 X104.572 Y103.324
;TIME_ELAPSED:757.287527
;LAYER:36
;MESH:Push.stl
G0 X104.572 Y103.324 Z8.172
;TYPE:WALL-OUTER
G1 F600 X104.551 Y103.391 E568.92408
G1 X104.53 Y103.458 E568.92641
G1 X104.479 Y103.424 E568.92687
G1 X104.33 Y103.323 E568.93063
G1 X104.33 Y103.251 E568.9321
G1 X104.53 Y103.251 E568.93462
G1 X104.594 Y103.251 E568.93489
G1 X104.572 Y103.324 E568.93507
G0 F7200 X104.551 Y103.391
G0 X104.53 Y103.458
G0 X104.48 Y103.425
G0 X104.537 Y103.343
G0 X106.474 Y104.927
G0 X106.491 Y104.902
G1 F600 X106.512 Y104.833 E568.93747
G1 X106.564 Y104.868 E568.93792
G1 X106.713 Y104.969 E568.94167
G1 X106.713 Y105.039 E568.94313
G1 X106.512 Y105.039 E568.94564
G1 X106.449 Y105.039 E568.94588
G1 X106.471 Y104.966 E568.94605
G1 X106.491 Y104.902 E568.94609
G0 F7200 X106.512 Y104.833
G0 X106.564 Y104.868
G0 X106.618 Y104.905
;MESH:NONMESH
G0 X106.563 Y104.987
G0 X104.572 Y103.351
G0 X104.572 Y103.324
;TIME_ELAPSED:757.655835
;LAYER:37
;MESH:Push.stl
G0 X104.572 Y103.324 Z8.372
;TYPE:WALL-OUTER
G1 F600 X104.551 Y103.391 E568.94843
G1 X104.53 Y103.458 E568.95076
G1 X104.479 Y103.424 E568.95122
G1 X104.33 Y103.323 E568.95498
G1 X104.33 Y103.251 E568.95645
G1 X104.53 Y103.251 E568.95897
G1 X104.594 Y103.251 E568.95923
G1 X104.572 Y103.324 E568.95942
G0 F7200 X104.551 Y103.391
G0 X104.53 Y103.458
G0 X104.48 Y103.425
G0 X104.537 Y103.343
G0 X106.474 Y104.927
G0 X106.491 Y104.902
G1 F600 X106.512 Y104.833 E568.96182
G1 X106.564 Y104.868 E568.96227
G1 X106.713 Y104.969 E568.96602
G1 X106.713 Y105.039 E568.96748
G1 X106.512 Y105.039 E568.96999
G1 X106.449 Y105.039 E568.97023
G1 X106.471 Y104.966 E568.9704
G1 X106.491 Y104.902 E568.97044
G0 F7200 X106.512 Y104.833
G0 X106.564 Y104.868
G0 X106.618 Y104.905
;TIME_ELAPSED:757.973634
M140 S0
M107
M104 S0
M140 S0
;Retract the filament
G92 E1
G1 E-1 F300
G28 X0 Y0
M84
M82 ;absolute extrusion mode
M104 S0
;End of Gcode
;SETTING_3 {"global_quality": "[general]\\nversion = 4\\nname = goofoo Mido Defa
;SETTING_3 ult\\ndefinition = goofoo_mido\\n\\n[metadata]\\nsetting_version = 5\
;SETTING_3 \ntype = quality_changes\\nquality_type = normal\\n\\n[values]\\nadhe
;SETTING_3 sion_type = raft\\ndefault_material_bed_temperature = 35\\nlayer_heig
;SETTING_3 ht = 0.2\\nlayer_height_0 = 0.01\\nmaterial_bed_temperature = 30\\nma
;SETTING_3 terial_bed_temperature_layer_0 = 35\\n\\n", "extruder_quality": ["[ge
;SETTING_3 neral]\\nversion = 4\\nname = goofoo Mido Default\\ndefinition = goof
;SETTING_3 oo_mido\\n\\n[metadata]\\nposition = 0\\nsetting_version = 5\\ntype =
;SETTING_3  quality_changes\\nquality_type = normal\\n\\n[values]\\ndefault_mate
;SETTING_3 rial_print_temperature = 198.0\\nraft_airgap = 0.5\\nretract_at_layer
;SETTING_3 _change = True\\nretraction_enable = False\\nspeed_travel = =speed_pr
;SETTING_3 int if magic_spiralize else 120\\nspeed_wall = =speed_print / 2\\nspe
;SETTING_3 ed_wall_0 = =speed_wall\\ntop_bottom_thickness = 1.2\\nwall_thickness
;SETTING_3  = 1.2\\n\\n"]}
